{
"type": "FeatureCollection",
"name": "505network_nodes",
"crs": { "type": "name", "properties": { "name": "urn:ogc:def:crs:OGC:1.3:CRS84" } },
"features": [
{ "type": "Feature", "properties": { "name": "Swindon", "ref:crs": "SWI", "ref": null, "id": 0 }, "geometry": { "type": "Point", "coordinates": [ -1.7858762, 51.565652599999986 ] } },
{ "type": "Feature", "properties": { "name": "Royston", "ref:crs": "RYS", "ref": null, "id": 1 }, "geometry": { "type": "Point", "coordinates": [ -0.0269749, 52.0532089 ] } },
{ "type": "Feature", "properties": { "name": "Beaulieu Road", "ref:crs": "BEU", "ref": null, "id": 2 }, "geometry": { "type": "Point", "coordinates": [ -1.5049707, 50.8550478 ] } },
{ "type": "Feature", "properties": { "name": "Sway", "ref:crs": "SWY", "ref": null, "id": 3 }, "geometry": { "type": "Point", "coordinates": [ -1.6099505, 50.7847131 ] } },
{ "type": "Feature", "properties": { "name": "New Milton", "ref:crs": "NWM", "ref": null, "id": 4 }, "geometry": { "type": "Point", "coordinates": [ -1.6576697, 50.7557623 ] } },
{ "type": "Feature", "properties": { "name": "Canley", "ref:crs": "CNL", "ref": null, "id": 5 }, "geometry": { "type": "Point", "coordinates": [ -1.5475333, 52.3993806 ] } },
{ "type": "Feature", "properties": { "name": "Rhyl", "ref:crs": "RHL", "ref": null, "id": 6 }, "geometry": { "type": "Point", "coordinates": [ -3.4887917, 53.3181979 ] } },
{ "type": "Feature", "properties": { "name": "Sandal and Agbrigg", "ref:crs": "SNA", "ref": null, "id": 7 }, "geometry": { "type": "Point", "coordinates": [ -1.480623, 53.6628109 ] } },
{ "type": "Feature", "properties": { "name": "Wellingborough", "ref:crs": "WEL", "ref": null, "id": 8 }, "geometry": { "type": "Point", "coordinates": [ -0.6762814, 52.3037832 ] } },
{ "type": "Feature", "properties": { "name": "Ulleskelf", "ref:crs": "ULL", "ref": null, "id": 9 }, "geometry": { "type": "Point", "coordinates": [ -1.2143782, 53.853331 ] } },
{ "type": "Feature", "properties": { "name": "Adwick", "ref:crs": "AWK", "ref": null, "id": 10 }, "geometry": { "type": "Point", "coordinates": [ -1.1798897, 53.5719324 ] } },
{ "type": "Feature", "properties": { "name": "Elsecar", "ref:crs": "ELR", "ref": null, "id": 11 }, "geometry": { "type": "Point", "coordinates": [ -1.427499, 53.4986826 ] } },
{ "type": "Feature", "properties": { "name": "Dodworth", "ref:crs": "DOD", "ref": null, "id": 12 }, "geometry": { "type": "Point", "coordinates": [ -1.5320346, 53.5442059 ] } },
{ "type": "Feature", "properties": { "name": "Bursledon", "ref:crs": "BUO", "ref": null, "id": 13 }, "geometry": { "type": "Point", "coordinates": [ -1.305111, 50.8835729 ] } },
{ "type": "Feature", "properties": { "name": "Walton-on-Thames", "ref:crs": "WAL", "ref": null, "id": 14 }, "geometry": { "type": "Point", "coordinates": [ -0.4143441, 51.3729077 ] } },
{ "type": "Feature", "properties": { "name": "Erdington", "ref:crs": "ERD", "ref": null, "id": 15 }, "geometry": { "type": "Point", "coordinates": [ -1.8392253, 52.5285663 ] } },
{ "type": "Feature", "properties": { "name": "Chester Road", "ref:crs": "CRD", "ref": null, "id": 16 }, "geometry": { "type": "Point", "coordinates": [ -1.8324576, 52.5357946 ] } },
{ "type": "Feature", "properties": { "name": "Sutton Coldfield", "ref:crs": "SUT", "ref": null, "id": 17 }, "geometry": { "type": "Point", "coordinates": [ -1.8252548, 52.5647207 ] } },
{ "type": "Feature", "properties": { "name": "Gravelly Hill", "ref:crs": "GVH", "ref": null, "id": 18 }, "geometry": { "type": "Point", "coordinates": [ -1.8527077, 52.5153876 ] } },
{ "type": "Feature", "properties": { "name": "Ardwick", "ref:crs": "ADK", "ref": null, "id": 19 }, "geometry": { "type": "Point", "coordinates": [ -2.2132093, 53.4711613 ] } },
{ "type": "Feature", "properties": { "name": "Romsey", "ref:crs": "ROM", "ref": null, "id": 20 }, "geometry": { "type": "Point", "coordinates": [ -1.4932507, 50.9927043 ] } },
{ "type": "Feature", "properties": { "name": "Mottisfont & Dunbridge", "ref:crs": "DBG", "ref": null, "id": 21 }, "geometry": { "type": "Point", "coordinates": [ -1.5468958, 51.033863 ] } },
{ "type": "Feature", "properties": { "name": "Shepherd's Bush Market", "ref:crs": null, "ref": null, "id": 22 }, "geometry": { "type": "Point", "coordinates": [ -0.2263134, 51.50607 ] } },
{ "type": "Feature", "properties": { "name": "Maidenhead", "ref:crs": "MAI", "ref": null, "id": 23 }, "geometry": { "type": "Point", "coordinates": [ -0.722846, 51.5183532 ] } },
{ "type": "Feature", "properties": { "name": "West Drayton", "ref:crs": "WDT", "ref": null, "id": 24 }, "geometry": { "type": "Point", "coordinates": [ -0.4718293, 51.5097364 ] } },
{ "type": "Feature", "properties": { "name": "Finchley Central", "ref:crs": null, "ref": null, "id": 25 }, "geometry": { "type": "Point", "coordinates": [ -0.192318, 51.6008355 ] } },
{ "type": "Feature", "properties": { "name": "Hedge End", "ref:crs": "HDE", "ref": null, "id": 26 }, "geometry": { "type": "Point", "coordinates": [ -1.2944932, 50.9323988 ] } },
{ "type": "Feature", "properties": { "name": "Butlers Lane", "ref:crs": "BUL", "ref": null, "id": 27 }, "geometry": { "type": "Point", "coordinates": [ -1.8383384, 52.5925882 ] } },
{ "type": "Feature", "properties": { "name": "Kettering", "ref:crs": "KET", "ref": null, "id": 28 }, "geometry": { "type": "Point", "coordinates": [ -0.7320452, 52.3934872 ] } },
{ "type": "Feature", "properties": { "name": "Ryde St John's Road", "ref:crs": "RYR", "ref": null, "id": 29 }, "geometry": { "type": "Point", "coordinates": [ -1.1566159, 50.7241835 ] } },
{ "type": "Feature", "properties": { "name": "Brading", "ref:crs": "BDN", "ref": null, "id": 30 }, "geometry": { "type": "Point", "coordinates": [ -1.1386031, 50.6783048 ] } },
{ "type": "Feature", "properties": { "name": "Smallbrook Junction", "ref:crs": "SAB", "ref": null, "id": 31 }, "geometry": { "type": "Point", "coordinates": [ -1.1549982, 50.7114652 ] } },
{ "type": "Feature", "properties": { "name": "Havenstreet", "ref:crs": null, "ref": null, "id": 32 }, "geometry": { "type": "Point", "coordinates": [ -1.2146336, 50.7054566 ] } },
{ "type": "Feature", "properties": { "name": "Dean", "ref:crs": "DEN", "ref": null, "id": 33 }, "geometry": { "type": "Point", "coordinates": [ -1.6343927, 51.042415 ] } },
{ "type": "Feature", "properties": { "name": "Lydney", "ref:crs": "LYD", "ref": null, "id": 34 }, "geometry": { "type": "Point", "coordinates": [ -2.5304821, 51.7142815 ] } },
{ "type": "Feature", "properties": { "name": "Botley", "ref:crs": "BOE", "ref": null, "id": 35 }, "geometry": { "type": "Point", "coordinates": [ -1.2590525, 50.9163612 ] } },
{ "type": "Feature", "properties": { "name": "Culham", "ref:crs": "CUM", "ref": null, "id": 36 }, "geometry": { "type": "Point", "coordinates": [ -1.2365761, 51.6538921 ] } },
{ "type": "Feature", "properties": { "name": "Appleford", "ref:crs": "APF", "ref": null, "id": 37 }, "geometry": { "type": "Point", "coordinates": [ -1.2424741, 51.6394882 ] } },
{ "type": "Feature", "properties": { "name": "St Mary Cray", "ref:crs": "SMY", "ref": null, "id": 38 }, "geometry": { "type": "Point", "coordinates": [ 0.1057186, 51.394738 ] } },
{ "type": "Feature", "properties": { "name": "Hamble", "ref:crs": "HME", "ref": null, "id": 39 }, "geometry": { "type": "Point", "coordinates": [ -1.3289942, 50.8712423 ] } },
{ "type": "Feature", "properties": { "name": "Llandudno Junction", "ref:crs": "LLJ", "ref": null, "id": 40 }, "geometry": { "type": "Point", "coordinates": [ -3.8086287, 53.2838623 ] } },
{ "type": "Feature", "properties": { "name": "Flint", "ref:crs": "FLN", "ref": null, "id": 41 }, "geometry": { "type": "Point", "coordinates": [ -3.1324867, 53.2496833 ] } },
{ "type": "Feature", "properties": { "name": "Shotton", "ref:crs": "SHT", "ref": null, "id": 42 }, "geometry": { "type": "Point", "coordinates": [ -3.0371817, 53.213689100000011 ] } },
{ "type": "Feature", "properties": { "name": "Acton Bridge", "ref:crs": "ACB", "ref": null, "id": 43 }, "geometry": { "type": "Point", "coordinates": [ -2.602769, 53.2662973 ] } },
{ "type": "Feature", "properties": { "name": "Carlisle", "ref:crs": "CAR", "ref": null, "id": 44 }, "geometry": { "type": "Point", "coordinates": [ -2.9329194, 54.8905816 ] } },
{ "type": "Feature", "properties": { "name": "Carluke", "ref:crs": "CLU", "ref": null, "id": 45 }, "geometry": { "type": "Point", "coordinates": [ -3.8489042, 55.731118 ] } },
{ "type": "Feature", "properties": { "name": "Newton", "ref:crs": "NTN", "ref": null, "id": 46 }, "geometry": { "type": "Point", "coordinates": [ -4.1335767, 55.8188409 ] } },
{ "type": "Feature", "properties": { "name": "Combe", "ref:crs": "CME", "ref": null, "id": 47 }, "geometry": { "type": "Point", "coordinates": [ -1.3939977, 51.8326251 ] } },
{ "type": "Feature", "properties": { "name": "Shipton", "ref:crs": "SIP", "ref": null, "id": 48 }, "geometry": { "type": "Point", "coordinates": [ -1.5926475, 51.8659832 ] } },
{ "type": "Feature", "properties": { "name": "Finstock", "ref:crs": "FIN", "ref": null, "id": 49 }, "geometry": { "type": "Point", "coordinates": [ -1.4696045, 51.8528179 ] } },
{ "type": "Feature", "properties": { "name": "Portchester", "ref:crs": "PTC", "ref": null, "id": 50 }, "geometry": { "type": "Point", "coordinates": [ -1.125024, 50.8488504 ] } },
{ "type": "Feature", "properties": { "name": "Alresford", "ref:crs": null, "ref": null, "id": 51 }, "geometry": { "type": "Point", "coordinates": [ -1.1610285, 51.0883048 ] } },
{ "type": "Feature", "properties": { "name": "Pickering", "ref:crs": null, "ref": null, "id": 52 }, "geometry": { "type": "Point", "coordinates": [ -0.7784454, 54.247269499999973 ] } },
{ "type": "Feature", "properties": { "name": "Levisham", "ref:crs": null, "ref": null, "id": 53 }, "geometry": { "type": "Point", "coordinates": [ -0.7443884, 54.3082776 ] } },
{ "type": "Feature", "properties": { "name": "Newton Dale Halt", "ref:crs": null, "ref": null, "id": 54 }, "geometry": { "type": "Point", "coordinates": [ -0.7175713, 54.342469199999989 ] } },
{ "type": "Feature", "properties": { "name": "Goathland", "ref:crs": null, "ref": null, "id": 55 }, "geometry": { "type": "Point", "coordinates": [ -0.7120943, 54.4005905 ] } },
{ "type": "Feature", "properties": { "name": "Grosmont", "ref:crs": "GMT", "ref": null, "id": 56 }, "geometry": { "type": "Point", "coordinates": [ -0.7248771, 54.4366677 ] } },
{ "type": "Feature", "properties": { "name": "Settle", "ref:crs": "SET", "ref": null, "id": 57 }, "geometry": { "type": "Point", "coordinates": [ -2.2808342, 54.0669551 ] } },
{ "type": "Feature", "properties": { "name": "Water Orton", "ref:crs": "WTO", "ref": null, "id": 58 }, "geometry": { "type": "Point", "coordinates": [ -1.743655, 52.5185309 ] } },
{ "type": "Feature", "properties": { "name": "Mill Hill Broadway", "ref:crs": "MIL", "ref": null, "id": 59 }, "geometry": { "type": "Point", "coordinates": [ -0.2488001, 51.612668899999989 ] } },
{ "type": "Feature", "properties": { "name": "Catford", "ref:crs": "CTF", "ref": null, "id": 60 }, "geometry": { "type": "Point", "coordinates": [ -0.0261521, 51.4444696 ] } },
{ "type": "Feature", "properties": { "name": "Cosham", "ref:crs": "CSA", "ref": null, "id": 61 }, "geometry": { "type": "Point", "coordinates": [ -1.0673875, 50.8418849 ] } },
{ "type": "Feature", "properties": { "name": "Ellesmere Port", "ref:crs": "ELP", "ref": null, "id": 62 }, "geometry": { "type": "Point", "coordinates": [ -2.8960456, 53.2821114 ] } },
{ "type": "Feature", "properties": { "name": "Corfe Castle", "ref:crs": null, "ref": null, "id": 63 }, "geometry": { "type": "Point", "coordinates": [ -2.0549484, 50.6382716 ] } },
{ "type": "Feature", "properties": { "name": "Harman's Cross", "ref:crs": null, "ref": null, "id": 64 }, "geometry": { "type": "Point", "coordinates": [ -2.0265551, 50.6197911 ] } },
{ "type": "Feature", "properties": { "name": "Herston Halt", "ref:crs": null, "ref": null, "id": 65 }, "geometry": { "type": "Point", "coordinates": [ -1.9804011, 50.6130644 ] } },
{ "type": "Feature", "properties": { "name": "Littlehaven", "ref:crs": "LVN", "ref": null, "id": 66 }, "geometry": { "type": "Point", "coordinates": [ -0.3085216, 51.0793769 ] } },
{ "type": "Feature", "properties": { "name": "Faygate", "ref:crs": "FGT", "ref": null, "id": 67 }, "geometry": { "type": "Point", "coordinates": [ -0.2630067, 51.0959458 ] } },
{ "type": "Feature", "properties": { "name": "Ifield", "ref:crs": "IFI", "ref": null, "id": 68 }, "geometry": { "type": "Point", "coordinates": [ -0.2144647, 51.1155376 ] } },
{ "type": "Feature", "properties": { "name": "Gatwick Airport", "ref:crs": "GTW", "ref": null, "id": 69 }, "geometry": { "type": "Point", "coordinates": [ -0.1609224, 51.1567346 ] } },
{ "type": "Feature", "properties": { "name": "Hassocks", "ref:crs": "HSK", "ref": null, "id": 70 }, "geometry": { "type": "Point", "coordinates": [ -0.1457168, 50.9247179 ] } },
{ "type": "Feature", "properties": { "name": "Islip", "ref:crs": "ISP", "ref": null, "id": 71 }, "geometry": { "type": "Point", "coordinates": [ -1.2376466, 51.826163 ] } },
{ "type": "Feature", "properties": { "name": "Bicester Village", "ref:crs": "BIT", "ref": null, "id": 72 }, "geometry": { "type": "Point", "coordinates": [ -1.1493759, 51.8924126 ] } },
{ "type": "Feature", "properties": { "name": "Sloane Square", "ref:crs": null, "ref": null, "id": 73 }, "geometry": { "type": "Point", "coordinates": [ -0.1558767, 51.4922264 ] } },
{ "type": "Feature", "properties": { "name": "Wokingham", "ref:crs": "WKM", "ref": null, "id": 74 }, "geometry": { "type": "Point", "coordinates": [ -0.8429813, 51.4119036 ] } },
{ "type": "Feature", "properties": { "name": "Blackwater", "ref:crs": "BAW", "ref": null, "id": 75 }, "geometry": { "type": "Point", "coordinates": [ -0.776776, 51.3315657 ] } },
{ "type": "Feature", "properties": { "name": "Ascott-under-Wychwood", "ref:crs": "AUW", "ref": null, "id": 76 }, "geometry": { "type": "Point", "coordinates": [ -1.5639687, 51.8674576 ] } },
{ "type": "Feature", "properties": { "name": "Cheltenham Racecourse", "ref:crs": null, "ref": null, "id": 77 }, "geometry": { "type": "Point", "coordinates": [ -2.0678139, 51.924330599999983 ] } },
{ "type": "Feature", "properties": { "name": "Netley", "ref:crs": "NTL", "ref": null, "id": 78 }, "geometry": { "type": "Point", "coordinates": [ -1.3416249, 50.8749 ] } },
{ "type": "Feature", "properties": { "name": "Helsby", "ref:crs": "HSB", "ref": null, "id": 79 }, "geometry": { "type": "Point", "coordinates": [ -2.7711482, 53.2752889 ] } },
{ "type": "Feature", "properties": { "name": "Patchway", "ref:crs": "PWY", "ref": null, "id": 80 }, "geometry": { "type": "Point", "coordinates": [ -2.5623447, 51.5258271 ] } },
{ "type": "Feature", "properties": { "name": "Hinton Admiral", "ref:crs": "HNA", "ref": null, "id": 81 }, "geometry": { "type": "Point", "coordinates": [ -1.7136258, 50.752603 ] } },
{ "type": "Feature", "properties": { "name": "Yate", "ref:crs": "YAE", "ref": null, "id": 82 }, "geometry": { "type": "Point", "coordinates": [ -2.4321734, 51.5413993 ] } },
{ "type": "Feature", "properties": { "name": "Fratton", "ref:crs": "FTN", "ref": null, "id": 83 }, "geometry": { "type": "Point", "coordinates": [ -1.0732559, 50.7964461 ] } },
{ "type": "Feature", "properties": { "name": "Bicester North", "ref:crs": "BCS", "ref": null, "id": 84 }, "geometry": { "type": "Point", "coordinates": [ -1.149781, 51.9032906 ] } },
{ "type": "Feature", "properties": { "name": "Gomshall", "ref:crs": "GOM", "ref": null, "id": 85 }, "geometry": { "type": "Point", "coordinates": [ -0.4422487, 51.2192418 ] } },
{ "type": "Feature", "properties": { "name": "Trowbridge", "ref:crs": "TRO", "ref": null, "id": 86 }, "geometry": { "type": "Point", "coordinates": [ -2.2143313, 51.3200055 ] } },
{ "type": "Feature", "properties": { "name": "Ashurst", "ref:crs": "AHS", "ref": null, "id": 87 }, "geometry": { "type": "Point", "coordinates": [ 0.1526024, 51.1284231 ] } },
{ "type": "Feature", "properties": { "name": "Cyprus", "ref:crs": null, "ref": null, "id": 88 }, "geometry": { "type": "Point", "coordinates": [ 0.0639692, 51.5084776 ] } },
{ "type": "Feature", "properties": { "name": "Wimbledon", "ref:crs": "WIM", "ref": null, "id": 89 }, "geometry": { "type": "Point", "coordinates": [ -0.2052902, 51.4220721 ] } },
{ "type": "Feature", "properties": { "name": "Caldicot", "ref:crs": "CDT", "ref": null, "id": 90 }, "geometry": { "type": "Point", "coordinates": [ -2.7597685, 51.5845063 ] } },
{ "type": "Feature", "properties": { "name": "Stamford", "ref:crs": "SMD", "ref": null, "id": 91 }, "geometry": { "type": "Point", "coordinates": [ -0.4800873, 52.647832 ] } },
{ "type": "Feature", "properties": { "name": "Mansion House", "ref:crs": null, "ref": "ZMH", "id": 92 }, "geometry": { "type": "Point", "coordinates": [ -0.0952228, 51.5118924 ] } },
{ "type": "Feature", "properties": { "name": "Narborough", "ref:crs": "NBR", "ref": null, "id": 93 }, "geometry": { "type": "Point", "coordinates": [ -1.2028067, 52.5713504 ] } },
{ "type": "Feature", "properties": { "name": "Oxenhope", "ref:crs": null, "ref": null, "id": 94 }, "geometry": { "type": "Point", "coordinates": [ -1.9524816, 53.8149218 ] } },
{ "type": "Feature", "properties": { "name": "Northolt Park", "ref:crs": "NLT", "ref": null, "id": 95 }, "geometry": { "type": "Point", "coordinates": [ -0.3592754, 51.5575208 ] } },
{ "type": "Feature", "properties": { "name": "North Harrow", "ref:crs": null, "ref": null, "id": 96 }, "geometry": { "type": "Point", "coordinates": [ -0.3631762, 51.5851618 ] } },
{ "type": "Feature", "properties": { "name": "Penshurst", "ref:crs": "PHR", "ref": null, "id": 97 }, "geometry": { "type": "Point", "coordinates": [ 0.1731809, 51.1972733 ] } },
{ "type": "Feature", "properties": { "name": "Pokesdown", "ref:crs": "POK", "ref": null, "id": 98 }, "geometry": { "type": "Point", "coordinates": [ -1.8267335, 50.7311874 ] } },
{ "type": "Feature", "properties": { "name": "Parkstone", "ref:crs": "PKS", "ref": null, "id": 99 }, "geometry": { "type": "Point", "coordinates": [ -1.9478482, 50.7229607 ] } },
{ "type": "Feature", "properties": { "name": "Branksome", "ref:crs": "BSM", "ref": null, "id": 100 }, "geometry": { "type": "Point", "coordinates": [ -1.9196847, 50.7269847 ] } },
{ "type": "Feature", "properties": { "name": "Poole", "ref:crs": "POO", "ref": null, "id": 101 }, "geometry": { "type": "Point", "coordinates": [ -1.9836745, 50.7189814 ] } },
{ "type": "Feature", "properties": { "name": "Holton Heath", "ref:crs": "HOL", "ref": null, "id": 102 }, "geometry": { "type": "Point", "coordinates": [ -2.077724, 50.7114998 ] } },
{ "type": "Feature", "properties": { "name": "Milford Haven", "ref:crs": "MFH", "ref": null, "id": 103 }, "geometry": { "type": "Point", "coordinates": [ -5.0414474, 51.7157699 ] } },
{ "type": "Feature", "properties": { "name": "Johnston", "ref:crs": "JOH", "ref": null, "id": 104 }, "geometry": { "type": "Point", "coordinates": [ -4.9967193, 51.7562757 ] } },
{ "type": "Feature", "properties": { "name": "Haverfordwest", "ref:crs": "HVF", "ref": null, "id": 105 }, "geometry": { "type": "Point", "coordinates": [ -4.960232, 51.8026795 ] } },
{ "type": "Feature", "properties": { "name": "Fishguard Harbour", "ref:crs": "FGH", "ref": null, "id": 106 }, "geometry": { "type": "Point", "coordinates": [ -4.986173, 52.0106917 ] } },
{ "type": "Feature", "properties": { "name": "Styal", "ref:crs": "SYA", "ref": null, "id": 107 }, "geometry": { "type": "Point", "coordinates": [ -2.2402077, 53.348246099999983 ] } },
{ "type": "Feature", "properties": { "name": "Chirk", "ref:crs": "CRK", "ref": null, "id": 108 }, "geometry": { "type": "Point", "coordinates": [ -3.06615, 52.9332472 ] } },
{ "type": "Feature", "properties": { "name": "Ruabon", "ref:crs": "RUA", "ref": null, "id": 109 }, "geometry": { "type": "Point", "coordinates": [ -3.0433247, 52.9872119 ] } },
{ "type": "Feature", "properties": { "name": "Bourne End", "ref:crs": "BNE", "ref": null, "id": 110 }, "geometry": { "type": "Point", "coordinates": [ -0.710798, 51.5769144 ] } },
{ "type": "Feature", "properties": { "name": "Clarbeston Road", "ref:crs": "CLR", "ref": null, "id": 111 }, "geometry": { "type": "Point", "coordinates": [ -4.8821559, 51.851741 ] } },
{ "type": "Feature", "properties": { "name": "Harrow & Wealdstone", "ref:crs": "HRW", "ref": null, "id": 112 }, "geometry": { "type": "Point", "coordinates": [ -0.3348748, 51.5922178 ] } },
{ "type": "Feature", "properties": { "name": "Kings Langley", "ref:crs": "KGL", "ref": null, "id": 113 }, "geometry": { "type": "Point", "coordinates": [ -0.4378216, 51.7064134 ] } },
{ "type": "Feature", "properties": { "name": "Clunderwen", "ref:crs": "CUW", "ref": null, "id": 114 }, "geometry": { "type": "Point", "coordinates": [ -4.7310195, 51.8401054 ] } },
{ "type": "Feature", "properties": { "name": "Whitland", "ref:crs": "WTL", "ref": null, "id": 115 }, "geometry": { "type": "Point", "coordinates": [ -4.6149893, 51.818025 ] } },
{ "type": "Feature", "properties": { "name": "Skegness", "ref:crs": "SKG", "ref": null, "id": 116 }, "geometry": { "type": "Point", "coordinates": [ 0.3345214, 53.143186699999987 ] } },
{ "type": "Feature", "properties": { "name": "Havenhouse", "ref:crs": "HVN", "ref": null, "id": 117 }, "geometry": { "type": "Point", "coordinates": [ 0.2729912, 53.1146157 ] } },
{ "type": "Feature", "properties": { "name": "Wainfleet", "ref:crs": "WFL", "ref": null, "id": 118 }, "geometry": { "type": "Point", "coordinates": [ 0.2345366, 53.105126 ] } },
{ "type": "Feature", "properties": { "name": "Boston", "ref:crs": "BSN", "ref": null, "id": 119 }, "geometry": { "type": "Point", "coordinates": [ -0.0313195, 52.978108 ] } },
{ "type": "Feature", "properties": { "name": "Reigate", "ref:crs": "REI", "ref": null, "id": 120 }, "geometry": { "type": "Point", "coordinates": [ -0.2038369, 51.2418815 ] } },
{ "type": "Feature", "properties": { "name": "Kilgetty", "ref:crs": "KGT", "ref": null, "id": 121 }, "geometry": { "type": "Point", "coordinates": [ -4.7145215, 51.7323317 ] } },
{ "type": "Feature", "properties": { "name": "Tenby", "ref:crs": "TEN", "ref": null, "id": 122 }, "geometry": { "type": "Point", "coordinates": [ -4.7067395, 51.6729708 ] } },
{ "type": "Feature", "properties": { "name": "Penally", "ref:crs": "PNA", "ref": null, "id": 123 }, "geometry": { "type": "Point", "coordinates": [ -4.7219994, 51.6589419 ] } },
{ "type": "Feature", "properties": { "name": "Manorbier", "ref:crs": "MRB", "ref": null, "id": 124 }, "geometry": { "type": "Point", "coordinates": [ -4.7927577, 51.6602508 ] } },
{ "type": "Feature", "properties": { "name": "Lamphey", "ref:crs": "LAM", "ref": null, "id": 125 }, "geometry": { "type": "Point", "coordinates": [ -4.8728813, 51.6671229 ] } },
{ "type": "Feature", "properties": { "name": "Pembroke", "ref:crs": "PMB", "ref": null, "id": 126 }, "geometry": { "type": "Point", "coordinates": [ -4.9064413, 51.673007 ] } },
{ "type": "Feature", "properties": { "name": "Wallyford", "ref:crs": "WAF", "ref": null, "id": 127 }, "geometry": { "type": "Point", "coordinates": [ -3.0147883, 55.9404591 ] } },
{ "type": "Feature", "properties": { "name": "Longniddry", "ref:crs": "LND", "ref": null, "id": 128 }, "geometry": { "type": "Point", "coordinates": [ -2.8886468, 55.9762365 ] } },
{ "type": "Feature", "properties": { "name": "Drem", "ref:crs": "DRM", "ref": null, "id": 129 }, "geometry": { "type": "Point", "coordinates": [ -2.7853021, 56.0051337 ] } },
{ "type": "Feature", "properties": { "name": "Dunbar", "ref:crs": "DUN", "ref": null, "id": 130 }, "geometry": { "type": "Point", "coordinates": [ -2.5136844, 55.9982113 ] } },
{ "type": "Feature", "properties": { "name": "North Ealing", "ref:crs": null, "ref": null, "id": 131 }, "geometry": { "type": "Point", "coordinates": [ -0.2887523, 51.5174885 ] } },
{ "type": "Feature", "properties": { "name": "St Albans Abbey", "ref:crs": "SAA", "ref": null, "id": 132 }, "geometry": { "type": "Point", "coordinates": [ -0.342528, 51.7446585 ] } },
{ "type": "Feature", "properties": { "name": "Park Street", "ref:crs": "PKT", "ref": null, "id": 133 }, "geometry": { "type": "Point", "coordinates": [ -0.3400687, 51.7256643 ] } },
{ "type": "Feature", "properties": { "name": "Bricket Wood", "ref:crs": "BWO", "ref": null, "id": 134 }, "geometry": { "type": "Point", "coordinates": [ -0.3591176, 51.7055662 ] } },
{ "type": "Feature", "properties": { "name": "Garston", "ref:crs": "GSN", "ref": null, "id": 135 }, "geometry": { "type": "Point", "coordinates": [ -0.3818122, 51.6865229 ] } },
{ "type": "Feature", "properties": { "name": "Watford North", "ref:crs": "WFN", "ref": null, "id": 136 }, "geometry": { "type": "Point", "coordinates": [ -0.3902879, 51.6750417 ] } },
{ "type": "Feature", "properties": { "name": "How Wood", "ref:crs": "HWW", "ref": null, "id": 137 }, "geometry": { "type": "Point", "coordinates": [ -0.3446753, 51.7176358 ] } },
{ "type": "Feature", "properties": { "name": "Carmarthen", "ref:crs": "CMN", "ref": null, "id": 138 }, "geometry": { "type": "Point", "coordinates": [ -4.3057649, 51.8533058 ] } },
{ "type": "Feature", "properties": { "name": "Alnmouth", "ref:crs": "ALM", "ref": null, "id": 139 }, "geometry": { "type": "Point", "coordinates": [ -1.6367716, 55.392793 ] } },
{ "type": "Feature", "properties": { "name": "Berwick-upon-Tweed", "ref:crs": "BWK", "ref": null, "id": 140 }, "geometry": { "type": "Point", "coordinates": [ -2.0105423, 55.7745555 ] } },
{ "type": "Feature", "properties": { "name": "Chathill", "ref:crs": "CHT", "ref": null, "id": 141 }, "geometry": { "type": "Point", "coordinates": [ -1.7066521, 55.5367261 ] } },
{ "type": "Feature", "properties": { "name": "Loughborough Central", "ref:crs": null, "ref": null, "id": 142 }, "geometry": { "type": "Point", "coordinates": [ -1.1959184, 52.7690651 ] } },
{ "type": "Feature", "properties": { "name": "Pembrey and Burry Port", "ref:crs": "PBY", "ref": null, "id": 143 }, "geometry": { "type": "Point", "coordinates": [ -4.2489624, 51.6840593 ] } },
{ "type": "Feature", "properties": { "name": "Kidwelly", "ref:crs": "KWL", "ref": null, "id": 144 }, "geometry": { "type": "Point", "coordinates": [ -4.3176545, 51.7343994 ] } },
{ "type": "Feature", "properties": { "name": "Llanelli", "ref:crs": "LLE", "ref": null, "id": 145 }, "geometry": { "type": "Point", "coordinates": [ -4.1610727, 51.6737797 ] } },
{ "type": "Feature", "properties": { "name": "Ferryside", "ref:crs": "FYS", "ref": null, "id": 146 }, "geometry": { "type": "Point", "coordinates": [ -4.3695963, 51.7682462 ] } },
{ "type": "Feature", "properties": { "name": "Port Talbot Parkway", "ref:crs": "PTA", "ref": null, "id": 147 }, "geometry": { "type": "Point", "coordinates": [ -3.7817162, 51.5924394 ] } },
{ "type": "Feature", "properties": { "name": "Briton Ferry", "ref:crs": "BNF", "ref": null, "id": 148 }, "geometry": { "type": "Point", "coordinates": [ -3.8199507, 51.6381644 ] } },
{ "type": "Feature", "properties": { "name": "Bridgend", "ref:crs": "BGN", "ref": null, "id": 149 }, "geometry": { "type": "Point", "coordinates": [ -3.5752586, 51.5071098 ] } },
{ "type": "Feature", "properties": { "name": "Pyle", "ref:crs": "PYL", "ref": null, "id": 150 }, "geometry": { "type": "Point", "coordinates": [ -3.6976297, 51.525332099999986 ] } },
{ "type": "Feature", "properties": { "name": "Llanharan", "ref:crs": "LLR", "ref": null, "id": 151 }, "geometry": { "type": "Point", "coordinates": [ -3.4416549, 51.5376296 ] } },
{ "type": "Feature", "properties": { "name": "Pontyclun", "ref:crs": "PYC", "ref": null, "id": 152 }, "geometry": { "type": "Point", "coordinates": [ -3.3920553, 51.5238395 ] } },
{ "type": "Feature", "properties": { "name": "Aberystwyth", "ref:crs": "AYW", "ref": null, "id": 153 }, "geometry": { "type": "Point", "coordinates": [ -4.0815468, 52.4138938 ] } },
{ "type": "Feature", "properties": { "name": "Borth", "ref:crs": "BRH", "ref": null, "id": 154 }, "geometry": { "type": "Point", "coordinates": [ -4.0496662, 52.4909831 ] } },
{ "type": "Feature", "properties": { "name": "Cyffordd Dyfi / Dovey Junction", "ref:crs": "DVY", "ref": null, "id": 155 }, "geometry": { "type": "Point", "coordinates": [ -3.9237919, 52.564764 ] } },
{ "type": "Feature", "properties": { "name": "Machynlleth", "ref:crs": "MCN", "ref": null, "id": 156 }, "geometry": { "type": "Point", "coordinates": [ -3.8548131, 52.5951801 ] } },
{ "type": "Feature", "properties": { "name": "Brighton", "ref:crs": "BTN", "ref": null, "id": 157 }, "geometry": { "type": "Point", "coordinates": [ -0.1407393, 50.8288602 ] } },
{ "type": "Feature", "properties": { "name": "Caersws", "ref:crs": "CWS", "ref": null, "id": 158 }, "geometry": { "type": "Point", "coordinates": [ -3.4325855, 52.516153799999984 ] } },
{ "type": "Feature", "properties": { "name": "Newtown", "ref:crs": "NWT", "ref": null, "id": 159 }, "geometry": { "type": "Point", "coordinates": [ -3.3114829, 52.5122378 ] } },
{ "type": "Feature", "properties": { "name": "Welshpool", "ref:crs": "WLP", "ref": null, "id": 160 }, "geometry": { "type": "Point", "coordinates": [ -3.1394424, 52.6580323 ] } },
{ "type": "Feature", "properties": { "name": "Dullingham", "ref:crs": "DUL", "ref": null, "id": 161 }, "geometry": { "type": "Point", "coordinates": [ 0.3658792, 52.2015139 ] } },
{ "type": "Feature", "properties": { "name": "MetroCentre", "ref:crs": "MCE", "ref": null, "id": 162 }, "geometry": { "type": "Point", "coordinates": [ -1.664932, 54.9588888 ] } },
{ "type": "Feature", "properties": { "name": "Armathwaite", "ref:crs": "AWT", "ref": null, "id": 163 }, "geometry": { "type": "Point", "coordinates": [ -2.7720801, 54.809435 ] } },
{ "type": "Feature", "properties": { "name": "Lazonby and Kirkoswald", "ref:crs": "LZB", "ref": null, "id": 164 }, "geometry": { "type": "Point", "coordinates": [ -2.7036908, 54.7508153 ] } },
{ "type": "Feature", "properties": { "name": "Langwathby", "ref:crs": "LGW", "ref": null, "id": 165 }, "geometry": { "type": "Point", "coordinates": [ -2.6635574, 54.6943632 ] } },
{ "type": "Feature", "properties": { "name": "Garsdale", "ref:crs": "GSD", "ref": null, "id": 166 }, "geometry": { "type": "Point", "coordinates": [ -2.3263682, 54.3214617 ] } },
{ "type": "Feature", "properties": { "name": "Dent", "ref:crs": "DNT", "ref": null, "id": 167 }, "geometry": { "type": "Point", "coordinates": [ -2.3636343, 54.2825661 ] } },
{ "type": "Feature", "properties": { "name": "Ribblehead", "ref:crs": "RHD", "ref": "RHD", "id": 168 }, "geometry": { "type": "Point", "coordinates": [ -2.3603709, 54.2054988 ] } },
{ "type": "Feature", "properties": { "name": "Horton-in-Ribblesdale", "ref:crs": "HIR", "ref": null, "id": 169 }, "geometry": { "type": "Point", "coordinates": [ -2.3020982, 54.149217 ] } },
{ "type": "Feature", "properties": { "name": "Preston Park", "ref:crs": "PRP", "ref": null, "id": 170 }, "geometry": { "type": "Point", "coordinates": [ -0.1553443, 50.8460091 ] } },
{ "type": "Feature", "properties": { "name": "Baldock", "ref:crs": "BDK", "ref": null, "id": 171 }, "geometry": { "type": "Point", "coordinates": [ -0.1875624, 51.9929714 ] } },
{ "type": "Feature", "properties": { "name": "Hatton", "ref:crs": "HTN", "ref": null, "id": 172 }, "geometry": { "type": "Point", "coordinates": [ -1.6729068, 52.2952126 ] } },
{ "type": "Feature", "properties": { "name": "Lapworth", "ref:crs": "LPW", "ref": null, "id": 173 }, "geometry": { "type": "Point", "coordinates": [ -1.7257883, 52.3417839 ] } },
{ "type": "Feature", "properties": { "name": "Dorridge", "ref:crs": "DDG", "ref": null, "id": 174 }, "geometry": { "type": "Point", "coordinates": [ -1.7527829, 52.371881699999975 ] } },
{ "type": "Feature", "properties": { "name": "Widney Manor", "ref:crs": "WMR", "ref": null, "id": 175 }, "geometry": { "type": "Point", "coordinates": [ -1.7743426, 52.3962802 ] } },
{ "type": "Feature", "properties": { "name": "Solihull", "ref:crs": "SOL", "ref": null, "id": 176 }, "geometry": { "type": "Point", "coordinates": [ -1.7888672, 52.414628599999986 ] } },
{ "type": "Feature", "properties": { "name": "Bordesley", "ref:crs": "BBS", "ref": null, "id": 177 }, "geometry": { "type": "Point", "coordinates": [ -1.877661, 52.4722127 ] } },
{ "type": "Feature", "properties": { "name": "Birmingham Snow Hill", "ref:crs": "BSW", "ref": null, "id": 178 }, "geometry": { "type": "Point", "coordinates": [ -1.8992405, 52.48347960000001 ] } },
{ "type": "Feature", "properties": { "name": "Rugby", "ref:crs": "RUG", "ref": null, "id": 179 }, "geometry": { "type": "Point", "coordinates": [ -1.2502743, 52.3790353 ] } },
{ "type": "Feature", "properties": { "name": "Watford High Street", "ref:crs": "WFH", "ref": null, "id": 180 }, "geometry": { "type": "Point", "coordinates": [ -0.3924982, 51.6522296 ] } },
{ "type": "Feature", "properties": { "name": "Fenny Stratford", "ref:crs": "FEN", "ref": null, "id": 181 }, "geometry": { "type": "Point", "coordinates": [ -0.7179834, 51.9999805 ] } },
{ "type": "Feature", "properties": { "name": "Staveley", "ref:crs": "SVL", "ref": null, "id": 182 }, "geometry": { "type": "Point", "coordinates": [ -2.8190719, 54.375618399999972 ] } },
{ "type": "Feature", "properties": { "name": "Monks Risborough", "ref:crs": "MRS", "ref": null, "id": 183 }, "geometry": { "type": "Point", "coordinates": [ -0.8293176, 51.7358193 ] } },
{ "type": "Feature", "properties": { "name": "Haddenham and Thame Parkway", "ref:crs": "HDM", "ref": null, "id": 184 }, "geometry": { "type": "Point", "coordinates": [ -0.9420743, 51.7709259 ] } },
{ "type": "Feature", "properties": { "name": "Saunderton", "ref:crs": "SDR", "ref": null, "id": 185 }, "geometry": { "type": "Point", "coordinates": [ -0.8253668, 51.6758974 ] } },
{ "type": "Feature", "properties": { "name": "Gerrards Cross", "ref:crs": "GER", "ref": null, "id": 186 }, "geometry": { "type": "Point", "coordinates": [ -0.5549256, 51.5887853 ] } },
{ "type": "Feature", "properties": { "name": "Denham Golf Club", "ref:crs": "DGC", "ref": null, "id": 187 }, "geometry": { "type": "Point", "coordinates": [ -0.5181943, 51.5806166 ] } },
{ "type": "Feature", "properties": { "name": "Denham", "ref:crs": "DNM", "ref": null, "id": 188 }, "geometry": { "type": "Point", "coordinates": [ -0.4975242, 51.5787242 ] } },
{ "type": "Feature", "properties": { "name": "Ruislip Gardens", "ref:crs": null, "ref": null, "id": 189 }, "geometry": { "type": "Point", "coordinates": [ -0.4104614, 51.5606573 ] } },
{ "type": "Feature", "properties": { "name": "Tipton", "ref:crs": "TIP", "ref": null, "id": 190 }, "geometry": { "type": "Point", "coordinates": [ -2.0658025, 52.530539 ] } },
{ "type": "Feature", "properties": { "name": "Wendover", "ref:crs": "WND", "ref": null, "id": 191 }, "geometry": { "type": "Point", "coordinates": [ -0.7476905, 51.7618168 ] } },
{ "type": "Feature", "properties": { "name": "Great Missenden", "ref:crs": "GMN", "ref": null, "id": 192 }, "geometry": { "type": "Point", "coordinates": [ -0.7092458, 51.7033896 ] } },
{ "type": "Feature", "properties": { "name": "Smethwick Rolfe Street", "ref:crs": "SMR", "ref": null, "id": 193 }, "geometry": { "type": "Point", "coordinates": [ -1.9693723, 52.4962685 ] } },
{ "type": "Feature", "properties": { "name": "South Kenton", "ref:crs": "SOK", "ref": null, "id": 194 }, "geometry": { "type": "Point", "coordinates": [ -0.3085107, 51.5703076 ] } },
{ "type": "Feature", "properties": { "name": "North Wembley", "ref:crs": "NWB", "ref": null, "id": 195 }, "geometry": { "type": "Point", "coordinates": [ -0.3038698, 51.562401699999988 ] } },
{ "type": "Feature", "properties": { "name": "Lichfield City", "ref:crs": "LIC", "ref": null, "id": 196 }, "geometry": { "type": "Point", "coordinates": [ -1.8251247, 52.6802201 ] } },
{ "type": "Feature", "properties": { "name": "Rugeley Town", "ref:crs": "RGT", "ref": null, "id": 197 }, "geometry": { "type": "Point", "coordinates": [ -1.9371251, 52.7545973 ] } },
{ "type": "Feature", "properties": { "name": "Minffordd", "ref:crs": "MFF", "ref": null, "id": 198 }, "geometry": { "type": "Point", "coordinates": [ -4.0849642, 52.926018299999988 ] } },
{ "type": "Feature", "properties": { "name": "Talsarnau", "ref:crs": "TAL", "ref": null, "id": 199 }, "geometry": { "type": "Point", "coordinates": [ -4.068266, 52.9044005 ] } },
{ "type": "Feature", "properties": { "name": "Pensarn", "ref:crs": "PES", "ref": null, "id": 200 }, "geometry": { "type": "Point", "coordinates": [ -4.1111125, 52.830309 ] } },
{ "type": "Feature", "properties": { "name": "Dyffryn Ardudwy", "ref:crs": "DYF", "ref": null, "id": 201 }, "geometry": { "type": "Point", "coordinates": [ -4.1046518, 52.788316199999983 ] } },
{ "type": "Feature", "properties": { "name": "Morfa Mawddach", "ref:crs": "MFA", "ref": null, "id": 202 }, "geometry": { "type": "Point", "coordinates": [ -4.0316284, 52.7077447 ] } },
{ "type": "Feature", "properties": { "name": "Fairbourne", "ref:crs": "FRB", "ref": null, "id": 203 }, "geometry": { "type": "Point", "coordinates": [ -4.0490344, 52.6959804 ] } },
{ "type": "Feature", "properties": { "name": "Llwyngwril", "ref:crs": "LLW", "ref": null, "id": 204 }, "geometry": { "type": "Point", "coordinates": [ -4.0877711, 52.6668265 ] } },
{ "type": "Feature", "properties": { "name": "Aberdyfi", "ref:crs": "AVY", "ref": null, "id": 205 }, "geometry": { "type": "Point", "coordinates": [ -4.0563163, 52.5443486 ] } },
{ "type": "Feature", "properties": { "name": "Penhelyg", "ref:crs": "PHG", "ref": null, "id": 206 }, "geometry": { "type": "Point", "coordinates": [ -4.0352142, 52.5456566 ] } },
{ "type": "Feature", "properties": { "name": "Alsager", "ref:crs": "ASG", "ref": null, "id": 207 }, "geometry": { "type": "Point", "coordinates": [ -2.2988432, 53.0930252 ] } },
{ "type": "Feature", "properties": { "name": "Barnt Green", "ref:crs": "BTG", "ref": null, "id": 208 }, "geometry": { "type": "Point", "coordinates": [ -1.9924997, 52.360970199999983 ] } },
{ "type": "Feature", "properties": { "name": "Droitwich Spa", "ref:crs": "DTW", "ref": null, "id": 209 }, "geometry": { "type": "Point", "coordinates": [ -2.1583391, 52.2683805 ] } },
{ "type": "Feature", "properties": { "name": "Penkridge", "ref:crs": "PKG", "ref": null, "id": 210 }, "geometry": { "type": "Point", "coordinates": [ -2.1193938, 52.723696500000017 ] } },
{ "type": "Feature", "properties": { "name": "Bescot Stadium", "ref:crs": "BSC", "ref": null, "id": 211 }, "geometry": { "type": "Point", "coordinates": [ -1.9909844, 52.5630075 ] } },
{ "type": "Feature", "properties": { "name": "Tame Bridge Parkway", "ref:crs": "TAB", "ref": null, "id": 212 }, "geometry": { "type": "Point", "coordinates": [ -1.9759632, 52.5522427 ] } },
{ "type": "Feature", "properties": { "name": "Perry Barr", "ref:crs": "PRY", "ref": null, "id": 213 }, "geometry": { "type": "Point", "coordinates": [ -1.9023511, 52.516406 ] } },
{ "type": "Feature", "properties": { "name": "Arlesey", "ref:crs": "ARL", "ref": null, "id": 214 }, "geometry": { "type": "Point", "coordinates": [ -0.266464, 52.0258212 ] } },
{ "type": "Feature", "properties": { "name": "Doleham", "ref:crs": "DLH", "ref": null, "id": 215 }, "geometry": { "type": "Point", "coordinates": [ 0.6100124, 50.9186255 ] } },
{ "type": "Feature", "properties": { "name": "Hastings", "ref:crs": "HGS", "ref": null, "id": 216 }, "geometry": { "type": "Point", "coordinates": [ 0.5768255, 50.8583028 ] } },
{ "type": "Feature", "properties": { "name": "Weston Milton", "ref:crs": "WNM", "ref": null, "id": 217 }, "geometry": { "type": "Point", "coordinates": [ -2.9428878, 51.348402 ] } },
{ "type": "Feature", "properties": { "name": "Yatton", "ref:crs": "YAT", "ref": null, "id": 218 }, "geometry": { "type": "Point", "coordinates": [ -2.8277046, 51.3908826 ] } },
{ "type": "Feature", "properties": { "name": "Weston-super-Mare", "ref:crs": "WSM", "ref": null, "id": 219 }, "geometry": { "type": "Point", "coordinates": [ -2.9718305, 51.344496 ] } },
{ "type": "Feature", "properties": { "name": "Polsloe Bridge", "ref:crs": "POL", "ref": null, "id": 220 }, "geometry": { "type": "Point", "coordinates": [ -3.5021627, 50.7313015 ] } },
{ "type": "Feature", "properties": { "name": "Topsham", "ref:crs": "TOP", "ref": null, "id": 221 }, "geometry": { "type": "Point", "coordinates": [ -3.4637875, 50.685645 ] } },
{ "type": "Feature", "properties": { "name": "Exton", "ref:crs": "EXN", "ref": null, "id": 222 }, "geometry": { "type": "Point", "coordinates": [ -3.4440694, 50.66803250000001 ] } },
{ "type": "Feature", "properties": { "name": "Lympstone Commando", "ref:crs": "LYC", "ref": null, "id": 223 }, "geometry": { "type": "Point", "coordinates": [ -3.4409796, 50.6625937 ] } },
{ "type": "Feature", "properties": { "name": "Exmouth", "ref:crs": "EXM", "ref": null, "id": 224 }, "geometry": { "type": "Point", "coordinates": [ -3.4149723, 50.6215885 ] } },
{ "type": "Feature", "properties": { "name": "Malvern Link", "ref:crs": "MVL", "ref": null, "id": 225 }, "geometry": { "type": "Point", "coordinates": [ -2.3195676, 52.1258094 ] } },
{ "type": "Feature", "properties": { "name": "Shawford", "ref:crs": "SHW", "ref": null, "id": 226 }, "geometry": { "type": "Point", "coordinates": [ -1.3277225, 51.0221625 ] } },
{ "type": "Feature", "properties": { "name": "Blakedown", "ref:crs": "BKD", "ref": null, "id": 227 }, "geometry": { "type": "Point", "coordinates": [ -2.1767711, 52.4064788 ] } },
{ "type": "Feature", "properties": { "name": "Hagley", "ref:crs": "HAG", "ref": null, "id": 228 }, "geometry": { "type": "Point", "coordinates": [ -2.1465358, 52.42242670000001 ] } },
{ "type": "Feature", "properties": { "name": "Stourbridge Junction", "ref:crs": "SBJ", "ref": null, "id": 229 }, "geometry": { "type": "Point", "coordinates": [ -2.1340314, 52.4476157 ] } },
{ "type": "Feature", "properties": { "name": "Stourbridge Town", "ref:crs": "SBT", "ref": null, "id": 230 }, "geometry": { "type": "Point", "coordinates": [ -2.1418921, 52.4555918 ] } },
{ "type": "Feature", "properties": { "name": "Lye", "ref:crs": "LYE", "ref": null, "id": 231 }, "geometry": { "type": "Point", "coordinates": [ -2.1160497, 52.4599417 ] } },
{ "type": "Feature", "properties": { "name": "Cradley Heath", "ref:crs": "CRA", "ref": null, "id": 232 }, "geometry": { "type": "Point", "coordinates": [ -2.0906252, 52.4694408 ] } },
{ "type": "Feature", "properties": { "name": "Rowley Regis", "ref:crs": "ROW", "ref": null, "id": 233 }, "geometry": { "type": "Point", "coordinates": [ -2.0308221, 52.4774198 ] } },
{ "type": "Feature", "properties": { "name": "Langley Green", "ref:crs": "LGG", "ref": null, "id": 234 }, "geometry": { "type": "Point", "coordinates": [ -2.0054314, 52.4934857 ] } },
{ "type": "Feature", "properties": { "name": "Meldreth", "ref:crs": "MEL", "ref": null, "id": 235 }, "geometry": { "type": "Point", "coordinates": [ 0.0091415, 52.0908316 ] } },
{ "type": "Feature", "properties": { "name": "Bewdley", "ref:crs": null, "ref": null, "id": 236 }, "geometry": { "type": "Point", "coordinates": [ -2.3066603, 52.3757574 ] } },
{ "type": "Feature", "properties": { "name": "Northwood Halt", "ref:crs": null, "ref": null, "id": 237 }, "geometry": { "type": "Point", "coordinates": [ -2.3275672, 52.3947134 ] } },
{ "type": "Feature", "properties": { "name": "Arley", "ref:crs": null, "ref": null, "id": 238 }, "geometry": { "type": "Point", "coordinates": [ -2.3489579, 52.4172341 ] } },
{ "type": "Feature", "properties": { "name": "Hampton Loade", "ref:crs": null, "ref": null, "id": 239 }, "geometry": { "type": "Point", "coordinates": [ -2.3771557, 52.4738852 ] } },
{ "type": "Feature", "properties": { "name": "Highley", "ref:crs": null, "ref": null, "id": 240 }, "geometry": { "type": "Point", "coordinates": [ -2.3705819, 52.444908 ] } },
{ "type": "Feature", "properties": { "name": "Leagrave", "ref:crs": "LEA", "ref": null, "id": 241 }, "geometry": { "type": "Point", "coordinates": [ -0.4585987, 51.9054737 ] } },
{ "type": "Feature", "properties": { "name": "Inverness", "ref:crs": "INV", "ref": null, "id": 242 }, "geometry": { "type": "Point", "coordinates": [ -4.2227142, 57.4802331 ] } },
{ "type": "Feature", "properties": { "name": "Beauly", "ref:crs": "BEL", "ref": null, "id": 243 }, "geometry": { "type": "Point", "coordinates": [ -4.4699354, 57.478302 ] } },
{ "type": "Feature", "properties": { "name": "Swanwick", "ref:crs": "SNW", "ref": null, "id": 244 }, "geometry": { "type": "Point", "coordinates": [ -1.2657803, 50.8757233 ] } },
{ "type": "Feature", "properties": { "name": "Kemble", "ref:crs": "KEM", "ref": null, "id": 245 }, "geometry": { "type": "Point", "coordinates": [ -2.0230749, 51.67679540000001 ] } },
{ "type": "Feature", "properties": { "name": "Sudbury Hill Harrow", "ref:crs": "SDH", "ref": null, "id": 246 }, "geometry": { "type": "Point", "coordinates": [ -0.3361942, 51.558533 ] } },
{ "type": "Feature", "properties": { "name": "Stroud", "ref:crs": "STD", "ref": null, "id": 247 }, "geometry": { "type": "Point", "coordinates": [ -2.2192353, 51.7445273 ] } },
{ "type": "Feature", "properties": { "name": "Stonehouse", "ref:crs": "SHU", "ref": null, "id": 248 }, "geometry": { "type": "Point", "coordinates": [ -2.2794209, 51.7459341 ] } },
{ "type": "Feature", "properties": { "name": "Totton", "ref:crs": "TTN", "ref": null, "id": 249 }, "geometry": { "type": "Point", "coordinates": [ -1.4830687, 50.9176659 ] } },
{ "type": "Feature", "properties": { "name": "Church Fenton", "ref:crs": "CHF", "ref": null, "id": 250 }, "geometry": { "type": "Point", "coordinates": [ -1.2272134, 53.8270101 ] } },
{ "type": "Feature", "properties": { "name": "Cathays", "ref:crs": "CYS", "ref": null, "id": 251 }, "geometry": { "type": "Point", "coordinates": [ -3.1789269, 51.4888964 ] } },
{ "type": "Feature", "properties": { "name": "Llandaf", "ref:crs": "LLN", "ref": null, "id": 252 }, "geometry": { "type": "Point", "coordinates": [ -3.2287847, 51.5084483 ] } },
{ "type": "Feature", "properties": { "name": "Tooting Bec", "ref:crs": null, "ref": null, "id": 253 }, "geometry": { "type": "Point", "coordinates": [ -0.1597188, 51.4356228 ] } },
{ "type": "Feature", "properties": { "name": "Burley Park", "ref:crs": "BUY", "ref": null, "id": 254 }, "geometry": { "type": "Point", "coordinates": [ -1.577847, 53.8120604 ] } },
{ "type": "Feature", "properties": { "name": "Marske", "ref:crs": "MSK", "ref": null, "id": 255 }, "geometry": { "type": "Point", "coordinates": [ -1.0195165, 54.5873806 ] } },
{ "type": "Feature", "properties": { "name": "Dyce", "ref:crs": "DYC", "ref": null, "id": 256 }, "geometry": { "type": "Point", "coordinates": [ -2.1926918, 57.20570690000001 ] } },
{ "type": "Feature", "properties": { "name": "Clapham North", "ref:crs": null, "ref": null, "id": 257 }, "geometry": { "type": "Point", "coordinates": [ -0.1299205, 51.4651241 ] } },
{ "type": "Feature", "properties": { "name": "Oval", "ref:crs": null, "ref": null, "id": 258 }, "geometry": { "type": "Point", "coordinates": [ -0.1123953, 51.4818339 ] } },
{ "type": "Feature", "properties": { "name": "Kennington", "ref:crs": null, "ref": null, "id": 259 }, "geometry": { "type": "Point", "coordinates": [ -0.1058829, 51.48828610000001 ] } },
{ "type": "Feature", "properties": { "name": "Leuchars", "ref:crs": "LEU", "ref": null, "id": 260 }, "geometry": { "type": "Point", "coordinates": [ -2.8938545, 56.374796 ] } },
{ "type": "Feature", "properties": { "name": "Cupar", "ref:crs": "CUP", "ref": null, "id": 261 }, "geometry": { "type": "Point", "coordinates": [ -3.0089641, 56.3172023 ] } },
{ "type": "Feature", "properties": { "name": "Springfield", "ref:crs": "SPF", "ref": null, "id": 262 }, "geometry": { "type": "Point", "coordinates": [ -3.0528873, 56.2949363 ] } },
{ "type": "Feature", "properties": { "name": "Ladybank", "ref:crs": "LDY", "ref": null, "id": 263 }, "geometry": { "type": "Point", "coordinates": [ -3.1215949, 56.2742464 ] } },
{ "type": "Feature", "properties": { "name": "Inverurie", "ref:crs": "INR", "ref": null, "id": 264 }, "geometry": { "type": "Point", "coordinates": [ -2.3734847, 57.2864073 ] } },
{ "type": "Feature", "properties": { "name": "Insch", "ref:crs": "INS", "ref": null, "id": 265 }, "geometry": { "type": "Point", "coordinates": [ -2.6169182, 57.3373738 ] } },
{ "type": "Feature", "properties": { "name": "Huntly", "ref:crs": "HNT", "ref": null, "id": 266 }, "geometry": { "type": "Point", "coordinates": [ -2.7757306, 57.4445079 ] } },
{ "type": "Feature", "properties": { "name": "Keith", "ref:crs": "KEH", "ref": null, "id": 267 }, "geometry": { "type": "Point", "coordinates": [ -2.9540057, 57.5513812 ] } },
{ "type": "Feature", "properties": { "name": "East Didsbury", "ref:crs": "EDY", "ref": null, "id": 268 }, "geometry": { "type": "Point", "coordinates": [ -2.2219984, 53.4093155 ] } },
{ "type": "Feature", "properties": { "name": "Edinburgh Park", "ref:crs": "EDP", "ref": null, "id": 269 }, "geometry": { "type": "Point", "coordinates": [ -3.307788, 55.927551 ] } },
{ "type": "Feature", "properties": { "name": "Newcraighall", "ref:crs": "NEW", "ref": null, "id": 270 }, "geometry": { "type": "Point", "coordinates": [ -3.0906705, 55.9329747 ] } },
{ "type": "Feature", "properties": { "name": "Deganwy", "ref:crs": "DGY", "ref": null, "id": 271 }, "geometry": { "type": "Point", "coordinates": [ -3.8331941, 53.2945847 ] } },
{ "type": "Feature", "properties": { "name": "Llandudno", "ref:crs": "LLD", "ref": null, "id": 272 }, "geometry": { "type": "Point", "coordinates": [ -3.8278226, 53.3202833 ] } },
{ "type": "Feature", "properties": { "name": "Dalston Junction", "ref:crs": "DLJ", "ref": null, "id": 273 }, "geometry": { "type": "Point", "coordinates": [ -0.074968, 51.545284100000011 ] } },
{ "type": "Feature", "properties": { "name": "Hinckley", "ref:crs": "HNK", "ref": null, "id": 274 }, "geometry": { "type": "Point", "coordinates": [ -1.3711055, 52.5351729 ] } },
{ "type": "Feature", "properties": { "name": "Radley", "ref:crs": "RAD", "ref": null, "id": 275 }, "geometry": { "type": "Point", "coordinates": [ -1.2402569, 51.6856231 ] } },
{ "type": "Feature", "properties": { "name": "Lockwood", "ref:crs": "LCK", "ref": null, "id": 276 }, "geometry": { "type": "Point", "coordinates": [ -1.8007875, 53.6348046 ] } },
{ "type": "Feature", "properties": { "name": "Berry Brow", "ref:crs": "BBW", "ref": null, "id": 277 }, "geometry": { "type": "Point", "coordinates": [ -1.7935694, 53.62105660000001 ] } },
{ "type": "Feature", "properties": { "name": "Honley", "ref:crs": "HOY", "ref": null, "id": 278 }, "geometry": { "type": "Point", "coordinates": [ -1.7808523, 53.6082408 ] } },
{ "type": "Feature", "properties": { "name": "Brockholes", "ref:crs": "BHS", "ref": null, "id": 279 }, "geometry": { "type": "Point", "coordinates": [ -1.7698266, 53.5970261 ] } },
{ "type": "Feature", "properties": { "name": "Denby Dale", "ref:crs": "DBD", "ref": null, "id": 280 }, "geometry": { "type": "Point", "coordinates": [ -1.663204, 53.5728721 ] } },
{ "type": "Feature", "properties": { "name": "Penistone", "ref:crs": "PNS", "ref": null, "id": 281 }, "geometry": { "type": "Point", "coordinates": [ -1.6226761, 53.525632 ] } },
{ "type": "Feature", "properties": { "name": "Silkstone Common", "ref:crs": "SLK", "ref": null, "id": 282 }, "geometry": { "type": "Point", "coordinates": [ -1.5630289, 53.5353509 ] } },
{ "type": "Feature", "properties": { "name": "Crowle", "ref:crs": "CWE", "ref": null, "id": 283 }, "geometry": { "type": "Point", "coordinates": [ -0.8173514, 53.5898215 ] } },
{ "type": "Feature", "properties": { "name": "Althorpe", "ref:crs": "ALP", "ref": null, "id": 284 }, "geometry": { "type": "Point", "coordinates": [ -0.732955, 53.5855457 ] } },
{ "type": "Feature", "properties": { "name": "Barnetby", "ref:crs": "BTB", "ref": null, "id": 285 }, "geometry": { "type": "Point", "coordinates": [ -0.4097613, 53.5750127 ] } },
{ "type": "Feature", "properties": { "name": "Brigg", "ref:crs": "BGG", "ref": null, "id": 286 }, "geometry": { "type": "Point", "coordinates": [ -0.4857584, 53.5490517 ] } },
{ "type": "Feature", "properties": { "name": "Kirton Lindsey", "ref:crs": "KTL", "ref": null, "id": 287 }, "geometry": { "type": "Point", "coordinates": [ -0.5935507, 53.4852618 ] } },
{ "type": "Feature", "properties": { "name": "Haworth", "ref:crs": null, "ref": null, "id": 288 }, "geometry": { "type": "Point", "coordinates": [ -1.9488416, 53.8313183 ] } },
{ "type": "Feature", "properties": { "name": "Oakworth", "ref:crs": null, "ref": null, "id": 289 }, "geometry": { "type": "Point", "coordinates": [ -1.9419575, 53.8413266 ] } },
{ "type": "Feature", "properties": { "name": "Damems", "ref:crs": null, "ref": null, "id": 290 }, "geometry": { "type": "Point", "coordinates": [ -1.924448, 53.8459194 ] } },
{ "type": "Feature", "properties": { "name": "Ingrow (West)", "ref:crs": null, "ref": null, "id": 291 }, "geometry": { "type": "Point", "coordinates": [ -1.9151443, 53.8536646 ] } },
{ "type": "Feature", "properties": { "name": "Baildon", "ref:crs": "BLD", "ref": null, "id": 292 }, "geometry": { "type": "Point", "coordinates": [ -1.7536925, 53.8501789 ] } },
{ "type": "Feature", "properties": { "name": "Montpelier", "ref:crs": "MTP", "ref": null, "id": 293 }, "geometry": { "type": "Point", "coordinates": [ -2.5886798, 51.4683479 ] } },
{ "type": "Feature", "properties": { "name": "Long Preston", "ref:crs": "LPR", "ref": null, "id": 294 }, "geometry": { "type": "Point", "coordinates": [ -2.2551519, 54.0166575 ] } },
{ "type": "Feature", "properties": { "name": "Langho", "ref:crs": "LHO", "ref": null, "id": 295 }, "geometry": { "type": "Point", "coordinates": [ -2.4488239, 53.8048112 ] } },
{ "type": "Feature", "properties": { "name": "Darwen", "ref:crs": "DWN", "ref": null, "id": 296 }, "geometry": { "type": "Point", "coordinates": [ -2.4642693, 53.6979355 ] } },
{ "type": "Feature", "properties": { "name": "Entwistle", "ref:crs": "ENT", "ref": null, "id": 297 }, "geometry": { "type": "Point", "coordinates": [ -2.414053, 53.6559805 ] } },
{ "type": "Feature", "properties": { "name": "Clifton", "ref:crs": "CLI", "ref": null, "id": 298 }, "geometry": { "type": "Point", "coordinates": [ -2.3141164, 53.5223155 ] } },
{ "type": "Feature", "properties": { "name": "North Dulwich", "ref:crs": "NDL", "ref": null, "id": 299 }, "geometry": { "type": "Point", "coordinates": [ -0.0883292, 51.4541783 ] } },
{ "type": "Feature", "properties": { "name": "Stapleton Road", "ref:crs": "SRD", "ref": null, "id": 300 }, "geometry": { "type": "Point", "coordinates": [ -2.5663184, 51.467446 ] } },
{ "type": "Feature", "properties": { "name": "Lawrence Hill", "ref:crs": "LWH", "ref": null, "id": 301 }, "geometry": { "type": "Point", "coordinates": [ -2.56417, 51.45858 ] } },
{ "type": "Feature", "properties": { "name": "Port Glasgow", "ref:crs": "PTG", "ref": null, "id": 302 }, "geometry": { "type": "Point", "coordinates": [ -4.6897401, 55.9333809 ] } },
{ "type": "Feature", "properties": { "name": "Branchton", "ref:crs": "BCN", "ref": null, "id": 303 }, "geometry": { "type": "Point", "coordinates": [ -4.8034053, 55.9405305 ] } },
{ "type": "Feature", "properties": { "name": "Paisley Gilmour Street", "ref:crs": "PYG", "ref": null, "id": 304 }, "geometry": { "type": "Point", "coordinates": [ -4.4242818, 55.8473867 ] } },
{ "type": "Feature", "properties": { "name": "Cardonald", "ref:crs": "CDO", "ref": null, "id": 305 }, "geometry": { "type": "Point", "coordinates": [ -4.3394015, 55.852679 ] } },
{ "type": "Feature", "properties": { "name": "Bishopton", "ref:crs": "BPT", "ref": null, "id": 306 }, "geometry": { "type": "Point", "coordinates": [ -4.5004927, 55.902096 ] } },
{ "type": "Feature", "properties": { "name": "Blackrod", "ref:crs": "BLK", "ref": null, "id": 307 }, "geometry": { "type": "Point", "coordinates": [ -2.5698672, 53.5912146 ] } },
{ "type": "Feature", "properties": { "name": "Moreton", "ref:crs": "MTN", "ref": null, "id": 308 }, "geometry": { "type": "Point", "coordinates": [ -2.3138473, 50.701118 ] } },
{ "type": "Feature", "properties": { "name": "Wool", "ref:crs": "WOO", "ref": null, "id": 309 }, "geometry": { "type": "Point", "coordinates": [ -2.2213123, 50.681661 ] } },
{ "type": "Feature", "properties": { "name": "Wavertree Technology Park", "ref:crs": "WAV", "ref": null, "id": 310 }, "geometry": { "type": "Point", "coordinates": [ -2.9228151, 53.4052171 ] } },
{ "type": "Feature", "properties": { "name": "Lea Green", "ref:crs": "LEG", "ref": null, "id": 311 }, "geometry": { "type": "Point", "coordinates": [ -2.7251202, 53.4267142 ] } },
{ "type": "Feature", "properties": { "name": "Thatto Heath", "ref:crs": "THH", "ref": null, "id": 312 }, "geometry": { "type": "Point", "coordinates": [ -2.7594696, 53.4366896 ] } },
{ "type": "Feature", "properties": { "name": "Garswood", "ref:crs": "GSW", "ref": null, "id": 313 }, "geometry": { "type": "Point", "coordinates": [ -2.6719929, 53.4880481 ] } },
{ "type": "Feature", "properties": { "name": "Bryn", "ref:crs": "BYN", "ref": null, "id": 314 }, "geometry": { "type": "Point", "coordinates": [ -2.6476163, 53.4997249 ] } },
{ "type": "Feature", "properties": { "name": "Wick", "ref:crs": "WCK", "ref": null, "id": 315 }, "geometry": { "type": "Point", "coordinates": [ -3.098527, 58.4417398 ] } },
{ "type": "Feature", "properties": { "name": "Georgemas Junction", "ref:crs": "GGJ", "ref": null, "id": 316 }, "geometry": { "type": "Point", "coordinates": [ -3.4518611, 58.513451 ] } },
{ "type": "Feature", "properties": { "name": "Thurso", "ref:crs": "THS", "ref": null, "id": 317 }, "geometry": { "type": "Point", "coordinates": [ -3.5278692, 58.5897358 ] } },
{ "type": "Feature", "properties": { "name": "Altnabreac", "ref:crs": "ABC", "ref": null, "id": 318 }, "geometry": { "type": "Point", "coordinates": [ -3.7061485, 58.388125100000011 ] } },
{ "type": "Feature", "properties": { "name": "Gatley", "ref:crs": "GTY", "ref": null, "id": 319 }, "geometry": { "type": "Point", "coordinates": [ -2.2306618, 53.393239199999989 ] } },
{ "type": "Feature", "properties": { "name": "Walthamstow Queen's Road", "ref:crs": "WMW", "ref": null, "id": 320 }, "geometry": { "type": "Point", "coordinates": [ -0.0237594, 51.5815237 ] } },
{ "type": "Feature", "properties": { "name": "Aldrington", "ref:crs": "AGT", "ref": null, "id": 321 }, "geometry": { "type": "Point", "coordinates": [ -0.1817423, 50.8363558 ] } },
{ "type": "Feature", "properties": { "name": "Warrington Bank Quay", "ref:crs": "WBQ", "ref": null, "id": 322 }, "geometry": { "type": "Point", "coordinates": [ -2.6031782, 53.3859367 ] } },
{ "type": "Feature", "properties": { "name": "Eccles", "ref:crs": "ECC", "ref": null, "id": 323 }, "geometry": { "type": "Point", "coordinates": [ -2.3340515, 53.4855266 ] } },
{ "type": "Feature", "properties": { "name": "Criccieth", "ref:crs": "CCC", "ref": null, "id": 324 }, "geometry": { "type": "Point", "coordinates": [ -4.2370677, 52.9183691 ] } },
{ "type": "Feature", "properties": { "name": "Stechford", "ref:crs": "SCF", "ref": null, "id": 325 }, "geometry": { "type": "Point", "coordinates": [ -1.8110345, 52.4851563 ] } },
{ "type": "Feature", "properties": { "name": "Lea Hall", "ref:crs": "LEH", "ref": null, "id": 326 }, "geometry": { "type": "Point", "coordinates": [ -1.786031, 52.4805217 ] } },
{ "type": "Feature", "properties": { "name": "St. James's Park", "ref:crs": null, "ref": null, "id": 327 }, "geometry": { "type": "Point", "coordinates": [ -0.1345942, 51.4992816 ] } },
{ "type": "Feature", "properties": { "name": "Hampton-in-Arden", "ref:crs": "HIA", "ref": null, "id": 328 }, "geometry": { "type": "Point", "coordinates": [ -1.6997231, 52.4286358 ] } },
{ "type": "Feature", "properties": { "name": "Iver", "ref:crs": "IVR", "ref": null, "id": 329 }, "geometry": { "type": "Point", "coordinates": [ -0.5068108, 51.508608599999981 ] } },
{ "type": "Feature", "properties": { "name": "Westminster", "ref:crs": null, "ref": null, "id": 330 }, "geometry": { "type": "Point", "coordinates": [ -0.1249302, 51.5013562 ] } },
{ "type": "Feature", "properties": { "name": "Derby Road", "ref:crs": "DBR", "ref": null, "id": 331 }, "geometry": { "type": "Point", "coordinates": [ 1.1826954, 52.0505184 ] } },
{ "type": "Feature", "properties": { "name": "Felixstowe", "ref:crs": "FLX", "ref": null, "id": 332 }, "geometry": { "type": "Point", "coordinates": [ 1.3498136, 51.9670171 ] } },
{ "type": "Feature", "properties": { "name": "Westerfield", "ref:crs": "WFI", "ref": null, "id": 333 }, "geometry": { "type": "Point", "coordinates": [ 1.1662429, 52.0810968 ] } },
{ "type": "Feature", "properties": { "name": "Thames Ditton", "ref:crs": "THD", "ref": null, "id": 334 }, "geometry": { "type": "Point", "coordinates": [ -0.339152, 51.3890554 ] } },
{ "type": "Feature", "properties": { "name": "Oldland Common", "ref:crs": null, "ref": null, "id": 335 }, "geometry": { "type": "Point", "coordinates": [ -2.4668807, 51.443941099999989 ] } },
{ "type": "Feature", "properties": { "name": "Teignmouth", "ref:crs": "TGM", "ref": null, "id": 336 }, "geometry": { "type": "Point", "coordinates": [ -3.4946798, 50.5481567 ] } },
{ "type": "Feature", "properties": { "name": "Coulsdon Town", "ref:crs": "CDN", "ref": null, "id": 337 }, "geometry": { "type": "Point", "coordinates": [ -0.134245, 51.3220643 ] } },
{ "type": "Feature", "properties": { "name": "Woodmansterne", "ref:crs": "WME", "ref": null, "id": 338 }, "geometry": { "type": "Point", "coordinates": [ -0.1538819, 51.3190513 ] } },
{ "type": "Feature", "properties": { "name": "Kingswood", "ref:crs": "KND", "ref": null, "id": 339 }, "geometry": { "type": "Point", "coordinates": [ -0.2110536, 51.2947305 ] } },
{ "type": "Feature", "properties": { "name": "Reedham", "ref:crs": "RHM", "ref": null, "id": 340 }, "geometry": { "type": "Point", "coordinates": [ -0.1234118, 51.3311273 ] } },
{ "type": "Feature", "properties": { "name": "Brundall Gardens", "ref:crs": "BGA", "ref": null, "id": 341 }, "geometry": { "type": "Point", "coordinates": [ 1.4181588, 52.6233603 ] } },
{ "type": "Feature", "properties": { "name": "Keynsham", "ref:crs": "KYN", "ref": null, "id": 342 }, "geometry": { "type": "Point", "coordinates": [ -2.4958797, 51.418071 ] } },
{ "type": "Feature", "properties": { "name": "Clifton Down", "ref:crs": "CFN", "ref": null, "id": 343 }, "geometry": { "type": "Point", "coordinates": [ -2.6114362, 51.4644315 ] } },
{ "type": "Feature", "properties": { "name": "Bedford St Johns", "ref:crs": "BSJ", "ref": null, "id": 344 }, "geometry": { "type": "Point", "coordinates": [ -0.4676146, 52.1293364 ] } },
{ "type": "Feature", "properties": { "name": "Dalgety Bay", "ref:crs": "DAG", "ref": null, "id": 345 }, "geometry": { "type": "Point", "coordinates": [ -3.367249, 56.0422731 ] } },
{ "type": "Feature", "properties": { "name": "Aberdour", "ref:crs": "AUR", "ref": null, "id": 346 }, "geometry": { "type": "Point", "coordinates": [ -3.3009757, 56.0547554 ] } },
{ "type": "Feature", "properties": { "name": "Burntisland", "ref:crs": "BTS", "ref": null, "id": 347 }, "geometry": { "type": "Point", "coordinates": [ -3.2338286, 56.057349299999984 ] } },
{ "type": "Feature", "properties": { "name": "Kinghorn", "ref:crs": "KGH", "ref": null, "id": 348 }, "geometry": { "type": "Point", "coordinates": [ -3.1744897, 56.069094 ] } },
{ "type": "Feature", "properties": { "name": "Glenrothes with Thornton", "ref:crs": "GLT", "ref": null, "id": 349 }, "geometry": { "type": "Point", "coordinates": [ -3.1429347, 56.162291 ] } },
{ "type": "Feature", "properties": { "name": "Cardenden", "ref:crs": "CDD", "ref": null, "id": 350 }, "geometry": { "type": "Point", "coordinates": [ -3.2609812, 56.141062 ] } },
{ "type": "Feature", "properties": { "name": "Lochgelly", "ref:crs": "LCG", "ref": null, "id": 351 }, "geometry": { "type": "Point", "coordinates": [ -3.3134751, 56.1348998 ] } },
{ "type": "Feature", "properties": { "name": "Cowdenbeath", "ref:crs": "COW", "ref": null, "id": 352 }, "geometry": { "type": "Point", "coordinates": [ -3.3432863, 56.1116531 ] } },
{ "type": "Feature", "properties": { "name": "Dunfermline Queen Margaret", "ref:crs": "DFL", "ref": null, "id": 353 }, "geometry": { "type": "Point", "coordinates": [ -3.4217706, 56.0801657 ] } },
{ "type": "Feature", "properties": { "name": "Dunfermline City", "ref:crs": "DFE", "ref": null, "id": 354 }, "geometry": { "type": "Point", "coordinates": [ -3.4523618, 56.0681116 ] } },
{ "type": "Feature", "properties": { "name": "Rosyth", "ref:crs": "ROS", "ref": null, "id": 355 }, "geometry": { "type": "Point", "coordinates": [ -3.4263289, 56.0453763 ] } },
{ "type": "Feature", "properties": { "name": "Exeter St Thomas", "ref:crs": "EXT", "ref": null, "id": 356 }, "geometry": { "type": "Point", "coordinates": [ -3.5388213, 50.717201 ] } },
{ "type": "Feature", "properties": { "name": "Ropley", "ref:crs": null, "ref": null, "id": 357 }, "geometry": { "type": "Point", "coordinates": [ -1.1025399, 51.0874683 ] } },
{ "type": "Feature", "properties": { "name": "Muir of Ord", "ref:crs": "MOO", "ref": null, "id": 358 }, "geometry": { "type": "Point", "coordinates": [ -4.4602186, 57.5176683 ] } },
{ "type": "Feature", "properties": { "name": "Dingwall", "ref:crs": "DIN", "ref": null, "id": 359 }, "geometry": { "type": "Point", "coordinates": [ -4.4222663, 57.59403720000001 ] } },
{ "type": "Feature", "properties": { "name": "Alness", "ref:crs": "ASS", "ref": null, "id": 360 }, "geometry": { "type": "Point", "coordinates": [ -4.2499451, 57.6944251 ] } },
{ "type": "Feature", "properties": { "name": "Invergordon", "ref:crs": "IGD", "ref": null, "id": 361 }, "geometry": { "type": "Point", "coordinates": [ -4.1747504, 57.6890372 ] } },
{ "type": "Feature", "properties": { "name": "Fearn", "ref:crs": "FRN", "ref": null, "id": 362 }, "geometry": { "type": "Point", "coordinates": [ -3.9939483, 57.7781428 ] } },
{ "type": "Feature", "properties": { "name": "Tain", "ref:crs": "TAI", "ref": null, "id": 363 }, "geometry": { "type": "Point", "coordinates": [ -4.0521292, 57.814488699999977 ] } },
{ "type": "Feature", "properties": { "name": "Ardgay", "ref:crs": "ARD", "ref": null, "id": 364 }, "geometry": { "type": "Point", "coordinates": [ -4.362216, 57.8815701 ] } },
{ "type": "Feature", "properties": { "name": "Lairg", "ref:crs": "LRG", "ref": null, "id": 365 }, "geometry": { "type": "Point", "coordinates": [ -4.3998683, 58.0018896 ] } },
{ "type": "Feature", "properties": { "name": "Golspie", "ref:crs": "GOL", "ref": null, "id": 366 }, "geometry": { "type": "Point", "coordinates": [ -3.9871692, 57.9715092 ] } },
{ "type": "Feature", "properties": { "name": "Dunrobin Castle", "ref:crs": "DNO", "ref": null, "id": 367 }, "geometry": { "type": "Point", "coordinates": [ -3.9473688, 57.9857817 ] } },
{ "type": "Feature", "properties": { "name": "Brora", "ref:crs": "BRA", "ref": null, "id": 368 }, "geometry": { "type": "Point", "coordinates": [ -3.8523419, 58.0131432 ] } },
{ "type": "Feature", "properties": { "name": "Helmsdale", "ref:crs": "HMS", "ref": null, "id": 369 }, "geometry": { "type": "Point", "coordinates": [ -3.6591456, 58.1177286 ] } },
{ "type": "Feature", "properties": { "name": "Garve", "ref:crs": "GVE", "ref": null, "id": 370 }, "geometry": { "type": "Point", "coordinates": [ -4.6883753, 57.6131055 ] } },
{ "type": "Feature", "properties": { "name": "Achnasheen", "ref:crs": "ACN", "ref": null, "id": 371 }, "geometry": { "type": "Point", "coordinates": [ -5.0721994, 57.5793199 ] } },
{ "type": "Feature", "properties": { "name": "Stromeferry", "ref:crs": "STF", "ref": null, "id": 372 }, "geometry": { "type": "Point", "coordinates": [ -5.5507696, 57.3522003 ] } },
{ "type": "Feature", "properties": { "name": "Plockton", "ref:crs": "PLK", "ref": null, "id": 373 }, "geometry": { "type": "Point", "coordinates": [ -5.6658916, 57.3335912 ] } },
{ "type": "Feature", "properties": { "name": "Kyle of Lochalsh", "ref:crs": "KYL", "ref": null, "id": 374 }, "geometry": { "type": "Point", "coordinates": [ -5.7138678, 57.2802066 ] } },
{ "type": "Feature", "properties": { "name": "Boat of Garten", "ref:crs": null, "ref": null, "id": 375 }, "geometry": { "type": "Point", "coordinates": [ -3.7524586, 57.2481303 ] } },
{ "type": "Feature", "properties": { "name": "Broomhill", "ref:crs": null, "ref": null, "id": 376 }, "geometry": { "type": "Point", "coordinates": [ -3.6670708, 57.28338380000001 ] } },
{ "type": "Feature", "properties": { "name": "Carrbridge", "ref:crs": "CAG", "ref": null, "id": 377 }, "geometry": { "type": "Point", "coordinates": [ -3.8281892, 57.2794783 ] } },
{ "type": "Feature", "properties": { "name": "Dufftown", "ref:crs": null, "ref": null, "id": 378 }, "geometry": { "type": "Point", "coordinates": [ -3.1310294, 57.4580974 ] } },
{ "type": "Feature", "properties": { "name": "Towiemore", "ref:crs": null, "ref": null, "id": 379 }, "geometry": { "type": "Point", "coordinates": [ -3.011442, 57.4964077 ] } },
{ "type": "Feature", "properties": { "name": "Keith Town", "ref:crs": null, "ref": null, "id": 380 }, "geometry": { "type": "Point", "coordinates": [ -2.9557534, 57.5435539 ] } },
{ "type": "Feature", "properties": { "name": "Oldfield Park", "ref:crs": "OLF", "ref": null, "id": 381 }, "geometry": { "type": "Point", "coordinates": [ -2.3801536, 51.379209 ] } },
{ "type": "Feature", "properties": { "name": "Elgin", "ref:crs": "ELG", "ref": null, "id": 382 }, "geometry": { "type": "Point", "coordinates": [ -3.310943, 57.6427835 ] } },
{ "type": "Feature", "properties": { "name": "Polmont", "ref:crs": "PMT", "ref": null, "id": 383 }, "geometry": { "type": "Point", "coordinates": [ -3.7144735, 55.9844795 ] } },
{ "type": "Feature", "properties": { "name": "Linlithgow", "ref:crs": "LIN", "ref": null, "id": 384 }, "geometry": { "type": "Point", "coordinates": [ -3.5957662, 55.9764096 ] } },
{ "type": "Feature", "properties": { "name": "Brundall", "ref:crs": "BDA", "ref": null, "id": 385 }, "geometry": { "type": "Point", "coordinates": [ 1.4386558, 52.6196558 ] } },
{ "type": "Feature", "properties": { "name": "Fort William", "ref:crs": "FTW", "ref": null, "id": 386 }, "geometry": { "type": "Point", "coordinates": [ -5.1053126, 56.8205581 ] } },
{ "type": "Feature", "properties": { "name": "Banavie", "ref:crs": "BNV", "ref": null, "id": 387 }, "geometry": { "type": "Point", "coordinates": [ -5.0958832, 56.8438007 ] } },
{ "type": "Feature", "properties": { "name": "Lochailort", "ref:crs": "LCL", "ref": null, "id": 388 }, "geometry": { "type": "Point", "coordinates": [ -5.6633405, 56.88144410000001 ] } },
{ "type": "Feature", "properties": { "name": "Locheilside", "ref:crs": "LCS", "ref": null, "id": 389 }, "geometry": { "type": "Point", "coordinates": [ -5.2903646, 56.8559494 ] } },
{ "type": "Feature", "properties": { "name": "Loch Eil Outward Bound", "ref:crs": "LHE", "ref": null, "id": 390 }, "geometry": { "type": "Point", "coordinates": [ -5.1928846, 56.8553715 ] } },
{ "type": "Feature", "properties": { "name": "Colchester Town", "ref:crs": "CET", "ref": null, "id": 391 }, "geometry": { "type": "Point", "coordinates": [ 0.9054279, 51.8865086 ] } },
{ "type": "Feature", "properties": { "name": "Milngavie", "ref:crs": "MLN", "ref": null, "id": 392 }, "geometry": { "type": "Point", "coordinates": [ -4.3144686, 55.9411881 ] } },
{ "type": "Feature", "properties": { "name": "Hillfoot", "ref:crs": "HLF", "ref": null, "id": 393 }, "geometry": { "type": "Point", "coordinates": [ -4.319724, 55.9203329 ] } },
{ "type": "Feature", "properties": { "name": "Bearsden", "ref:crs": "BRN", "ref": null, "id": 394 }, "geometry": { "type": "Point", "coordinates": [ -4.3326044, 55.9169433 ] } },
{ "type": "Feature", "properties": { "name": "Cardross", "ref:crs": "CDR", "ref": null, "id": 395 }, "geometry": { "type": "Point", "coordinates": [ -4.652967, 55.9602378 ] } },
{ "type": "Feature", "properties": { "name": "Craigendoran", "ref:crs": "CGD", "ref": null, "id": 396 }, "geometry": { "type": "Point", "coordinates": [ -4.7119204, 55.9948435 ] } },
{ "type": "Feature", "properties": { "name": "Brixton", "ref:crs": null, "ref": null, "id": 397 }, "geometry": { "type": "Point", "coordinates": [ -0.1147325, 51.4626818 ] } },
{ "type": "Feature", "properties": { "name": "Morley", "ref:crs": "MLY", "ref": null, "id": 398 }, "geometry": { "type": "Point", "coordinates": [ -1.589163, 53.7505897 ] } },
{ "type": "Feature", "properties": { "name": "Hope (Flintshire)", "ref:crs": "HPE", "ref": null, "id": 399 }, "geometry": { "type": "Point", "coordinates": [ -3.0372474, 53.1168595 ] } },
{ "type": "Feature", "properties": { "name": "Caergwrle", "ref:crs": "CGW", "ref": null, "id": 400 }, "geometry": { "type": "Point", "coordinates": [ -3.0332375, 53.1080896 ] } },
{ "type": "Feature", "properties": { "name": "Cefn-y-Bedd", "ref:crs": "CYB", "ref": null, "id": 401 }, "geometry": { "type": "Point", "coordinates": [ -3.0308499, 53.0988378 ] } },
{ "type": "Feature", "properties": { "name": "Gwersyllt", "ref:crs": "GWE", "ref": null, "id": 402 }, "geometry": { "type": "Point", "coordinates": [ -3.0176175, 53.0727884 ] } },
{ "type": "Feature", "properties": { "name": "Gretna Green", "ref:crs": "GEA", "ref": null, "id": 403 }, "geometry": { "type": "Point", "coordinates": [ -3.066305, 55.000755599999977 ] } },
{ "type": "Feature", "properties": { "name": "Annan", "ref:crs": "ANN", "ref": null, "id": 404 }, "geometry": { "type": "Point", "coordinates": [ -3.2628103, 54.9835121 ] } },
{ "type": "Feature", "properties": { "name": "Dumfries", "ref:crs": "DMF", "ref": null, "id": 405 }, "geometry": { "type": "Point", "coordinates": [ -3.6044458, 55.0727039 ] } },
{ "type": "Feature", "properties": { "name": "Kelvinhall", "ref:crs": null, "ref": null, "id": 406 }, "geometry": { "type": "Point", "coordinates": [ -4.2997826, 55.8710725 ] } },
{ "type": "Feature", "properties": { "name": "Sanquhar", "ref:crs": "SQH", "ref": null, "id": 407 }, "geometry": { "type": "Point", "coordinates": [ -3.9245753, 55.3708161 ] } },
{ "type": "Feature", "properties": { "name": "Kirkconnel", "ref:crs": "KRK", "ref": null, "id": 408 }, "geometry": { "type": "Point", "coordinates": [ -3.9988105, 55.3875092 ] } },
{ "type": "Feature", "properties": { "name": "New Cumnock", "ref:crs": "NCK", "ref": null, "id": 409 }, "geometry": { "type": "Point", "coordinates": [ -4.1833546, 55.402235799999985 ] } },
{ "type": "Feature", "properties": { "name": "Auchinleck", "ref:crs": "AUK", "ref": null, "id": 410 }, "geometry": { "type": "Point", "coordinates": [ -4.2959612, 55.4698739 ] } },
{ "type": "Feature", "properties": { "name": "Troon", "ref:crs": "TRN", "ref": null, "id": 411 }, "geometry": { "type": "Point", "coordinates": [ -4.6555229, 55.5427424 ] } },
{ "type": "Feature", "properties": { "name": "Kilmarnock", "ref:crs": "KMK", "ref": null, "id": 412 }, "geometry": { "type": "Point", "coordinates": [ -4.4994085, 55.6125595 ] } },
{ "type": "Feature", "properties": { "name": "Yarwell Junction (NVR)", "ref:crs": null, "ref": null, "id": 413 }, "geometry": { "type": "Point", "coordinates": [ -0.4094509, 52.5610781 ] } },
{ "type": "Feature", "properties": { "name": "Cressington", "ref:crs": "CSG", "ref": null, "id": 414 }, "geometry": { "type": "Point", "coordinates": [ -2.912095, 53.3586932 ] } },
{ "type": "Feature", "properties": { "name": "Freshford", "ref:crs": "FFD", "ref": null, "id": 415 }, "geometry": { "type": "Point", "coordinates": [ -2.3005891, 51.3417702 ] } },
{ "type": "Feature", "properties": { "name": "Rothley", "ref:crs": null, "ref": null, "id": 416 }, "geometry": { "type": "Point", "coordinates": [ -1.1598113, 52.7042808 ] } },
{ "type": "Feature", "properties": { "name": "Bowling", "ref:crs": "BWG", "ref": null, "id": 417 }, "geometry": { "type": "Point", "coordinates": [ -4.4931921, 55.9310584 ] } },
{ "type": "Feature", "properties": { "name": "Helensburgh Central", "ref:crs": "HLC", "ref": null, "id": 418 }, "geometry": { "type": "Point", "coordinates": [ -4.7319877, 56.0038998 ] } },
{ "type": "Feature", "properties": { "name": "Kelvinbridge", "ref:crs": null, "ref": null, "id": 419 }, "geometry": { "type": "Point", "coordinates": [ -4.2798542, 55.8742507 ] } },
{ "type": "Feature", "properties": { "name": "Hillhead", "ref:crs": null, "ref": null, "id": 420 }, "geometry": { "type": "Point", "coordinates": [ -4.293281, 55.8752091 ] } },
{ "type": "Feature", "properties": { "name": "Forsinard", "ref:crs": "FRS", "ref": null, "id": 421 }, "geometry": { "type": "Point", "coordinates": [ -3.8969589, 58.3568564 ] } },
{ "type": "Feature", "properties": { "name": "Lochwinnoch", "ref:crs": "LHW", "ref": null, "id": 422 }, "geometry": { "type": "Point", "coordinates": [ -4.6157219, 55.7871745 ] } },
{ "type": "Feature", "properties": { "name": "Irwell Vale", "ref:crs": null, "ref": null, "id": 423 }, "geometry": { "type": "Point", "coordinates": [ -2.3157744, 53.6768699 ] } },
{ "type": "Feature", "properties": { "name": "Rawtenstall", "ref:crs": null, "ref": null, "id": 424 }, "geometry": { "type": "Point", "coordinates": [ -2.2918033, 53.698586 ] } },
{ "type": "Feature", "properties": { "name": "Summerseat", "ref:crs": null, "ref": null, "id": 425 }, "geometry": { "type": "Point", "coordinates": [ -2.3134126, 53.62795340000001 ] } },
{ "type": "Feature", "properties": { "name": "Burrs Country Park Halt", "ref:crs": null, "ref": null, "id": 426 }, "geometry": { "type": "Point", "coordinates": [ -2.3032556, 53.6113055 ] } },
{ "type": "Feature", "properties": { "name": "Bury, Bolton Street", "ref:crs": null, "ref": null, "id": 427 }, "geometry": { "type": "Point", "coordinates": [ -2.3003018, 53.5929094 ] } },
{ "type": "Feature", "properties": { "name": "St. Helier", "ref:crs": "SIH", "ref": null, "id": 428 }, "geometry": { "type": "Point", "coordinates": [ -0.1988601, 51.389451 ] } },
{ "type": "Feature", "properties": { "name": "Sutton Common", "ref:crs": "SUC", "ref": null, "id": 429 }, "geometry": { "type": "Point", "coordinates": [ -0.1961049, 51.37543130000001 ] } },
{ "type": "Feature", "properties": { "name": "Spean Bridge", "ref:crs": "SBR", "ref": null, "id": 430 }, "geometry": { "type": "Point", "coordinates": [ -4.9216232, 56.8898718 ] } },
{ "type": "Feature", "properties": { "name": "Ramsbottom", "ref:crs": null, "ref": null, "id": 431 }, "geometry": { "type": "Point", "coordinates": [ -2.3146606, 53.6473535 ] } },
{ "type": "Feature", "properties": { "name": "Neston", "ref:crs": "NES", "ref": null, "id": 432 }, "geometry": { "type": "Point", "coordinates": [ -3.062958, 53.2917321 ] } },
{ "type": "Feature", "properties": { "name": "Wylde Green", "ref:crs": "WYL", "ref": null, "id": 433 }, "geometry": { "type": "Point", "coordinates": [ -1.8314247, 52.545628 ] } },
{ "type": "Feature", "properties": { "name": "Aigburth", "ref:crs": "AIG", "ref": null, "id": 434 }, "geometry": { "type": "Point", "coordinates": [ -2.9266096, 53.3645118 ] } },
{ "type": "Feature", "properties": { "name": "Bedminster", "ref:crs": "BMT", "ref": null, "id": 435 }, "geometry": { "type": "Point", "coordinates": [ -2.5936286, 51.4406058 ] } },
{ "type": "Feature", "properties": { "name": "Parson Street", "ref:crs": "PSN", "ref": null, "id": 436 }, "geometry": { "type": "Point", "coordinates": [ -2.6085368, 51.432994 ] } },
{ "type": "Feature", "properties": { "name": "Penmaenmawr", "ref:crs": "PMW", "ref": null, "id": 437 }, "geometry": { "type": "Point", "coordinates": [ -3.9235064, 53.2705474 ] } },
{ "type": "Feature", "properties": { "name": "Llanfairfechan", "ref:crs": "LLF", "ref": null, "id": 438 }, "geometry": { "type": "Point", "coordinates": [ -3.983123, 53.2569753 ] } },
{ "type": "Feature", "properties": { "name": "Llanfairpwll", "ref:crs": "LPG", "ref": null, "id": 439 }, "geometry": { "type": "Point", "coordinates": [ -4.2093569, 53.2208651 ] } },
{ "type": "Feature", "properties": { "name": "Bodorgan", "ref:crs": "BOR", "ref": null, "id": 440 }, "geometry": { "type": "Point", "coordinates": [ -4.4162913, 53.2041893 ] } },
{ "type": "Feature", "properties": { "name": "Ty Croes", "ref:crs": "TYC", "ref": null, "id": 441 }, "geometry": { "type": "Point", "coordinates": [ -4.4739623, 53.222542599999983 ] } },
{ "type": "Feature", "properties": { "name": "Rhosneigr", "ref:crs": "RHO", "ref": null, "id": 442 }, "geometry": { "type": "Point", "coordinates": [ -4.5058449, 53.2346794 ] } },
{ "type": "Feature", "properties": { "name": "Valley", "ref:crs": "VAL", "ref": null, "id": 443 }, "geometry": { "type": "Point", "coordinates": [ -4.5634307, 53.2815404 ] } },
{ "type": "Feature", "properties": { "name": "Heckington", "ref:crs": "HEC", "ref": null, "id": 444 }, "geometry": { "type": "Point", "coordinates": [ -0.2938084, 52.9772075 ] } },
{ "type": "Feature", "properties": { "name": "Sleaford", "ref:crs": "SLR", "ref": null, "id": 445 }, "geometry": { "type": "Point", "coordinates": [ -0.4101594, 52.9955161 ] } },
{ "type": "Feature", "properties": { "name": "Rauceby", "ref:crs": "RAU", "ref": null, "id": 446 }, "geometry": { "type": "Point", "coordinates": [ -0.4559695, 52.9852782 ] } },
{ "type": "Feature", "properties": { "name": "Elton and Orston", "ref:crs": "ELO", "ref": null, "id": 447 }, "geometry": { "type": "Point", "coordinates": [ -0.8554051, 52.9521534 ] } },
{ "type": "Feature", "properties": { "name": "Cartsdyke", "ref:crs": "CDY", "ref": null, "id": 448 }, "geometry": { "type": "Point", "coordinates": [ -4.7323622, 55.9422124 ] } },
{ "type": "Feature", "properties": { "name": "Bogston", "ref:crs": "BGS", "ref": null, "id": 449 }, "geometry": { "type": "Point", "coordinates": [ -4.7122765, 55.9371847 ] } },
{ "type": "Feature", "properties": { "name": "Woodhall", "ref:crs": "WDL", "ref": null, "id": 450 }, "geometry": { "type": "Point", "coordinates": [ -4.6557539, 55.9312843 ] } },
{ "type": "Feature", "properties": { "name": "Langbank", "ref:crs": "LGB", "ref": null, "id": 451 }, "geometry": { "type": "Point", "coordinates": [ -4.5861277, 55.9245747 ] } },
{ "type": "Feature", "properties": { "name": "Paisley St James", "ref:crs": "PYJ", "ref": null, "id": 452 }, "geometry": { "type": "Point", "coordinates": [ -4.4424438, 55.8521362 ] } },
{ "type": "Feature", "properties": { "name": "Hillington West", "ref:crs": "HLW", "ref": null, "id": 453 }, "geometry": { "type": "Point", "coordinates": [ -4.3710945, 55.8558618 ] } },
{ "type": "Feature", "properties": { "name": "Hillington East", "ref:crs": "HLE", "ref": null, "id": 454 }, "geometry": { "type": "Point", "coordinates": [ -4.3548565, 55.8542549 ] } },
{ "type": "Feature", "properties": { "name": "Bellgrove", "ref:crs": "BLG", "ref": null, "id": 455 }, "geometry": { "type": "Point", "coordinates": [ -4.2243365, 55.8567027 ] } },
{ "type": "Feature", "properties": { "name": "Duke Street", "ref:crs": "DST", "ref": null, "id": 456 }, "geometry": { "type": "Point", "coordinates": [ -4.212665, 55.8586363 ] } },
{ "type": "Feature", "properties": { "name": "Shenton", "ref:crs": null, "ref": null, "id": 457 }, "geometry": { "type": "Point", "coordinates": [ -1.415295, 52.5996554 ] } },
{ "type": "Feature", "properties": { "name": "Shackerstone", "ref:crs": null, "ref": null, "id": 458 }, "geometry": { "type": "Point", "coordinates": [ -1.4412337, 52.6556653 ] } },
{ "type": "Feature", "properties": { "name": "South Gyle", "ref:crs": "SGL", "ref": null, "id": 459 }, "geometry": { "type": "Point", "coordinates": [ -3.2993662, 55.936508 ] } },
{ "type": "Feature", "properties": { "name": "Faversham", "ref:crs": "FAV", "ref": null, "id": 460 }, "geometry": { "type": "Point", "coordinates": [ 0.8906635, 51.3116525 ] } },
{ "type": "Feature", "properties": { "name": "Aspley Guise", "ref:crs": "APG", "ref": null, "id": 461 }, "geometry": { "type": "Point", "coordinates": [ -0.6326933, 52.021204799999985 ] } },
{ "type": "Feature", "properties": { "name": "Ridgmont", "ref:crs": "RID", "ref": null, "id": 462 }, "geometry": { "type": "Point", "coordinates": [ -0.5948526, 52.0263878 ] } },
{ "type": "Feature", "properties": { "name": "Stewartby", "ref:crs": "SWR", "ref": null, "id": 463 }, "geometry": { "type": "Point", "coordinates": [ -0.5207575, 52.0690354 ] } },
{ "type": "Feature", "properties": { "name": "Paisley Canal", "ref:crs": "PCN", "ref": null, "id": 464 }, "geometry": { "type": "Point", "coordinates": [ -4.4227621, 55.8401994 ] } },
{ "type": "Feature", "properties": { "name": "Severn Beach", "ref:crs": "SVB", "ref": null, "id": 465 }, "geometry": { "type": "Point", "coordinates": [ -2.6645392, 51.5596758 ] } },
{ "type": "Feature", "properties": { "name": "Battersby", "ref:crs": "BTT", "ref": null, "id": 466 }, "geometry": { "type": "Point", "coordinates": [ -1.0933566, 54.4575551 ] } },
{ "type": "Feature", "properties": { "name": "Burnham", "ref:crs": "BNM", "ref": null, "id": 467 }, "geometry": { "type": "Point", "coordinates": [ -0.6470844, 51.5233926 ] } },
{ "type": "Feature", "properties": { "name": "Brunswick", "ref:crs": "BRW", "ref": null, "id": 468 }, "geometry": { "type": "Point", "coordinates": [ -2.9760156, 53.3832177 ] } },
{ "type": "Feature", "properties": { "name": "Greenock Central", "ref:crs": "GKC", "ref": null, "id": 469 }, "geometry": { "type": "Point", "coordinates": [ -4.7518756, 55.9452099 ] } },
{ "type": "Feature", "properties": { "name": "Whinhill", "ref:crs": "WNL", "ref": null, "id": 470 }, "geometry": { "type": "Point", "coordinates": [ -4.7466578, 55.9384654 ] } },
{ "type": "Feature", "properties": { "name": "Embsay", "ref:crs": null, "ref": null, "id": 471 }, "geometry": { "type": "Point", "coordinates": [ -1.991213, 53.9753772 ] } },
{ "type": "Feature", "properties": { "name": "Holywell", "ref:crs": null, "ref": null, "id": 472 }, "geometry": { "type": "Point", "coordinates": [ -1.9605155, 53.9759874 ] } },
{ "type": "Feature", "properties": { "name": "Southbourne", "ref:crs": "SOB", "ref": null, "id": 473 }, "geometry": { "type": "Point", "coordinates": [ -0.9071791, 50.8481981 ] } },
{ "type": "Feature", "properties": { "name": "Emsworth", "ref:crs": "EMS", "ref": null, "id": 474 }, "geometry": { "type": "Point", "coordinates": [ -0.9385075, 50.8516544 ] } },
{ "type": "Feature", "properties": { "name": "Argyle Street", "ref:crs": "AGS", "ref": null, "id": 475 }, "geometry": { "type": "Point", "coordinates": [ -4.2506187, 55.8576091 ] } },
{ "type": "Feature", "properties": { "name": "Anderston", "ref:crs": "AND", "ref": null, "id": 476 }, "geometry": { "type": "Point", "coordinates": [ -4.2701138, 55.8597478 ] } },
{ "type": "Feature", "properties": { "name": "Crossmyloof", "ref:crs": "CMY", "ref": null, "id": 477 }, "geometry": { "type": "Point", "coordinates": [ -4.284793, 55.8337247 ] } },
{ "type": "Feature", "properties": { "name": "Shawlands", "ref:crs": "SHL", "ref": null, "id": 478 }, "geometry": { "type": "Point", "coordinates": [ -4.2924269, 55.8293953 ] } },
{ "type": "Feature", "properties": { "name": "Thorntonhall", "ref:crs": "THT", "ref": null, "id": 479 }, "geometry": { "type": "Point", "coordinates": [ -4.2506988, 55.7683372 ] } },
{ "type": "Feature", "properties": { "name": "Giffnock", "ref:crs": "GFN", "ref": null, "id": 480 }, "geometry": { "type": "Point", "coordinates": [ -4.2929605, 55.8039361 ] } },
{ "type": "Feature", "properties": { "name": "Thornliebank", "ref:crs": "THB", "ref": null, "id": 481 }, "geometry": { "type": "Point", "coordinates": [ -4.3117061, 55.81109270000001 ] } },
{ "type": "Feature", "properties": { "name": "Bolton Abbey", "ref:crs": null, "ref": null, "id": 482 }, "geometry": { "type": "Point", "coordinates": [ -1.9087784, 53.9761271 ] } },
{ "type": "Feature", "properties": { "name": "Hilsea", "ref:crs": "HLS", "ref": null, "id": 483 }, "geometry": { "type": "Point", "coordinates": [ -1.058643, 50.828389799999989 ] } },
{ "type": "Feature", "properties": { "name": "Hawarden Bridge", "ref:crs": "HWB", "ref": null, "id": 484 }, "geometry": { "type": "Point", "coordinates": [ -3.0323456, 53.2181055 ] } },
{ "type": "Feature", "properties": { "name": "Williamwood", "ref:crs": "WLM", "ref": null, "id": 485 }, "geometry": { "type": "Point", "coordinates": [ -4.2899228, 55.7940114 ] } },
{ "type": "Feature", "properties": { "name": "Cathcart", "ref:crs": "CCT", "ref": null, "id": 486 }, "geometry": { "type": "Point", "coordinates": [ -4.2603903, 55.8177954 ] } },
{ "type": "Feature", "properties": { "name": "Patterton", "ref:crs": "PTT", "ref": null, "id": 487 }, "geometry": { "type": "Point", "coordinates": [ -4.3352786, 55.7905841 ] } },
{ "type": "Feature", "properties": { "name": "Neilston", "ref:crs": "NEI", "ref": null, "id": 488 }, "geometry": { "type": "Point", "coordinates": [ -4.4272019, 55.7828151 ] } },
{ "type": "Feature", "properties": { "name": "Maxwell Park", "ref:crs": "MAX", "ref": null, "id": 489 }, "geometry": { "type": "Point", "coordinates": [ -4.288521, 55.8376638 ] } },
{ "type": "Feature", "properties": { "name": "Pollokshields West", "ref:crs": "PLW", "ref": null, "id": 490 }, "geometry": { "type": "Point", "coordinates": [ -4.2758405, 55.8376663 ] } },
{ "type": "Feature", "properties": { "name": "Llanwrtyd", "ref:crs": "LNW", "ref": null, "id": 491 }, "geometry": { "type": "Point", "coordinates": [ -3.6322246, 52.1046083 ] } },
{ "type": "Feature", "properties": { "name": "Crookston", "ref:crs": "CKT", "ref": null, "id": 492 }, "geometry": { "type": "Point", "coordinates": [ -4.3653289, 55.8422296 ] } },
{ "type": "Feature", "properties": { "name": "Ravensthorpe", "ref:crs": "RVN", "ref": null, "id": 493 }, "geometry": { "type": "Point", "coordinates": [ -1.6557662, 53.6755716 ] } },
{ "type": "Feature", "properties": { "name": "Penrhyndeudraeth", "ref:crs": "PRH", "ref": null, "id": 494 }, "geometry": { "type": "Point", "coordinates": [ -4.0644936, 52.9287529 ] } },
{ "type": "Feature", "properties": { "name": "Harlech", "ref:crs": "HRL", "ref": null, "id": 495 }, "geometry": { "type": "Point", "coordinates": [ -4.1092654, 52.861755 ] } },
{ "type": "Feature", "properties": { "name": "Hawkhead", "ref:crs": "HKH", "ref": null, "id": 496 }, "geometry": { "type": "Point", "coordinates": [ -4.3995333, 55.8420771 ] } },
{ "type": "Feature", "properties": { "name": "Mount Florida", "ref:crs": "MFL", "ref": null, "id": 497 }, "geometry": { "type": "Point", "coordinates": [ -4.2611049, 55.8268033 ] } },
{ "type": "Feature", "properties": { "name": "Ivybridge", "ref:crs": "IVY", "ref": null, "id": 498 }, "geometry": { "type": "Point", "coordinates": [ -3.9051155, 50.393441199999984 ] } },
{ "type": "Feature", "properties": { "name": "Torquay", "ref:crs": "TQY", "ref": null, "id": 499 }, "geometry": { "type": "Point", "coordinates": [ -3.5430302, 50.461050899999982 ] } },
{ "type": "Feature", "properties": { "name": "Torre", "ref:crs": "TRR", "ref": null, "id": 500 }, "geometry": { "type": "Point", "coordinates": [ -3.5462153, 50.4727465 ] } },
{ "type": "Feature", "properties": { "name": "Walsall", "ref:crs": "WSL", "ref": null, "id": 501 }, "geometry": { "type": "Point", "coordinates": [ -1.9852679, 52.5841365 ] } },
{ "type": "Feature", "properties": { "name": "Croston", "ref:crs": "CSO", "ref": null, "id": 502 }, "geometry": { "type": "Point", "coordinates": [ -2.7779892, 53.6674573 ] } },
{ "type": "Feature", "properties": { "name": "Burscough Junction", "ref:crs": "BCJ", "ref": null, "id": 503 }, "geometry": { "type": "Point", "coordinates": [ -2.8405323, 53.5975512 ] } },
{ "type": "Feature", "properties": { "name": "Salwick", "ref:crs": "SLW", "ref": null, "id": 504 }, "geometry": { "type": "Point", "coordinates": [ -2.8182384, 53.7817543 ] } },
{ "type": "Feature", "properties": { "name": "Kirkham and Wesham", "ref:crs": "KKM", "ref": null, "id": 505 }, "geometry": { "type": "Point", "coordinates": [ -2.8833796, 53.7869046 ] } },
{ "type": "Feature", "properties": { "name": "Moss Side", "ref:crs": "MOS", "ref": null, "id": 506 }, "geometry": { "type": "Point", "coordinates": [ -2.9429233, 53.7648245 ] } },
{ "type": "Feature", "properties": { "name": "Silverdale", "ref:crs": "SVR", "ref": null, "id": 507 }, "geometry": { "type": "Point", "coordinates": [ -2.8037976, 54.1693432 ] } },
{ "type": "Feature", "properties": { "name": "Carnforth", "ref:crs": "CNF", "ref": null, "id": 508 }, "geometry": { "type": "Point", "coordinates": [ -2.7714886, 54.1296244 ] } },
{ "type": "Feature", "properties": { "name": "Layton", "ref:crs": "LAY", "ref": null, "id": 509 }, "geometry": { "type": "Point", "coordinates": [ -3.0299186, 53.8353457 ] } },
{ "type": "Feature", "properties": { "name": "Pembroke Dock", "ref:crs": "PMD", "ref": null, "id": 510 }, "geometry": { "type": "Point", "coordinates": [ -4.9375963, 51.6938827 ] } },
{ "type": "Feature", "properties": { "name": "Euxton Balshaw Lane", "ref:crs": "EBA", "ref": null, "id": 511 }, "geometry": { "type": "Point", "coordinates": [ -2.6716808, 53.6598241 ] } },
{ "type": "Feature", "properties": { "name": "Ibrox", "ref:crs": null, "ref": null, "id": 512 }, "geometry": { "type": "Point", "coordinates": [ -4.3048819, 55.854705 ] } },
{ "type": "Feature", "properties": { "name": "Govan", "ref:crs": null, "ref": null, "id": 513 }, "geometry": { "type": "Point", "coordinates": [ -4.3106225, 55.8622545 ] } },
{ "type": "Feature", "properties": { "name": "Kingscote", "ref:crs": null, "ref": null, "id": 514 }, "geometry": { "type": "Point", "coordinates": [ -0.0483841, 51.1030758 ] } },
{ "type": "Feature", "properties": { "name": "Horsted Keynes", "ref:crs": null, "ref": null, "id": 515 }, "geometry": { "type": "Point", "coordinates": [ -0.0448579, 51.046255 ] } },
{ "type": "Feature", "properties": { "name": "Sheffield Park", "ref:crs": null, "ref": null, "id": 516 }, "geometry": { "type": "Point", "coordinates": [ -0.0012346, 50.995584399999984 ] } },
{ "type": "Feature", "properties": { "name": "Groombridge", "ref:crs": null, "ref": null, "id": 517 }, "geometry": { "type": "Point", "coordinates": [ 0.1880755, 51.1122821 ] } },
{ "type": "Feature", "properties": { "name": "Tunbridge Wells West", "ref:crs": null, "ref": null, "id": 518 }, "geometry": { "type": "Point", "coordinates": [ 0.2526778, 51.123588799999979 ] } },
{ "type": "Feature", "properties": { "name": "Tenterden Town", "ref:crs": null, "ref": null, "id": 519 }, "geometry": { "type": "Point", "coordinates": [ 0.6852189, 51.0703263 ] } },
{ "type": "Feature", "properties": { "name": "Rolvenden", "ref:crs": null, "ref": null, "id": 520 }, "geometry": { "type": "Point", "coordinates": [ 0.6600068, 51.0639927 ] } },
{ "type": "Feature", "properties": { "name": "Wittersham Road", "ref:crs": null, "ref": null, "id": 521 }, "geometry": { "type": "Point", "coordinates": [ 0.6611109, 51.0279011 ] } },
{ "type": "Feature", "properties": { "name": "Northiam", "ref:crs": null, "ref": null, "id": 522 }, "geometry": { "type": "Point", "coordinates": [ 0.613833, 51.0093928 ] } },
{ "type": "Feature", "properties": { "name": "Bodiam", "ref:crs": null, "ref": null, "id": 523 }, "geometry": { "type": "Point", "coordinates": [ 0.5389926, 50.9966492 ] } },
{ "type": "Feature", "properties": { "name": "Hythe", "ref:crs": null, "ref": null, "id": 524 }, "geometry": { "type": "Point", "coordinates": [ 1.0719648, 51.0712703 ] } },
{ "type": "Feature", "properties": { "name": "New Romney", "ref:crs": null, "ref": null, "id": 525 }, "geometry": { "type": "Point", "coordinates": [ 0.954204, 50.9859473 ] } },
{ "type": "Feature", "properties": { "name": "Romney Sands", "ref:crs": null, "ref": null, "id": 526 }, "geometry": { "type": "Point", "coordinates": [ 0.963136, 50.9587303 ] } },
{ "type": "Feature", "properties": { "name": "Dungeness", "ref:crs": null, "ref": null, "id": 527 }, "geometry": { "type": "Point", "coordinates": [ 0.9705863, 50.914493 ] } },
{ "type": "Feature", "properties": { "name": "Bramhall", "ref:crs": "BML", "ref": null, "id": 528 }, "geometry": { "type": "Point", "coordinates": [ -2.1623117, 53.3601721 ] } },
{ "type": "Feature", "properties": { "name": "Queenborough", "ref:crs": "QBR", "ref": null, "id": 529 }, "geometry": { "type": "Point", "coordinates": [ 0.7497742, 51.4159485 ] } },
{ "type": "Feature", "properties": { "name": "Sheerness-on-Sea", "ref:crs": "SSS", "ref": null, "id": 530 }, "geometry": { "type": "Point", "coordinates": [ 0.7583155, 51.4407137 ] } },
{ "type": "Feature", "properties": { "name": "Kemsley", "ref:crs": "KML", "ref": null, "id": 531 }, "geometry": { "type": "Point", "coordinates": [ 0.7349601, 51.3617377 ] } },
{ "type": "Feature", "properties": { "name": "Hockley", "ref:crs": "HOC", "ref": null, "id": 532 }, "geometry": { "type": "Point", "coordinates": [ 0.6591006, 51.6036509 ] } },
{ "type": "Feature", "properties": { "name": "St Enoch", "ref:crs": null, "ref": null, "id": 533 }, "geometry": { "type": "Point", "coordinates": [ -4.2551723, 55.8575955 ] } },
{ "type": "Feature", "properties": { "name": "Buchanan Street", "ref:crs": null, "ref": null, "id": 534 }, "geometry": { "type": "Point", "coordinates": [ -4.2534568, 55.8624334 ] } },
{ "type": "Feature", "properties": { "name": "Bridge Street", "ref:crs": null, "ref": null, "id": 535 }, "geometry": { "type": "Point", "coordinates": [ -4.2582198, 55.8519813 ] } },
{ "type": "Feature", "properties": { "name": "St George's Cross", "ref:crs": null, "ref": null, "id": 536 }, "geometry": { "type": "Point", "coordinates": [ -4.2687116, 55.8711685 ] } },
{ "type": "Feature", "properties": { "name": "Burnley Central", "ref:crs": "BNC", "ref": null, "id": 537 }, "geometry": { "type": "Point", "coordinates": [ -2.2447896, 53.7935522 ] } },
{ "type": "Feature", "properties": { "name": "Burnley Barracks", "ref:crs": "BUB", "ref": null, "id": 538 }, "geometry": { "type": "Point", "coordinates": [ -2.2579533, 53.790928 ] } },
{ "type": "Feature", "properties": { "name": "Nelson", "ref:crs": "NEL", "ref": null, "id": 539 }, "geometry": { "type": "Point", "coordinates": [ -2.2142644, 53.8347164 ] } },
{ "type": "Feature", "properties": { "name": "Brierfield", "ref:crs": "BRF", "ref": null, "id": 540 }, "geometry": { "type": "Point", "coordinates": [ -2.236243, 53.8243669 ] } },
{ "type": "Feature", "properties": { "name": "Kinning Park", "ref:crs": null, "ref": null, "id": 541 }, "geometry": { "type": "Point", "coordinates": [ -4.2881973, 55.8504067 ] } },
{ "type": "Feature", "properties": { "name": "Redcar East", "ref:crs": "RCE", "ref": null, "id": 542 }, "geometry": { "type": "Point", "coordinates": [ -1.0519248, 54.609055 ] } },
{ "type": "Feature", "properties": { "name": "Worthing", "ref:crs": "WRH", "ref": null, "id": 543 }, "geometry": { "type": "Point", "coordinates": [ -0.3761766, 50.81864250000001 ] } },
{ "type": "Feature", "properties": { "name": "Blackhorse Road", "ref:crs": "BHO", "ref": null, "id": 544 }, "geometry": { "type": "Point", "coordinates": [ -0.0416453, 51.5867174 ] } },
{ "type": "Feature", "properties": { "name": "Denton", "ref:crs": "DTN", "ref": null, "id": 545 }, "geometry": { "type": "Point", "coordinates": [ -2.1309424, 53.4574018 ] } },
{ "type": "Feature", "properties": { "name": "Reddish South", "ref:crs": "RDS", "ref": null, "id": 546 }, "geometry": { "type": "Point", "coordinates": [ -2.1586843, 53.435963599999987 ] } },
{ "type": "Feature", "properties": { "name": "Middlewood", "ref:crs": "MDL", "ref": null, "id": 547 }, "geometry": { "type": "Point", "coordinates": [ -2.0835284, 53.3600557 ] } },
{ "type": "Feature", "properties": { "name": "Southport", "ref:crs": "SOP", "ref": null, "id": 548 }, "geometry": { "type": "Point", "coordinates": [ -3.0028279, 53.6468651 ] } },
{ "type": "Feature", "properties": { "name": "West Street", "ref:crs": null, "ref": null, "id": 549 }, "geometry": { "type": "Point", "coordinates": [ -4.2656724, 55.8497133 ] } },
{ "type": "Feature", "properties": { "name": "Shields Road", "ref:crs": null, "ref": null, "id": 550 }, "geometry": { "type": "Point", "coordinates": [ -4.2752438, 55.849824 ] } },
{ "type": "Feature", "properties": { "name": "Mosspark", "ref:crs": "MPK", "ref": null, "id": 551 }, "geometry": { "type": "Point", "coordinates": [ -4.3472093, 55.8406474 ] } },
{ "type": "Feature", "properties": { "name": "Corkerhill", "ref:crs": "CKH", "ref": null, "id": 552 }, "geometry": { "type": "Point", "coordinates": [ -4.3339905, 55.8372522 ] } },
{ "type": "Feature", "properties": { "name": "Tygwyn", "ref:crs": "TYG", "ref": null, "id": 553 }, "geometry": { "type": "Point", "coordinates": [ -4.0785559, 52.8937477 ] } },
{ "type": "Feature", "properties": { "name": "Taplow", "ref:crs": "TAP", "ref": null, "id": 554 }, "geometry": { "type": "Point", "coordinates": [ -0.6818864, 51.5233325 ] } },
{ "type": "Feature", "properties": { "name": "Higham", "ref:crs": "HGM", "ref": null, "id": 555 }, "geometry": { "type": "Point", "coordinates": [ 0.4660183, 51.426953 ] } },
{ "type": "Feature", "properties": { "name": "West Worthing", "ref:crs": "WWO", "ref": null, "id": 556 }, "geometry": { "type": "Point", "coordinates": [ -0.3933519, 50.818373 ] } },
{ "type": "Feature", "properties": { "name": "Trimley", "ref:crs": "TRM", "ref": null, "id": 557 }, "geometry": { "type": "Point", "coordinates": [ 1.3194153, 51.9766523 ] } },
{ "type": "Feature", "properties": { "name": "St Andrews Road", "ref:crs": "SAR", "ref": null, "id": 558 }, "geometry": { "type": "Point", "coordinates": [ -2.6964411, 51.5124477 ] } },
{ "type": "Feature", "properties": { "name": "Shirehampton", "ref:crs": "SHH", "ref": null, "id": 559 }, "geometry": { "type": "Point", "coordinates": [ -2.6789317, 51.4842773 ] } },
{ "type": "Feature", "properties": { "name": "Pemberton", "ref:crs": "PEM", "ref": null, "id": 560 }, "geometry": { "type": "Point", "coordinates": [ -2.6695158, 53.530526 ] } },
{ "type": "Feature", "properties": { "name": "Wigan Wallgate", "ref:crs": "WGW", "ref": null, "id": 561 }, "geometry": { "type": "Point", "coordinates": [ -2.6342351, 53.5450582 ] } },
{ "type": "Feature", "properties": { "name": "Wishaw", "ref:crs": "WSH", "ref": null, "id": 562 }, "geometry": { "type": "Point", "coordinates": [ -3.926309, 55.772201 ] } },
{ "type": "Feature", "properties": { "name": "Uddingston", "ref:crs": "UDD", "ref": null, "id": 563 }, "geometry": { "type": "Point", "coordinates": [ -4.0870466, 55.8235539 ] } },
{ "type": "Feature", "properties": { "name": "Cambuslang", "ref:crs": "CBL", "ref": null, "id": 564 }, "geometry": { "type": "Point", "coordinates": [ -4.1730177, 55.819453299999985 ] } },
{ "type": "Feature", "properties": { "name": "Airbles", "ref:crs": "AIR", "ref": null, "id": 565 }, "geometry": { "type": "Point", "coordinates": [ -3.9946997, 55.7820658 ] } },
{ "type": "Feature", "properties": { "name": "Hamilton West", "ref:crs": "HNW", "ref": null, "id": 566 }, "geometry": { "type": "Point", "coordinates": [ -4.055493, 55.7793567 ] } },
{ "type": "Feature", "properties": { "name": "Blantyre", "ref:crs": "BLT", "ref": null, "id": 567 }, "geometry": { "type": "Point", "coordinates": [ -4.0868786, 55.7972986 ] } },
{ "type": "Feature", "properties": { "name": "Burnside", "ref:crs": "BUI", "ref": null, "id": 568 }, "geometry": { "type": "Point", "coordinates": [ -4.2031241, 55.8169392 ] } },
{ "type": "Feature", "properties": { "name": "Croftfoot", "ref:crs": "CFF", "ref": null, "id": 569 }, "geometry": { "type": "Point", "coordinates": [ -4.2282424, 55.8182468 ] } },
{ "type": "Feature", "properties": { "name": "Kings Park", "ref:crs": "KGP", "ref": null, "id": 570 }, "geometry": { "type": "Point", "coordinates": [ -4.2462819, 55.8195122 ] } },
{ "type": "Feature", "properties": { "name": "Johnstone", "ref:crs": "JHN", "ref": null, "id": 571 }, "geometry": { "type": "Point", "coordinates": [ -4.5031136, 55.8342897 ] } },
{ "type": "Feature", "properties": { "name": "Howwood", "ref:crs": "HOZ", "ref": null, "id": 572 }, "geometry": { "type": "Point", "coordinates": [ -4.5625091, 55.8105718 ] } },
{ "type": "Feature", "properties": { "name": "Glengarnock", "ref:crs": "GLG", "ref": null, "id": 573 }, "geometry": { "type": "Point", "coordinates": [ -4.6748068, 55.7390497 ] } },
{ "type": "Feature", "properties": { "name": "Dalry", "ref:crs": "DLY", "ref": null, "id": 574 }, "geometry": { "type": "Point", "coordinates": [ -4.7111544, 55.7060234 ] } },
{ "type": "Feature", "properties": { "name": "Rainhill", "ref:crs": "RNH", "ref": null, "id": 575 }, "geometry": { "type": "Point", "coordinates": [ -2.7662934, 53.4172066 ] } },
{ "type": "Feature", "properties": { "name": "Orrell", "ref:crs": "ORR", "ref": null, "id": 576 }, "geometry": { "type": "Point", "coordinates": [ -2.7091136, 53.53016 ] } },
{ "type": "Feature", "properties": { "name": "Upholland", "ref:crs": "UPL", "ref": null, "id": 577 }, "geometry": { "type": "Point", "coordinates": [ -2.7410475, 53.5284097 ] } },
{ "type": "Feature", "properties": { "name": "Rainford", "ref:crs": "RNF", "ref": null, "id": 578 }, "geometry": { "type": "Point", "coordinates": [ -2.7885785, 53.5171092 ] } },
{ "type": "Feature", "properties": { "name": "Irvine", "ref:crs": "IRV", "ref": null, "id": 579 }, "geometry": { "type": "Point", "coordinates": [ -4.674835, 55.6112334 ] } },
{ "type": "Feature", "properties": { "name": "Stevenston", "ref:crs": "STV", "ref": null, "id": 580 }, "geometry": { "type": "Point", "coordinates": [ -4.7501074, 55.6342495 ] } },
{ "type": "Feature", "properties": { "name": "Ardrossan South Beach", "ref:crs": "ASB", "ref": null, "id": 581 }, "geometry": { "type": "Point", "coordinates": [ -4.8005743, 55.6411682 ] } },
{ "type": "Feature", "properties": { "name": "Ardrossan Town", "ref:crs": "ADN", "ref": null, "id": 582 }, "geometry": { "type": "Point", "coordinates": [ -4.8125364, 55.6398834 ] } },
{ "type": "Feature", "properties": { "name": "Ardrossan Harbour", "ref:crs": "ADS", "ref": null, "id": 583 }, "geometry": { "type": "Point", "coordinates": [ -4.8208323, 55.6398277 ] } },
{ "type": "Feature", "properties": { "name": "West Kilbride", "ref:crs": "WKB", "ref": null, "id": 584 }, "geometry": { "type": "Point", "coordinates": [ -4.8513782, 55.6964342 ] } },
{ "type": "Feature", "properties": { "name": "Fairlie", "ref:crs": "FRL", "ref": null, "id": 585 }, "geometry": { "type": "Point", "coordinates": [ -4.8531757, 55.7515354 ] } },
{ "type": "Feature", "properties": { "name": "Largs", "ref:crs": "LAR", "ref": null, "id": 586 }, "geometry": { "type": "Point", "coordinates": [ -4.8676241, 55.7932511 ] } },
{ "type": "Feature", "properties": { "name": "Maryhill", "ref:crs": "MYH", "ref": null, "id": 587 }, "geometry": { "type": "Point", "coordinates": [ -4.3011492, 55.8975029 ] } },
{ "type": "Feature", "properties": { "name": "Kennishead", "ref:crs": "KNS", "ref": null, "id": 588 }, "geometry": { "type": "Point", "coordinates": [ -4.324607, 55.8134577 ] } },
{ "type": "Feature", "properties": { "name": "Nitshill", "ref:crs": "NIT", "ref": null, "id": 589 }, "geometry": { "type": "Point", "coordinates": [ -4.3604363, 55.811893499999975 ] } },
{ "type": "Feature", "properties": { "name": "Kirkby", "ref:crs": "KIR", "ref": null, "id": 590 }, "geometry": { "type": "Point", "coordinates": [ -2.9028054, 53.4863899 ] } },
{ "type": "Feature", "properties": { "name": "Aintree", "ref:crs": "AIN", "ref": null, "id": 591 }, "geometry": { "type": "Point", "coordinates": [ -2.9563311, 53.4738148 ] } },
{ "type": "Feature", "properties": { "name": "Waterloo", "ref:crs": "WLO", "ref": null, "id": 592 }, "geometry": { "type": "Point", "coordinates": [ -3.0251924, 53.4746595 ] } },
{ "type": "Feature", "properties": { "name": "Formby", "ref:crs": "FBY", "ref": null, "id": 593 }, "geometry": { "type": "Point", "coordinates": [ -3.0709185, 53.5543155 ] } },
{ "type": "Feature", "properties": { "name": "Ainsdale", "ref:crs": "ANS", "ref": null, "id": 594 }, "geometry": { "type": "Point", "coordinates": [ -3.04264, 53.6018568 ] } },
{ "type": "Feature", "properties": { "name": "Seaforth & Litherland", "ref:crs": "SFL", "ref": null, "id": 595 }, "geometry": { "type": "Point", "coordinates": [ -3.0047956, 53.4655761 ] } },
{ "type": "Feature", "properties": { "name": "Bootle New Strand", "ref:crs": "BNW", "ref": null, "id": 596 }, "geometry": { "type": "Point", "coordinates": [ -2.9946156, 53.4527853 ] } },
{ "type": "Feature", "properties": { "name": "Bootle Oriel Road", "ref:crs": "BOT", "ref": null, "id": 597 }, "geometry": { "type": "Point", "coordinates": [ -2.9956678, 53.4467 ] } },
{ "type": "Feature", "properties": { "name": "Pollokshaws East", "ref:crs": "PWE", "ref": null, "id": 598 }, "geometry": { "type": "Point", "coordinates": [ -4.2871464, 55.8248032 ] } },
{ "type": "Feature", "properties": { "name": "Langside", "ref:crs": "LGS", "ref": null, "id": 599 }, "geometry": { "type": "Point", "coordinates": [ -4.2763033, 55.8209593 ] } },
{ "type": "Feature", "properties": { "name": "Crosshill", "ref:crs": "COI", "ref": null, "id": 600 }, "geometry": { "type": "Point", "coordinates": [ -4.2566597, 55.833259 ] } },
{ "type": "Feature", "properties": { "name": "Queens Park", "ref:crs": "QPK", "ref": null, "id": 601 }, "geometry": { "type": "Point", "coordinates": [ -4.2669649, 55.8353494 ] } },
{ "type": "Feature", "properties": { "name": "Dunlop", "ref:crs": "DNL", "ref": null, "id": 602 }, "geometry": { "type": "Point", "coordinates": [ -4.5323997, 55.7119142 ] } },
{ "type": "Feature", "properties": { "name": "Stewarton", "ref:crs": "STT", "ref": null, "id": 603 }, "geometry": { "type": "Point", "coordinates": [ -4.51818, 55.6820232 ] } },
{ "type": "Feature", "properties": { "name": "Kilmaurs", "ref:crs": "KLM", "ref": null, "id": 604 }, "geometry": { "type": "Point", "coordinates": [ -4.5305498, 55.6371026 ] } },
{ "type": "Feature", "properties": { "name": "Maybole", "ref:crs": "MAY", "ref": null, "id": 605 }, "geometry": { "type": "Point", "coordinates": [ -4.6858566, 55.3545688 ] } },
{ "type": "Feature", "properties": { "name": "Girvan", "ref:crs": "GIR", "ref": null, "id": 606 }, "geometry": { "type": "Point", "coordinates": [ -4.8480843, 55.2462778 ] } },
{ "type": "Feature", "properties": { "name": "Barrhill", "ref:crs": "BRL", "ref": null, "id": 607 }, "geometry": { "type": "Point", "coordinates": [ -4.782098, 55.0973578 ] } },
{ "type": "Feature", "properties": { "name": "Stranraer", "ref:crs": "STR", "ref": null, "id": 608 }, "geometry": { "type": "Point", "coordinates": [ -5.024767, 54.9092855 ] } },
{ "type": "Feature", "properties": { "name": "Dumbreck", "ref:crs": "DUM", "ref": null, "id": 609 }, "geometry": { "type": "Point", "coordinates": [ -4.3007989, 55.8449511 ] } },
{ "type": "Feature", "properties": { "name": "Bare Lane", "ref:crs": "BAR", "ref": null, "id": 610 }, "geometry": { "type": "Point", "coordinates": [ -2.8349663, 54.0746566 ] } },
{ "type": "Feature", "properties": { "name": "Morecambe", "ref:crs": "MCM", "ref": null, "id": 611 }, "geometry": { "type": "Point", "coordinates": [ -2.8685482, 54.0703282 ] } },
{ "type": "Feature", "properties": { "name": "Heysham Port", "ref:crs": "HHB", "ref": null, "id": 612 }, "geometry": { "type": "Point", "coordinates": [ -2.912999, 54.0333273 ] } },
{ "type": "Feature", "properties": { "name": "Greenock West", "ref:crs": "GKW", "ref": null, "id": 613 }, "geometry": { "type": "Point", "coordinates": [ -4.767762, 55.9472002 ] } },
{ "type": "Feature", "properties": { "name": "Inverkip", "ref:crs": "INP", "ref": null, "id": 614 }, "geometry": { "type": "Point", "coordinates": [ -4.8726993, 55.9060342 ] } },
{ "type": "Feature", "properties": { "name": "Wemyss Bay", "ref:crs": "WMS", "ref": null, "id": 615 }, "geometry": { "type": "Point", "coordinates": [ -4.8894855, 55.8764602 ] } },
{ "type": "Feature", "properties": { "name": "Mount Vernon", "ref:crs": "MTV", "ref": null, "id": 616 }, "geometry": { "type": "Point", "coordinates": [ -4.1326839, 55.8404655 ] } },
{ "type": "Feature", "properties": { "name": "Bargeddie", "ref:crs": "BGI", "ref": null, "id": 617 }, "geometry": { "type": "Point", "coordinates": [ -4.0737519, 55.8512996 ] } },
{ "type": "Feature", "properties": { "name": "Baillieston", "ref:crs": "BIO", "ref": null, "id": 618 }, "geometry": { "type": "Point", "coordinates": [ -4.1137169, 55.8445129 ] } },
{ "type": "Feature", "properties": { "name": "Falmouth Docks", "ref:crs": "FAL", "ref": null, "id": 619 }, "geometry": { "type": "Point", "coordinates": [ -5.0557922, 50.1507822 ] } },
{ "type": "Feature", "properties": { "name": "Falmouth Town", "ref:crs": "FMT", "ref": null, "id": 620 }, "geometry": { "type": "Point", "coordinates": [ -5.0649675, 50.1483073 ] } },
{ "type": "Feature", "properties": { "name": "Penmere", "ref:crs": "PNM", "ref": null, "id": 621 }, "geometry": { "type": "Point", "coordinates": [ -5.0832589, 50.1503799 ] } },
{ "type": "Feature", "properties": { "name": "Penryn", "ref:crs": "PYN", "ref": null, "id": 622 }, "geometry": { "type": "Point", "coordinates": [ -5.1116752, 50.1707383 ] } },
{ "type": "Feature", "properties": { "name": "Perranwell", "ref:crs": "PRW", "ref": null, "id": 623 }, "geometry": { "type": "Point", "coordinates": [ -5.1119791, 50.2166335 ] } },
{ "type": "Feature", "properties": { "name": "Menheniot", "ref:crs": "MEN", "ref": null, "id": 624 }, "geometry": { "type": "Point", "coordinates": [ -4.4095333, 50.4266018 ] } },
{ "type": "Feature", "properties": { "name": "St Germans", "ref:crs": "SGM", "ref": null, "id": 625 }, "geometry": { "type": "Point", "coordinates": [ -4.3084572, 50.3942108 ] } },
{ "type": "Feature", "properties": { "name": "Saltash", "ref:crs": "STS", "ref": null, "id": 626 }, "geometry": { "type": "Point", "coordinates": [ -4.2091547, 50.4072015 ] } },
{ "type": "Feature", "properties": { "name": "Keyham", "ref:crs": "KEY", "ref": null, "id": 627 }, "geometry": { "type": "Point", "coordinates": [ -4.1798923, 50.3899651 ] } },
{ "type": "Feature", "properties": { "name": "Holytown", "ref:crs": "HLY", "ref": null, "id": 628 }, "geometry": { "type": "Point", "coordinates": [ -3.9734878, 55.812564 ] } },
{ "type": "Feature", "properties": { "name": "Shotts", "ref:crs": "SHS", "ref": null, "id": 629 }, "geometry": { "type": "Point", "coordinates": [ -3.7990785, 55.8185654 ] } },
{ "type": "Feature", "properties": { "name": "Addiewell", "ref:crs": "ADW", "ref": null, "id": 630 }, "geometry": { "type": "Point", "coordinates": [ -3.6063049, 55.8434492 ] } },
{ "type": "Feature", "properties": { "name": "Fauldhouse", "ref:crs": "FLD", "ref": null, "id": 631 }, "geometry": { "type": "Point", "coordinates": [ -3.7192484, 55.8224448 ] } },
{ "type": "Feature", "properties": { "name": "Breich", "ref:crs": "BRC", "ref": null, "id": 632 }, "geometry": { "type": "Point", "coordinates": [ -3.6675876, 55.8274751 ] } },
{ "type": "Feature", "properties": { "name": "Warcop", "ref:crs": null, "ref": null, "id": 633 }, "geometry": { "type": "Point", "coordinates": [ -2.3825907, 54.535489599999984 ] } },
{ "type": "Feature", "properties": { "name": "Kirkby Stephen East", "ref:crs": null, "ref": null, "id": 634 }, "geometry": { "type": "Point", "coordinates": [ -2.357978, 54.462590699999986 ] } },
{ "type": "Feature", "properties": { "name": "Dingle Road", "ref:crs": "DGL", "ref": null, "id": 635 }, "geometry": { "type": "Point", "coordinates": [ -3.1799893, 51.4399933 ] } },
{ "type": "Feature", "properties": { "name": "Cogan", "ref:crs": "CGN", "ref": null, "id": 636 }, "geometry": { "type": "Point", "coordinates": [ -3.1893329, 51.4458142 ] } },
{ "type": "Feature", "properties": { "name": "Eastbrook", "ref:crs": "EBK", "ref": null, "id": 637 }, "geometry": { "type": "Point", "coordinates": [ -3.2062588, 51.4378361 ] } },
{ "type": "Feature", "properties": { "name": "Dinas Powys", "ref:crs": "DNS", "ref": null, "id": 638 }, "geometry": { "type": "Point", "coordinates": [ -3.219067, 51.4312712 ] } },
{ "type": "Feature", "properties": { "name": "Cardiff Bay", "ref:crs": "CDB", "ref": null, "id": 639 }, "geometry": { "type": "Point", "coordinates": [ -3.1670664, 51.4678964 ] } },
{ "type": "Feature", "properties": { "name": "Leasowe", "ref:crs": "LSW", "ref": null, "id": 640 }, "geometry": { "type": "Point", "coordinates": [ -3.0999836, 53.4080707 ] } },
{ "type": "Feature", "properties": { "name": "Moreton", "ref:crs": "MRT", "ref": null, "id": 641 }, "geometry": { "type": "Point", "coordinates": [ -3.1132099, 53.407278 ] } },
{ "type": "Feature", "properties": { "name": "Upton", "ref:crs": "UPT", "ref": null, "id": 642 }, "geometry": { "type": "Point", "coordinates": [ -3.0841027, 53.3864458 ] } },
{ "type": "Feature", "properties": { "name": "Romford", "ref:crs": "RMF", "ref": null, "id": 643 }, "geometry": { "type": "Point", "coordinates": [ 0.1826107, 51.5747271 ] } },
{ "type": "Feature", "properties": { "name": "Angmering", "ref:crs": "ANG", "ref": null, "id": 644 }, "geometry": { "type": "Point", "coordinates": [ -0.4881271, 50.8165151 ] } },
{ "type": "Feature", "properties": { "name": "Taffs Well", "ref:crs": "TAF", "ref": null, "id": 645 }, "geometry": { "type": "Point", "coordinates": [ -3.2634336, 51.5407887 ] } },
{ "type": "Feature", "properties": { "name": "Treforest Estate", "ref:crs": "TRE", "ref": null, "id": 646 }, "geometry": { "type": "Point", "coordinates": [ -3.2902376, 51.5681608 ] } },
{ "type": "Feature", "properties": { "name": "Trefforest", "ref:crs": "TRF", "ref": null, "id": 647 }, "geometry": { "type": "Point", "coordinates": [ -3.3249855, 51.5918935 ] } },
{ "type": "Feature", "properties": { "name": "Southwick", "ref:crs": "SWK", "ref": null, "id": 648 }, "geometry": { "type": "Point", "coordinates": [ -0.2371971, 50.8324943 ] } },
{ "type": "Feature", "properties": { "name": "Fort Matilda", "ref:crs": "FTM", "ref": null, "id": 649 }, "geometry": { "type": "Point", "coordinates": [ -4.7952091, 55.9589194 ] } },
{ "type": "Feature", "properties": { "name": "Wood End", "ref:crs": "WDE", "ref": null, "id": 650 }, "geometry": { "type": "Point", "coordinates": [ -1.8444546, 52.344384499999983 ] } },
{ "type": "Feature", "properties": { "name": "Stratford-upon-Avon", "ref:crs": "SAV", "ref": null, "id": 651 }, "geometry": { "type": "Point", "coordinates": [ -1.7163221, 52.1944695 ] } },
{ "type": "Feature", "properties": { "name": "Whitlocks End", "ref:crs": "WTE", "ref": null, "id": 652 }, "geometry": { "type": "Point", "coordinates": [ -1.8514322, 52.3918816 ] } },
{ "type": "Feature", "properties": { "name": "Wythall", "ref:crs": "WYT", "ref": null, "id": 653 }, "geometry": { "type": "Point", "coordinates": [ -1.8654572, 52.3800791 ] } },
{ "type": "Feature", "properties": { "name": "Henley-in-Arden", "ref:crs": "HNL", "ref": null, "id": 654 }, "geometry": { "type": "Point", "coordinates": [ -1.7839992, 52.2914546 ] } },
{ "type": "Feature", "properties": { "name": "Stratford-upon-Avon Parkway", "ref:crs": "STY", "ref": null, "id": 655 }, "geometry": { "type": "Point", "coordinates": [ -1.7304498, 52.2065538 ] } },
{ "type": "Feature", "properties": { "name": "Radyr", "ref:crs": "RDR", "ref": null, "id": 656 }, "geometry": { "type": "Point", "coordinates": [ -3.249383, 51.5167185 ] } },
{ "type": "Feature", "properties": { "name": "Newton St Cyres", "ref:crs": "NTC", "ref": null, "id": 657 }, "geometry": { "type": "Point", "coordinates": [ -3.5890083, 50.7787397 ] } },
{ "type": "Feature", "properties": { "name": "Crediton", "ref:crs": "CDI", "ref": null, "id": 658 }, "geometry": { "type": "Point", "coordinates": [ -3.6467418, 50.7833186 ] } },
{ "type": "Feature", "properties": { "name": "Yeoford", "ref:crs": "YEO", "ref": null, "id": 659 }, "geometry": { "type": "Point", "coordinates": [ -3.7267107, 50.7767481 ] } },
{ "type": "Feature", "properties": { "name": "Copplestone", "ref:crs": "COP", "ref": null, "id": 660 }, "geometry": { "type": "Point", "coordinates": [ -3.7513163, 50.814346399999984 ] } },
{ "type": "Feature", "properties": { "name": "Morchard Road", "ref:crs": "MRD", "ref": null, "id": 661 }, "geometry": { "type": "Point", "coordinates": [ -3.7761159, 50.8317005 ] } },
{ "type": "Feature", "properties": { "name": "Lapford", "ref:crs": "LAP", "ref": null, "id": 662 }, "geometry": { "type": "Point", "coordinates": [ -3.8107134, 50.8570052 ] } },
{ "type": "Feature", "properties": { "name": "Eggesford", "ref:crs": "EGG", "ref": null, "id": 663 }, "geometry": { "type": "Point", "coordinates": [ -3.8751093, 50.8876902 ] } },
{ "type": "Feature", "properties": { "name": "Kings Nympton", "ref:crs": "KGN", "ref": null, "id": 664 }, "geometry": { "type": "Point", "coordinates": [ -3.9054023, 50.9359781 ] } },
{ "type": "Feature", "properties": { "name": "Umberleigh", "ref:crs": "UMB", "ref": null, "id": 665 }, "geometry": { "type": "Point", "coordinates": [ -3.9827596, 50.9966433 ] } },
{ "type": "Feature", "properties": { "name": "Chapelton", "ref:crs": "CPN", "ref": null, "id": 666 }, "geometry": { "type": "Point", "coordinates": [ -4.0245509, 51.016229 ] } },
{ "type": "Feature", "properties": { "name": "Okehampton", "ref:crs": "OKE", "ref": null, "id": 667 }, "geometry": { "type": "Point", "coordinates": [ -3.9964221, 50.732333299999986 ] } },
{ "type": "Feature", "properties": { "name": "Bere Ferrers", "ref:crs": "BFE", "ref": null, "id": 668 }, "geometry": { "type": "Point", "coordinates": [ -4.1814548, 50.4510874 ] } },
{ "type": "Feature", "properties": { "name": "Bere Alston", "ref:crs": "BAS", "ref": null, "id": 669 }, "geometry": { "type": "Point", "coordinates": [ -4.2003187, 50.4856076 ] } },
{ "type": "Feature", "properties": { "name": "Calstock", "ref:crs": "CSK", "ref": null, "id": 670 }, "geometry": { "type": "Point", "coordinates": [ -4.208583, 50.497994 ] } },
{ "type": "Feature", "properties": { "name": "Coombe Junction Halt", "ref:crs": "COE", "ref": null, "id": 671 }, "geometry": { "type": "Point", "coordinates": [ -4.4813527, 50.4451584 ] } },
{ "type": "Feature", "properties": { "name": "St Keyne Wishing Well Halt", "ref:crs": "SKN", "ref": null, "id": 672 }, "geometry": { "type": "Point", "coordinates": [ -4.4633482, 50.422821399999989 ] } },
{ "type": "Feature", "properties": { "name": "Causeland", "ref:crs": "CAU", "ref": null, "id": 673 }, "geometry": { "type": "Point", "coordinates": [ -4.4664151, 50.4056895 ] } },
{ "type": "Feature", "properties": { "name": "Looe", "ref:crs": "LOO", "ref": null, "id": 674 }, "geometry": { "type": "Point", "coordinates": [ -4.4563912, 50.359561299999982 ] } },
{ "type": "Feature", "properties": { "name": "Warblington", "ref:crs": "WBL", "ref": null, "id": 675 }, "geometry": { "type": "Point", "coordinates": [ -0.9671209, 50.8535025 ] } },
{ "type": "Feature", "properties": { "name": "Maesteg", "ref:crs": "MST", "ref": null, "id": 676 }, "geometry": { "type": "Point", "coordinates": [ -3.6549668, 51.609681 ] } },
{ "type": "Feature", "properties": { "name": "Garth (Bridgend)", "ref:crs": "GMG", "ref": null, "id": 677 }, "geometry": { "type": "Point", "coordinates": [ -3.6426832, 51.5966785 ] } },
{ "type": "Feature", "properties": { "name": "Rushcliffe Halt", "ref:crs": null, "ref": null, "id": 678 }, "geometry": { "type": "Point", "coordinates": [ -1.1822374, 52.8438171 ] } },
{ "type": "Feature", "properties": { "name": "Wansford (NVR)", "ref:crs": null, "ref": null, "id": 679 }, "geometry": { "type": "Point", "coordinates": [ -0.3898649, 52.5681509 ] } },
{ "type": "Feature", "properties": { "name": "Orton Mere (NVR)", "ref:crs": null, "ref": null, "id": 680 }, "geometry": { "type": "Point", "coordinates": [ -0.2800883, 52.5600241 ] } },
{ "type": "Feature", "properties": { "name": "Swanage", "ref:crs": null, "ref": null, "id": 681 }, "geometry": { "type": "Point", "coordinates": [ -1.9602545, 50.6099662 ] } },
{ "type": "Feature", "properties": { "name": "Devonport", "ref:crs": "DPT", "ref": null, "id": 682 }, "geometry": { "type": "Point", "coordinates": [ -4.1701007, 50.3785212 ] } },
{ "type": "Feature", "properties": { "name": "Dockyard", "ref:crs": "DOC", "ref": null, "id": 683 }, "geometry": { "type": "Point", "coordinates": [ -4.1760432, 50.3823684 ] } },
{ "type": "Feature", "properties": { "name": "Stanhope", "ref:crs": null, "ref": null, "id": 684 }, "geometry": { "type": "Point", "coordinates": [ -2.0030416, 54.7431657 ] } },
{ "type": "Feature", "properties": { "name": "Devil's Bridge / Pontarfynach", "ref:crs": null, "ref": null, "id": 685 }, "geometry": { "type": "Point", "coordinates": [ -3.8545939, 52.376061 ] } },
{ "type": "Feature", "properties": { "name": "Rhiwfron", "ref:crs": null, "ref": null, "id": 686 }, "geometry": { "type": "Point", "coordinates": [ -3.8695391, 52.38375 ] } },
{ "type": "Feature", "properties": { "name": "Aberffrwd", "ref:crs": null, "ref": null, "id": 687 }, "geometry": { "type": "Point", "coordinates": [ -3.9311239, 52.390776399999972 ] } },
{ "type": "Feature", "properties": { "name": "Capel Bangor", "ref:crs": null, "ref": null, "id": 688 }, "geometry": { "type": "Point", "coordinates": [ -3.9889123, 52.399374499999986 ] } },
{ "type": "Feature", "properties": { "name": "Llanbadarn", "ref:crs": null, "ref": null, "id": 689 }, "geometry": { "type": "Point", "coordinates": [ -4.0618313, 52.4059721 ] } },
{ "type": "Feature", "properties": { "name": "Clapham South", "ref:crs": null, "ref": null, "id": 690 }, "geometry": { "type": "Point", "coordinates": [ -0.1476057, 51.4527671 ] } },
{ "type": "Feature", "properties": { "name": "Balham", "ref:crs": null, "ref": null, "id": 691 }, "geometry": { "type": "Point", "coordinates": [ -0.1528977, 51.4433857 ] } },
{ "type": "Feature", "properties": { "name": "Tooting Broadway", "ref:crs": null, "ref": null, "id": 692 }, "geometry": { "type": "Point", "coordinates": [ -0.1682905, 51.427738699999985 ] } },
{ "type": "Feature", "properties": { "name": "Colliers Wood", "ref:crs": null, "ref": null, "id": 693 }, "geometry": { "type": "Point", "coordinates": [ -0.1778626, 51.4182747 ] } },
{ "type": "Feature", "properties": { "name": "South Wimbledon", "ref:crs": null, "ref": "ZSI", "id": 694 }, "geometry": { "type": "Point", "coordinates": [ -0.1926457, 51.4151759 ] } },
{ "type": "Feature", "properties": { "name": "Fishbourne", "ref:crs": "FSB", "ref": null, "id": 695 }, "geometry": { "type": "Point", "coordinates": [ -0.8155144, 50.8391034 ] } },
{ "type": "Feature", "properties": { "name": "Hunmanby", "ref:crs": "HUB", "ref": null, "id": 696 }, "geometry": { "type": "Point", "coordinates": [ -0.3145872, 54.1739872 ] } },
{ "type": "Feature", "properties": { "name": "Redbridge", "ref:crs": null, "ref": "ZRE", "id": 697 }, "geometry": { "type": "Point", "coordinates": [ 0.0454097, 51.5763203 ] } },
{ "type": "Feature", "properties": { "name": "St James' Park", "ref:crs": "SJP", "ref": null, "id": 698 }, "geometry": { "type": "Point", "coordinates": [ -3.5225718, 50.7309668 ] } },
{ "type": "Feature", "properties": { "name": "Glossop", "ref:crs": "GLO", "ref": null, "id": 699 }, "geometry": { "type": "Point", "coordinates": [ -1.950017, 53.4448108 ] } },
{ "type": "Feature", "properties": { "name": "Dinting", "ref:crs": "DTG", "ref": null, "id": 700 }, "geometry": { "type": "Point", "coordinates": [ -1.9705971, 53.4493243 ] } },
{ "type": "Feature", "properties": { "name": "Broadbottom", "ref:crs": "BDB", "ref": null, "id": 701 }, "geometry": { "type": "Point", "coordinates": [ -2.0160042, 53.4407902 ] } },
{ "type": "Feature", "properties": { "name": "Hattersley", "ref:crs": "HTY", "ref": null, "id": 702 }, "geometry": { "type": "Point", "coordinates": [ -2.039436, 53.4449376 ] } },
{ "type": "Feature", "properties": { "name": "Godley", "ref:crs": "GDL", "ref": null, "id": 703 }, "geometry": { "type": "Point", "coordinates": [ -2.0556364, 53.4522488 ] } },
{ "type": "Feature", "properties": { "name": "Woodley", "ref:crs": "WLY", "ref": null, "id": 704 }, "geometry": { "type": "Point", "coordinates": [ -2.0928676, 53.4291998 ] } },
{ "type": "Feature", "properties": { "name": "Rose Hill Marple", "ref:crs": "RSH", "ref": null, "id": 705 }, "geometry": { "type": "Point", "coordinates": [ -2.0765086, 53.3960432 ] } },
{ "type": "Feature", "properties": { "name": "Hyde Central", "ref:crs": "HYC", "ref": null, "id": 706 }, "geometry": { "type": "Point", "coordinates": [ -2.0850769, 53.4513383 ] } },
{ "type": "Feature", "properties": { "name": "Surbiton", "ref:crs": "SUR", "ref": null, "id": 707 }, "geometry": { "type": "Point", "coordinates": [ -0.3039992, 51.3924111 ] } },
{ "type": "Feature", "properties": { "name": "Aldermaston", "ref:crs": "AMT", "ref": null, "id": 708 }, "geometry": { "type": "Point", "coordinates": [ -1.1367025, 51.402209899999988 ] } },
{ "type": "Feature", "properties": { "name": "Midgham", "ref:crs": "MDG", "ref": null, "id": 709 }, "geometry": { "type": "Point", "coordinates": [ -1.1782912, 51.3960664 ] } },
{ "type": "Feature", "properties": { "name": "Newbury Racecourse", "ref:crs": "NRC", "ref": null, "id": 710 }, "geometry": { "type": "Point", "coordinates": [ -1.306971, 51.398654 ] } },
{ "type": "Feature", "properties": { "name": "Bruton", "ref:crs": "BRU", "ref": null, "id": 711 }, "geometry": { "type": "Point", "coordinates": [ -2.4471521, 51.1116892 ] } },
{ "type": "Feature", "properties": { "name": "Castle Cary", "ref:crs": "CLC", "ref": null, "id": 712 }, "geometry": { "type": "Point", "coordinates": [ -2.5224232, 51.099857 ] } },
{ "type": "Feature", "properties": { "name": "Melksham", "ref:crs": "MKM", "ref": null, "id": 713 }, "geometry": { "type": "Point", "coordinates": [ -2.144607, 51.3801725 ] } },
{ "type": "Feature", "properties": { "name": "Ptarmigan Station", "ref:crs": null, "ref": null, "id": 714 }, "geometry": { "type": "Point", "coordinates": [ -3.6453886, 57.1240153 ] } },
{ "type": "Feature", "properties": { "name": "Worstead", "ref:crs": "WRT", "ref": null, "id": 715 }, "geometry": { "type": "Point", "coordinates": [ 1.4040132, 52.777345 ] } },
{ "type": "Feature", "properties": { "name": "Llanrwst", "ref:crs": "LWR", "ref": null, "id": 716 }, "geometry": { "type": "Point", "coordinates": [ -3.7946636, 53.1390542 ] } },
{ "type": "Feature", "properties": { "name": "Gogledd Llanrwst / North Llanrwst", "ref:crs": "NLR", "ref": null, "id": 717 }, "geometry": { "type": "Point", "coordinates": [ -3.8026402, 53.144007099999989 ] } },
{ "type": "Feature", "properties": { "name": "Dolgarrog", "ref:crs": "DLG", "ref": null, "id": 718 }, "geometry": { "type": "Point", "coordinates": [ -3.8231367, 53.1859355 ] } },
{ "type": "Feature", "properties": { "name": "Tal-y-Cafn", "ref:crs": "TLC", "ref": null, "id": 719 }, "geometry": { "type": "Point", "coordinates": [ -3.8183737, 53.2284216 ] } },
{ "type": "Feature", "properties": { "name": "Lympstone Village", "ref:crs": "LYM", "ref": null, "id": 720 }, "geometry": { "type": "Point", "coordinates": [ -3.4310966, 50.6484198 ] } },
{ "type": "Feature", "properties": { "name": "Motspur Park", "ref:crs": "MOT", "ref": null, "id": 721 }, "geometry": { "type": "Point", "coordinates": [ -0.2396076, 51.3948747 ] } },
{ "type": "Feature", "properties": { "name": "Dudley Port", "ref:crs": "DDP", "ref": null, "id": 722 }, "geometry": { "type": "Point", "coordinates": [ -2.0492538, 52.524461 ] } },
{ "type": "Feature", "properties": { "name": "South Merton", "ref:crs": "SMO", "ref": null, "id": 723 }, "geometry": { "type": "Point", "coordinates": [ -0.2055176, 51.4033264 ] } },
{ "type": "Feature", "properties": { "name": "Redland", "ref:crs": "RDA", "ref": null, "id": 724 }, "geometry": { "type": "Point", "coordinates": [ -2.5987661, 51.4684317 ] } },
{ "type": "Feature", "properties": { "name": "Pilning", "ref:crs": "PIL", "ref": null, "id": 725 }, "geometry": { "type": "Point", "coordinates": [ -2.6267285, 51.556377 ] } },
{ "type": "Feature", "properties": { "name": "Woburn Sands", "ref:crs": "WOB", "ref": null, "id": 726 }, "geometry": { "type": "Point", "coordinates": [ -0.654557, 52.0181089 ] } },
{ "type": "Feature", "properties": { "name": "Bow Brickhill", "ref:crs": "BWB", "ref": null, "id": 727 }, "geometry": { "type": "Point", "coordinates": [ -0.6962178, 52.0042693 ] } },
{ "type": "Feature", "properties": { "name": "Lynmouth Bay", "ref:crs": null, "ref": null, "id": 728 }, "geometry": { "type": "Point", "coordinates": [ -3.8323694, 51.2316264 ] } },
{ "type": "Feature", "properties": { "name": "Upwey", "ref:crs": "UPW", "ref": null, "id": 729 }, "geometry": { "type": "Point", "coordinates": [ -2.466093, 50.6485094 ] } },
{ "type": "Feature", "properties": { "name": "Maiden Newton", "ref:crs": "MDN", "ref": null, "id": 730 }, "geometry": { "type": "Point", "coordinates": [ -2.569663, 50.7802255 ] } },
{ "type": "Feature", "properties": { "name": "Chetnole", "ref:crs": "CNO", "ref": null, "id": 731 }, "geometry": { "type": "Point", "coordinates": [ -2.5729619, 50.866344 ] } },
{ "type": "Feature", "properties": { "name": "Yetminster", "ref:crs": "YET", "ref": null, "id": 732 }, "geometry": { "type": "Point", "coordinates": [ -2.5738017, 50.8957019 ] } },
{ "type": "Feature", "properties": { "name": "Thornford", "ref:crs": "THO", "ref": null, "id": 733 }, "geometry": { "type": "Point", "coordinates": [ -2.5791402, 50.9106779 ] } },
{ "type": "Feature", "properties": { "name": "Yeovil Pen Mill", "ref:crs": "YVP", "ref": null, "id": 734 }, "geometry": { "type": "Point", "coordinates": [ -2.61304, 50.9446866 ] } },
{ "type": "Feature", "properties": { "name": "Manea", "ref:crs": "MNE", "ref": null, "id": 735 }, "geometry": { "type": "Point", "coordinates": [ 0.1778063, 52.4978134 ] } },
{ "type": "Feature", "properties": { "name": "Hendon", "ref:crs": "HEN", "ref": null, "id": 736 }, "geometry": { "type": "Point", "coordinates": [ -0.2388805, 51.5802174 ] } },
{ "type": "Feature", "properties": { "name": "Furze Platt", "ref:crs": "FZP", "ref": null, "id": 737 }, "geometry": { "type": "Point", "coordinates": [ -0.7284148, 51.5331544 ] } },
{ "type": "Feature", "properties": { "name": "Radlett", "ref:crs": "RDT", "ref": null, "id": 738 }, "geometry": { "type": "Point", "coordinates": [ -0.3170888, 51.685325400000025 ] } },
{ "type": "Feature", "properties": { "name": "Grateley", "ref:crs": "GRT", "ref": null, "id": 739 }, "geometry": { "type": "Point", "coordinates": [ -1.6204438, 51.17019590000001 ] } },
{ "type": "Feature", "properties": { "name": "Christchurch", "ref:crs": "CHR", "ref": null, "id": 740 }, "geometry": { "type": "Point", "coordinates": [ -1.7847306, 50.7383709 ] } },
{ "type": "Feature", "properties": { "name": "Durrington-on-Sea", "ref:crs": "DUR", "ref": null, "id": 741 }, "geometry": { "type": "Point", "coordinates": [ -0.4114787, 50.8174419 ] } },
{ "type": "Feature", "properties": { "name": "Plas-y-nant", "ref:crs": null, "ref": null, "id": 742 }, "geometry": { "type": "Point", "coordinates": [ -4.1697854, 53.0829482 ] } },
{ "type": "Feature", "properties": { "name": "Waunfawr", "ref:crs": null, "ref": null, "id": 743 }, "geometry": { "type": "Point", "coordinates": [ -4.201675, 53.1062641 ] } },
{ "type": "Feature", "properties": { "name": "Widdrington", "ref:crs": "WDD", "ref": null, "id": 744 }, "geometry": { "type": "Point", "coordinates": [ -1.6162192, 55.2411444 ] } },
{ "type": "Feature", "properties": { "name": "Medstead and Four Marks", "ref:crs": null, "ref": null, "id": 745 }, "geometry": { "type": "Point", "coordinates": [ -1.0457926, 51.1134108 ] } },
{ "type": "Feature", "properties": { "name": "Bitton", "ref:crs": null, "ref": null, "id": 746 }, "geometry": { "type": "Point", "coordinates": [ -2.4764729, 51.43084060000001 ] } },
{ "type": "Feature", "properties": { "name": "Gunnislake", "ref:crs": "GSL", "ref": null, "id": 747 }, "geometry": { "type": "Point", "coordinates": [ -4.2195227, 50.5166278 ] } },
{ "type": "Feature", "properties": { "name": "Cark and Cartmel", "ref:crs": "CAK", "ref": null, "id": 748 }, "geometry": { "type": "Point", "coordinates": [ -2.9740018, 54.1779678 ] } },
{ "type": "Feature", "properties": { "name": "Dalton", "ref:crs": "DLT", "ref": null, "id": 749 }, "geometry": { "type": "Point", "coordinates": [ -3.1788365, 54.154226 ] } },
{ "type": "Feature", "properties": { "name": "Foxfield", "ref:crs": "FOX", "ref": null, "id": 750 }, "geometry": { "type": "Point", "coordinates": [ -3.2159351, 54.2585965 ] } },
{ "type": "Feature", "properties": { "name": "Silecroft", "ref:crs": "SIC", "ref": null, "id": 751 }, "geometry": { "type": "Point", "coordinates": [ -3.3346818, 54.22608910000001 ] } },
{ "type": "Feature", "properties": { "name": "Seascale", "ref:crs": "SSC", "ref": null, "id": 752 }, "geometry": { "type": "Point", "coordinates": [ -3.4851711, 54.39628840000001 ] } },
{ "type": "Feature", "properties": { "name": "Nethertown", "ref:crs": "NRT", "ref": null, "id": 753 }, "geometry": { "type": "Point", "coordinates": [ -3.5656239, 54.4562273 ] } },
{ "type": "Feature", "properties": { "name": "Harrington", "ref:crs": "HRR", "ref": null, "id": 754 }, "geometry": { "type": "Point", "coordinates": [ -3.5655496, 54.6135197 ] } },
{ "type": "Feature", "properties": { "name": "Flimby", "ref:crs": "FLM", "ref": null, "id": 755 }, "geometry": { "type": "Point", "coordinates": [ -3.5205306, 54.6899875 ] } },
{ "type": "Feature", "properties": { "name": "Dalston", "ref:crs": "DLS", "ref": null, "id": 756 }, "geometry": { "type": "Point", "coordinates": [ -2.9885758, 54.846165 ] } },
{ "type": "Feature", "properties": { "name": "Newstead", "ref:crs": "NSD", "ref": null, "id": 757 }, "geometry": { "type": "Point", "coordinates": [ -1.2218222, 53.069977 ] } },
{ "type": "Feature", "properties": { "name": "Lakenheath", "ref:crs": "LAK", "ref": null, "id": 758 }, "geometry": { "type": "Point", "coordinates": [ 0.5343584, 52.4474224 ] } },
{ "type": "Feature", "properties": { "name": "Abererch", "ref:crs": "ABH", "ref": null, "id": 759 }, "geometry": { "type": "Point", "coordinates": [ -4.3749053, 52.8983791 ] } },
{ "type": "Feature", "properties": { "name": "Penychain", "ref:crs": "PNC", "ref": null, "id": 760 }, "geometry": { "type": "Point", "coordinates": [ -4.338351, 52.9028961 ] } },
{ "type": "Feature", "properties": { "name": "Maghull", "ref:crs": "MAG", "ref": null, "id": 761 }, "geometry": { "type": "Point", "coordinates": [ -2.9310252, 53.5064699 ] } },
{ "type": "Feature", "properties": { "name": "Llanaber", "ref:crs": "LLA", "ref": null, "id": 762 }, "geometry": { "type": "Point", "coordinates": [ -4.0771655, 52.74139790000001 ] } },
{ "type": "Feature", "properties": { "name": "Talybont", "ref:crs": "TLB", "ref": null, "id": 763 }, "geometry": { "type": "Point", "coordinates": [ -4.0970877, 52.7729002 ] } },
{ "type": "Feature", "properties": { "name": "Llanbedr", "ref:crs": "LBR", "ref": null, "id": 764 }, "geometry": { "type": "Point", "coordinates": [ -4.109581, 52.8203328 ] } },
{ "type": "Feature", "properties": { "name": "North Fambridge", "ref:crs": "NFA", "ref": null, "id": 765 }, "geometry": { "type": "Point", "coordinates": [ 0.6817622, 51.6486316 ] } },
{ "type": "Feature", "properties": { "name": "Goring-by-Sea", "ref:crs": "GBS", "ref": null, "id": 766 }, "geometry": { "type": "Point", "coordinates": [ -0.4331815, 50.8176931 ] } },
{ "type": "Feature", "properties": { "name": "Lytham", "ref:crs": "LTM", "ref": null, "id": 767 }, "geometry": { "type": "Point", "coordinates": [ -2.9641884, 53.739322399999985 ] } },
{ "type": "Feature", "properties": { "name": "Ansdell and Fairhaven", "ref:crs": "AFV", "ref": null, "id": 768 }, "geometry": { "type": "Point", "coordinates": [ -2.993513, 53.741637 ] } },
{ "type": "Feature", "properties": { "name": "Squires Gate", "ref:crs": "SQU", "ref": null, "id": 769 }, "geometry": { "type": "Point", "coordinates": [ -3.0501715, 53.7769901 ] } },
{ "type": "Feature", "properties": { "name": "East Worthing", "ref:crs": "EWR", "ref": null, "id": 770 }, "geometry": { "type": "Point", "coordinates": [ -0.3551084, 50.821592 ] } },
{ "type": "Feature", "properties": { "name": "Lancing", "ref:crs": "LAC", "ref": null, "id": 771 }, "geometry": { "type": "Point", "coordinates": [ -0.3232037, 50.8270176 ] } },
{ "type": "Feature", "properties": { "name": "Shoreham-by-Sea", "ref:crs": "SSE", "ref": null, "id": 772 }, "geometry": { "type": "Point", "coordinates": [ -0.2714448, 50.8343756 ] } },
{ "type": "Feature", "properties": { "name": "Fishersgate", "ref:crs": "FSG", "ref": null, "id": 773 }, "geometry": { "type": "Point", "coordinates": [ -0.2195601, 50.8343013 ] } },
{ "type": "Feature", "properties": { "name": "Newby Bridge Halt", "ref:crs": null, "ref": null, "id": 774 }, "geometry": { "type": "Point", "coordinates": [ -2.9739215, 54.2696333 ] } },
{ "type": "Feature", "properties": { "name": "Haverthwaite", "ref:crs": null, "ref": null, "id": 775 }, "geometry": { "type": "Point", "coordinates": [ -3.0000168, 54.2497682 ] } },
{ "type": "Feature", "properties": { "name": "Hadfield", "ref:crs": "HDF", "ref": null, "id": 776 }, "geometry": { "type": "Point", "coordinates": [ -1.9653832, 53.4608456 ] } },
{ "type": "Feature", "properties": { "name": "White Notley", "ref:crs": "WNY", "ref": null, "id": 777 }, "geometry": { "type": "Point", "coordinates": [ 0.595265, 51.8392682 ] } },
{ "type": "Feature", "properties": { "name": "Cressing", "ref:crs": "CES", "ref": null, "id": 778 }, "geometry": { "type": "Point", "coordinates": [ 0.578324, 51.8519489 ] } },
{ "type": "Feature", "properties": { "name": "Braintree Freeport", "ref:crs": "BTP", "ref": null, "id": 779 }, "geometry": { "type": "Point", "coordinates": [ 0.5681965, 51.8692939 ] } },
{ "type": "Feature", "properties": { "name": "Rayleigh", "ref:crs": "RLG", "ref": null, "id": 780 }, "geometry": { "type": "Point", "coordinates": [ 0.6002479, 51.5894866 ] } },
{ "type": "Feature", "properties": { "name": "Rochford", "ref:crs": "RFD", "ref": null, "id": 781 }, "geometry": { "type": "Point", "coordinates": [ 0.7021425, 51.5816749 ] } },
{ "type": "Feature", "properties": { "name": "Uttoxeter", "ref:crs": "UTT", "ref": null, "id": 782 }, "geometry": { "type": "Point", "coordinates": [ -1.856515, 52.89681 ] } },
{ "type": "Feature", "properties": { "name": "Blythe Bridge", "ref:crs": "BYB", "ref": null, "id": 783 }, "geometry": { "type": "Point", "coordinates": [ -2.066925, 52.9678303 ] } },
{ "type": "Feature", "properties": { "name": "Longton", "ref:crs": "LGN", "ref": null, "id": 784 }, "geometry": { "type": "Point", "coordinates": [ -2.1372966, 52.9900417 ] } },
{ "type": "Feature", "properties": { "name": "Bearley", "ref:crs": "BER", "ref": null, "id": 785 }, "geometry": { "type": "Point", "coordinates": [ -1.7498157, 52.2449168 ] } },
{ "type": "Feature", "properties": { "name": "Claverdon", "ref:crs": "CLV", "ref": null, "id": 786 }, "geometry": { "type": "Point", "coordinates": [ -1.6963369, 52.2772189 ] } },
{ "type": "Feature", "properties": { "name": "Dunblane", "ref:crs": "DBL", "ref": null, "id": 787 }, "geometry": { "type": "Point", "coordinates": [ -3.9657077, 56.1858372 ] } },
{ "type": "Feature", "properties": { "name": null, "ref:crs": null, "ref": null, "id": 788 }, "geometry": { "type": "Point", "coordinates": [ -1.4186178, 55.0009858 ] } },
{ "type": "Feature", "properties": { "name": "Penyffordd", "ref:crs": "PNF", "ref": null, "id": 789 }, "geometry": { "type": "Point", "coordinates": [ -3.0548121, 53.1427065 ] } },
{ "type": "Feature", "properties": { "name": "Cwmbran", "ref:crs": "CWM", "ref": null, "id": 790 }, "geometry": { "type": "Point", "coordinates": [ -3.0159856, 51.6570903 ] } },
{ "type": "Feature", "properties": { "name": "Pontypool and New Inn", "ref:crs": "PPL", "ref": null, "id": 791 }, "geometry": { "type": "Point", "coordinates": [ -3.0135499, 51.697326899999986 ] } },
{ "type": "Feature", "properties": { "name": "Old Street", "ref:crs": "OLD", "ref": null, "id": 792 }, "geometry": { "type": "Point", "coordinates": [ -0.0876094, 51.5256284 ] } },
{ "type": "Feature", "properties": { "name": "Snowdon Ranger", "ref:crs": null, "ref": null, "id": 793 }, "geometry": { "type": "Point", "coordinates": [ -4.1434263, 53.073789 ] } },
{ "type": "Feature", "properties": { "name": "Downham Market", "ref:crs": "DOW", "ref": null, "id": 794 }, "geometry": { "type": "Point", "coordinates": [ 0.3656086, 52.6041596 ] } },
{ "type": "Feature", "properties": { "name": "Scarborough", "ref:crs": "SCA", "ref": null, "id": 795 }, "geometry": { "type": "Point", "coordinates": [ -0.4056223, 54.2799474 ] } },
{ "type": "Feature", "properties": { "name": "Wareham", "ref:crs": "WRM", "ref": null, "id": 796 }, "geometry": { "type": "Point", "coordinates": [ -2.1149086, 50.6930546 ] } },
{ "type": "Feature", "properties": { "name": "Kempston Hardwick", "ref:crs": "KMH", "ref": null, "id": 797 }, "geometry": { "type": "Point", "coordinates": [ -0.5041465, 52.0917879 ] } },
{ "type": "Feature", "properties": { "name": "Millbrook", "ref:crs": "MLB", "ref": null, "id": 798 }, "geometry": { "type": "Point", "coordinates": [ -0.5323915, 52.0542365 ] } },
{ "type": "Feature", "properties": { "name": "Heswall", "ref:crs": "HSW", "ref": null, "id": 799 }, "geometry": { "type": "Point", "coordinates": [ -3.0733389, 53.3296559 ] } },
{ "type": "Feature", "properties": { "name": "Sheringham", "ref:crs": "SHM", "ref": null, "id": 800 }, "geometry": { "type": "Point", "coordinates": [ 1.2107897, 52.9413671 ] } },
{ "type": "Feature", "properties": { "name": "West Runton", "ref:crs": "WRN", "ref": "44m 39ch CRS", "id": 801 }, "geometry": { "type": "Point", "coordinates": [ 1.2458181, 52.93552379999997 ] } },
{ "type": "Feature", "properties": { "name": "Cromer", "ref:crs": "CMR", "ref": null, "id": 802 }, "geometry": { "type": "Point", "coordinates": [ 1.2916476, 52.9300536 ] } },
{ "type": "Feature", "properties": { "name": "Bromley North", "ref:crs": "BMN", "ref": null, "id": 803 }, "geometry": { "type": "Point", "coordinates": [ 0.0177978, 51.409198 ] } },
{ "type": "Feature", "properties": { "name": "Sherburn-in-Elmet", "ref:crs": "SIE", "ref": null, "id": 804 }, "geometry": { "type": "Point", "coordinates": [ -1.2329024, 53.7975092 ] } },
{ "type": "Feature", "properties": { "name": "Roche", "ref:crs": "ROC", "ref": null, "id": 805 }, "geometry": { "type": "Point", "coordinates": [ -4.8307554, 50.4186675 ] } },
{ "type": "Feature", "properties": { "name": "Bugle", "ref:crs": "BGL", "ref": null, "id": 806 }, "geometry": { "type": "Point", "coordinates": [ -4.7919145, 50.4002418 ] } },
{ "type": "Feature", "properties": { "name": "Luxulyan", "ref:crs": "LUX", "ref": null, "id": 807 }, "geometry": { "type": "Point", "coordinates": [ -4.7484178, 50.3903538 ] } },
{ "type": "Feature", "properties": { "name": "St. Columb Road", "ref:crs": "SCR", "ref": null, "id": 808 }, "geometry": { "type": "Point", "coordinates": [ -4.941332, 50.3987461 ] } },
{ "type": "Feature", "properties": { "name": "Kenton", "ref:crs": "KNT", "ref": null, "id": 809 }, "geometry": { "type": "Point", "coordinates": [ -0.3166378, 51.5815255 ] } },
{ "type": "Feature", "properties": { "name": "Heath High Level", "ref:crs": "HHL", "ref": null, "id": 810 }, "geometry": { "type": "Point", "coordinates": [ -3.181568, 51.5168194 ] } },
{ "type": "Feature", "properties": { "name": "Aber", "ref:crs": "ABE", "ref": null, "id": 811 }, "geometry": { "type": "Point", "coordinates": [ -3.2298096, 51.5748662 ] } },
{ "type": "Feature", "properties": { "name": "Llanbradach", "ref:crs": "LNB", "ref": null, "id": 812 }, "geometry": { "type": "Point", "coordinates": [ -3.2330809, 51.6041104 ] } },
{ "type": "Feature", "properties": { "name": "Burnage", "ref:crs": "BNA", "ref": null, "id": 813 }, "geometry": { "type": "Point", "coordinates": [ -2.2151579, 53.4221262 ] } },
{ "type": "Feature", "properties": { "name": "Redmire", "ref:crs": null, "ref": null, "id": 814 }, "geometry": { "type": "Point", "coordinates": [ -1.9284688, 54.3191529 ] } },
{ "type": "Feature", "properties": { "name": "Wargrave", "ref:crs": "WGV", "ref": null, "id": 815 }, "geometry": { "type": "Point", "coordinates": [ -0.8766558, 51.4985546 ] } },
{ "type": "Feature", "properties": { "name": "Whittlesea", "ref:crs": "WLE", "ref": null, "id": 816 }, "geometry": { "type": "Point", "coordinates": [ -0.1180869, 52.5495767 ] } },
{ "type": "Feature", "properties": { "name": "Monument", "ref:crs": null, "ref": null, "id": 817 }, "geometry": { "type": "Point", "coordinates": [ -1.6131717, 54.9740058 ] } },
{ "type": "Feature", "properties": { "name": "Shenstone", "ref:crs": "SEN", "ref": null, "id": 818 }, "geometry": { "type": "Point", "coordinates": [ -1.8443329, 52.639215900000025 ] } },
{ "type": "Feature", "properties": { "name": "Tutbury and Hatton", "ref:crs": "TUT", "ref": null, "id": 819 }, "geometry": { "type": "Point", "coordinates": [ -1.6823404, 52.864141 ] } },
{ "type": "Feature", "properties": { "name": "Bishop Auckland", "ref:crs": "BIA", "ref": null, "id": 820 }, "geometry": { "type": "Point", "coordinates": [ -1.6779534, 54.6572212 ] } },
{ "type": "Feature", "properties": { "name": "Shildon", "ref:crs": "SHD", "ref": null, "id": 821 }, "geometry": { "type": "Point", "coordinates": [ -1.6367101, 54.626193199999989 ] } },
{ "type": "Feature", "properties": { "name": "Dinsdale", "ref:crs": "DND", "ref": null, "id": 822 }, "geometry": { "type": "Point", "coordinates": [ -1.467126, 54.5149831 ] } },
{ "type": "Feature", "properties": { "name": "Wymondham Abbey", "ref:crs": null, "ref": null, "id": 823 }, "geometry": { "type": "Point", "coordinates": [ 1.1038974, 52.5703742 ] } },
{ "type": "Feature", "properties": { "name": "Kimberley Park", "ref:crs": null, "ref": null, "id": 824 }, "geometry": { "type": "Point", "coordinates": [ 1.0518284, 52.5910486 ] } },
{ "type": "Feature", "properties": { "name": "Hardingham", "ref:crs": null, "ref": null, "id": 825 }, "geometry": { "type": "Point", "coordinates": [ 1.0246114, 52.610697 ] } },
{ "type": "Feature", "properties": { "name": "Thuxton", "ref:crs": null, "ref": null, "id": 826 }, "geometry": { "type": "Point", "coordinates": [ 1.0006859, 52.6249314 ] } },
{ "type": "Feature", "properties": { "name": "Yaxham", "ref:crs": null, "ref": null, "id": 827 }, "geometry": { "type": "Point", "coordinates": [ 0.9597314, 52.6523738 ] } },
{ "type": "Feature", "properties": { "name": "Dereham", "ref:crs": null, "ref": null, "id": 828 }, "geometry": { "type": "Point", "coordinates": [ 0.9476376, 52.6789805 ] } },
{ "type": "Feature", "properties": { "name": "Prestatyn", "ref:crs": "PRT", "ref": null, "id": 829 }, "geometry": { "type": "Point", "coordinates": [ -3.4073552, 53.3362293 ] } },
{ "type": "Feature", "properties": { "name": "Glanyrafon", "ref:crs": null, "ref": null, "id": 830 }, "geometry": { "type": "Point", "coordinates": [ -4.0372952, 52.404464799999978 ] } },
{ "type": "Feature", "properties": { "name": "Birkenhead Central", "ref:crs": "BKC", "ref": null, "id": 831 }, "geometry": { "type": "Point", "coordinates": [ -3.020883, 53.3881969 ] } },
{ "type": "Feature", "properties": { "name": "Green Lane", "ref:crs": "GNL", "ref": null, "id": 832 }, "geometry": { "type": "Point", "coordinates": [ -3.0162757, 53.3833042 ] } },
{ "type": "Feature", "properties": { "name": "Ruskington", "ref:crs": "RKT", "ref": null, "id": 833 }, "geometry": { "type": "Point", "coordinates": [ -0.3804741, 53.0413872 ] } },
{ "type": "Feature", "properties": { "name": "Stonegate", "ref:crs": "SOG", "ref": null, "id": 834 }, "geometry": { "type": "Point", "coordinates": [ 0.363387, 51.0201404 ] } },
{ "type": "Feature", "properties": { "name": "Bosham", "ref:crs": "BOH", "ref": null, "id": 835 }, "geometry": { "type": "Point", "coordinates": [ -0.8471677, 50.8428556 ] } },
{ "type": "Feature", "properties": { "name": "Nutbourne", "ref:crs": "NUT", "ref": null, "id": 836 }, "geometry": { "type": "Point", "coordinates": [ -0.8839188, 50.8461502 ] } },
{ "type": "Feature", "properties": { "name": "Micheldever", "ref:crs": "MIC", "ref": null, "id": 837 }, "geometry": { "type": "Point", "coordinates": [ -1.2603854, 51.18251140000001 ] } },
{ "type": "Feature", "properties": { "name": "Overton", "ref:crs": "OVR", "ref": null, "id": 838 }, "geometry": { "type": "Point", "coordinates": [ -1.2599752, 51.2541369 ] } },
{ "type": "Feature", "properties": { "name": "Baglan", "ref:crs": "BAJ", "ref": null, "id": 839 }, "geometry": { "type": "Point", "coordinates": [ -3.8093646, 51.6143157 ] } },
{ "type": "Feature", "properties": { "name": "Monks Brook Halt", "ref:crs": null, "ref": null, "id": 840 }, "geometry": { "type": "Point", "coordinates": [ -1.3690152, 50.9587312 ] } },
{ "type": "Feature", "properties": { "name": "Trehafod", "ref:crs": "TRH", "ref": null, "id": 841 }, "geometry": { "type": "Point", "coordinates": [ -3.3806119, 51.610046599999983 ] } },
{ "type": "Feature", "properties": { "name": "Porth", "ref:crs": "POR", "ref": null, "id": 842 }, "geometry": { "type": "Point", "coordinates": [ -3.4076599, 51.6124563 ] } },
{ "type": "Feature", "properties": { "name": "Dinas Rhondda", "ref:crs": "DMG", "ref": null, "id": 843 }, "geometry": { "type": "Point", "coordinates": [ -3.4371, 51.61739140000001 ] } },
{ "type": "Feature", "properties": { "name": "Tonypandy", "ref:crs": "TNP", "ref": null, "id": 844 }, "geometry": { "type": "Point", "coordinates": [ -3.4490713, 51.6198222 ] } },
{ "type": "Feature", "properties": { "name": "Llwynypia", "ref:crs": "LLY", "ref": null, "id": 845 }, "geometry": { "type": "Point", "coordinates": [ -3.4533291, 51.6340794 ] } },
{ "type": "Feature", "properties": { "name": "Ystrad Rhondda", "ref:crs": "YSR", "ref": null, "id": 846 }, "geometry": { "type": "Point", "coordinates": [ -3.4665885, 51.6434881 ] } },
{ "type": "Feature", "properties": { "name": "Ton Pentre", "ref:crs": "TPN", "ref": null, "id": 847 }, "geometry": { "type": "Point", "coordinates": [ -3.4861594, 51.647702 ] } },
{ "type": "Feature", "properties": { "name": "Treorchy", "ref:crs": "TRY", "ref": null, "id": 848 }, "geometry": { "type": "Point", "coordinates": [ -3.5060614, 51.6574072 ] } },
{ "type": "Feature", "properties": { "name": "Treherbert", "ref:crs": "TRB", "ref": null, "id": 849 }, "geometry": { "type": "Point", "coordinates": [ -3.5350926, 51.671619 ] } },
{ "type": "Feature", "properties": { "name": "North Walsham", "ref:crs": "NWA", "ref": null, "id": 850 }, "geometry": { "type": "Point", "coordinates": [ 1.3845702, 52.8168645 ] } },
{ "type": "Feature", "properties": { "name": "King's Cross St Pancras", "ref:crs": null, "ref": "ZKX", "id": 851 }, "geometry": { "type": "Point", "coordinates": [ -0.1239491, 51.530609 ] } },
{ "type": "Feature", "properties": { "name": "Pentre-bach", "ref:crs": "PTB", "ref": null, "id": 852 }, "geometry": { "type": "Point", "coordinates": [ -3.3623399, 51.724829399999983 ] } },
{ "type": "Feature", "properties": { "name": "Troed-y-rhiw", "ref:crs": "TRD", "ref": null, "id": 853 }, "geometry": { "type": "Point", "coordinates": [ -3.3463983, 51.7120426 ] } },
{ "type": "Feature", "properties": { "name": "Merthyr Vale", "ref:crs": "MEV", "ref": null, "id": 854 }, "geometry": { "type": "Point", "coordinates": [ -3.3371036, 51.6869084 ] } },
{ "type": "Feature", "properties": { "name": "Quakers Yard", "ref:crs": "QYD", "ref": null, "id": 855 }, "geometry": { "type": "Point", "coordinates": [ -3.3228105, 51.6603466 ] } },
{ "type": "Feature", "properties": { "name": "Abercynon", "ref:crs": "ACY", "ref": null, "id": 856 }, "geometry": { "type": "Point", "coordinates": [ -3.3296312, 51.6430833 ] } },
{ "type": "Feature", "properties": { "name": "Penrhiwceiber", "ref:crs": "PER", "ref": null, "id": 857 }, "geometry": { "type": "Point", "coordinates": [ -3.3597793, 51.6699873 ] } },
{ "type": "Feature", "properties": { "name": "Fernhill", "ref:crs": "FER", "ref": null, "id": 858 }, "geometry": { "type": "Point", "coordinates": [ -3.3958825, 51.6866141 ] } },
{ "type": "Feature", "properties": { "name": "Cwmbach", "ref:crs": "CMH", "ref": null, "id": 859 }, "geometry": { "type": "Point", "coordinates": [ -3.4147941, 51.701481 ] } },
{ "type": "Feature", "properties": { "name": "Aberdare", "ref:crs": "ABA", "ref": null, "id": 860 }, "geometry": { "type": "Point", "coordinates": [ -3.4418333, 51.7145226 ] } },
{ "type": "Feature", "properties": { "name": "Rogerstone", "ref:crs": "ROR", "ref": null, "id": 861 }, "geometry": { "type": "Point", "coordinates": [ -3.0662702, 51.5954576 ] } },
{ "type": "Feature", "properties": { "name": "Birkhill", "ref:crs": null, "ref": null, "id": 862 }, "geometry": { "type": "Point", "coordinates": [ -3.6606053, 55.9932981 ] } },
{ "type": "Feature", "properties": { "name": "Hucknall", "ref:crs": "HKN", "ref": null, "id": 863 }, "geometry": { "type": "Point", "coordinates": [ -1.1959496, 53.0384983 ] } },
{ "type": "Feature", "properties": { "name": "Caerphilly", "ref:crs": "CPH", "ref": null, "id": 864 }, "geometry": { "type": "Point", "coordinates": [ -3.2188217, 51.5715441 ] } },
{ "type": "Feature", "properties": { "name": "Mansfield Woodhouse", "ref:crs": "MSW", "ref": null, "id": 865 }, "geometry": { "type": "Point", "coordinates": [ -1.2017516, 53.1634635 ] } },
{ "type": "Feature", "properties": { "name": "Kirkwood", "ref:crs": "KWD", "ref": null, "id": 866 }, "geometry": { "type": "Point", "coordinates": [ -4.0482987, 55.8541741 ] } },
{ "type": "Feature", "properties": { "name": "SS Great Britain", "ref:crs": null, "ref": null, "id": 867 }, "geometry": { "type": "Point", "coordinates": [ -2.605539, 51.4480613 ] } },
{ "type": "Feature", "properties": { "name": "Dalegarth", "ref:crs": null, "ref": null, "id": 868 }, "geometry": { "type": "Point", "coordinates": [ -3.2747086, 54.3954701 ] } },
{ "type": "Feature", "properties": { "name": "Fisherground Halt", "ref:crs": null, "ref": null, "id": 869 }, "geometry": { "type": "Point", "coordinates": [ -3.3034231, 54.3923259 ] } },
{ "type": "Feature", "properties": { "name": "Eskdale Green", "ref:crs": null, "ref": null, "id": 870 }, "geometry": { "type": "Point", "coordinates": [ -3.3177092, 54.386818 ] } },
{ "type": "Feature", "properties": { "name": "Irton Road", "ref:crs": null, "ref": null, "id": 871 }, "geometry": { "type": "Point", "coordinates": [ -3.3300669, 54.3879142 ] } },
{ "type": "Feature", "properties": { "name": "Ravenglass (R&ER)", "ref:crs": null, "ref": null, "id": 872 }, "geometry": { "type": "Point", "coordinates": [ -3.4081846, 54.3558349 ] } },
{ "type": "Feature", "properties": { "name": "Broad Green", "ref:crs": "BGE", "ref": null, "id": 873 }, "geometry": { "type": "Point", "coordinates": [ -2.8933889, 53.4065083 ] } },
{ "type": "Feature", "properties": { "name": "Metheringham", "ref:crs": "MGM", "ref": null, "id": 874 }, "geometry": { "type": "Point", "coordinates": [ -0.3910625, 53.1389295 ] } },
{ "type": "Feature", "properties": { "name": "Bottesford", "ref:crs": "BTF", "ref": null, "id": 875 }, "geometry": { "type": "Point", "coordinates": [ -0.7951793, 52.9447732 ] } },
{ "type": "Feature", "properties": { "name": "Hubberts Bridge", "ref:crs": "HBB", "ref": null, "id": 876 }, "geometry": { "type": "Point", "coordinates": [ -0.1098555, 52.975325 ] } },
{ "type": "Feature", "properties": { "name": "Waddon", "ref:crs": "WDO", "ref": null, "id": 877 }, "geometry": { "type": "Point", "coordinates": [ -0.1174351, 51.3673338 ] } },
{ "type": "Feature", "properties": { "name": "Hensall", "ref:crs": "HEL", "ref": null, "id": 878 }, "geometry": { "type": "Point", "coordinates": [ -1.1146617, 53.6984869 ] } },
{ "type": "Feature", "properties": { "name": "Rawcliffe", "ref:crs": "RWC", "ref": null, "id": 879 }, "geometry": { "type": "Point", "coordinates": [ -0.9612713, 53.6889426 ] } },
{ "type": "Feature", "properties": { "name": "Pontefract Tanshelf", "ref:crs": "POT", "ref": null, "id": 880 }, "geometry": { "type": "Point", "coordinates": [ -1.3189035, 53.6940034 ] } },
{ "type": "Feature", "properties": { "name": "South Elmsall", "ref:crs": "SES", "ref": null, "id": 881 }, "geometry": { "type": "Point", "coordinates": [ -1.2853506, 53.5948464 ] } },
{ "type": "Feature", "properties": { "name": "Dovercourt", "ref:crs": "DVC", "ref": null, "id": 882 }, "geometry": { "type": "Point", "coordinates": [ 1.2804944, 51.9388367 ] } },
{ "type": "Feature", "properties": { "name": "Priesthill & Darnley", "ref:crs": "PTL", "ref": null, "id": 883 }, "geometry": { "type": "Point", "coordinates": [ -4.3429643, 55.8120349 ] } },
{ "type": "Feature", "properties": { "name": "Summerston", "ref:crs": "SUM", "ref": null, "id": 884 }, "geometry": { "type": "Point", "coordinates": [ -4.2921881, 55.8988407 ] } },
{ "type": "Feature", "properties": { "name": "Ebbw Vale Parkway", "ref:crs": "EBV", "ref": null, "id": 885 }, "geometry": { "type": "Point", "coordinates": [ -3.1960549, 51.7565058 ] } },
{ "type": "Feature", "properties": { "name": "Newbridge", "ref:crs": "NBE", "ref": null, "id": 886 }, "geometry": { "type": "Point", "coordinates": [ -3.1431855, 51.6653896 ] } },
{ "type": "Feature", "properties": { "name": "Whitecraigs", "ref:crs": "WCR", "ref": null, "id": 887 }, "geometry": { "type": "Point", "coordinates": [ -4.3103086, 55.7902824 ] } },
{ "type": "Feature", "properties": { "name": "St Budeaux Victoria Road", "ref:crs": "SBV", "ref": null, "id": 888 }, "geometry": { "type": "Point", "coordinates": [ -4.1877512, 50.402196 ] } },
{ "type": "Feature", "properties": { "name": "Ynyswen", "ref:crs": "YNW", "ref": null, "id": 889 }, "geometry": { "type": "Point", "coordinates": [ -3.521481, 51.6649577 ] } },
{ "type": "Feature", "properties": { "name": "Ystrad Mynach", "ref:crs": "YSM", "ref": null, "id": 890 }, "geometry": { "type": "Point", "coordinates": [ -3.2418174, 51.6405449 ] } },
{ "type": "Feature", "properties": { "name": "Hengoed", "ref:crs": "HNG", "ref": null, "id": 891 }, "geometry": { "type": "Point", "coordinates": [ -3.2256551, 51.6469338 ] } },
{ "type": "Feature", "properties": { "name": "Pengam", "ref:crs": "PGM", "ref": null, "id": 892 }, "geometry": { "type": "Point", "coordinates": [ -3.2301201, 51.67009 ] } },
{ "type": "Feature", "properties": { "name": "Gilfach Fargoed", "ref:crs": "GFF", "ref": null, "id": 893 }, "geometry": { "type": "Point", "coordinates": [ -3.2274233, 51.6841393 ] } },
{ "type": "Feature", "properties": { "name": "Bargoed", "ref:crs": "BGD", "ref": null, "id": 894 }, "geometry": { "type": "Point", "coordinates": [ -3.2300431, 51.6929046 ] } },
{ "type": "Feature", "properties": { "name": "Brithdir", "ref:crs": "BHD", "ref": null, "id": 895 }, "geometry": { "type": "Point", "coordinates": [ -3.2282991, 51.7102669 ] } },
{ "type": "Feature", "properties": { "name": "Tir-Phil", "ref:crs": "TIR", "ref": null, "id": 896 }, "geometry": { "type": "Point", "coordinates": [ -3.245999, 51.7210308 ] } },
{ "type": "Feature", "properties": { "name": "Pontlottyn", "ref:crs": "PLT", "ref": null, "id": 897 }, "geometry": { "type": "Point", "coordinates": [ -3.2793246, 51.7465332 ] } },
{ "type": "Feature", "properties": { "name": "Rhymney", "ref:crs": "RHY", "ref": null, "id": 898 }, "geometry": { "type": "Point", "coordinates": [ -3.2895642, 51.7588286 ] } },
{ "type": "Feature", "properties": { "name": "Chappel and Wakes Colne", "ref:crs": "CWC", "ref": null, "id": 899 }, "geometry": { "type": "Point", "coordinates": [ 0.7586045, 51.9258987 ] } },
{ "type": "Feature", "properties": { "name": "Bures", "ref:crs": "BUE", "ref": null, "id": 900 }, "geometry": { "type": "Point", "coordinates": [ 0.7691188, 51.9712007 ] } },
{ "type": "Feature", "properties": { "name": "Sudbury", "ref:crs": "SUY", "ref": null, "id": 901 }, "geometry": { "type": "Point", "coordinates": [ 0.7355732, 52.0362647 ] } },
{ "type": "Feature", "properties": { "name": "Stockwell", "ref:crs": null, "ref": null, "id": 902 }, "geometry": { "type": "Point", "coordinates": [ -0.1225014, 51.472211 ] } },
{ "type": "Feature", "properties": { "name": "St Budeaux Ferry Road", "ref:crs": "SBF", "ref": null, "id": 903 }, "geometry": { "type": "Point", "coordinates": [ -4.1871029, 50.4015816 ] } },
{ "type": "Feature", "properties": { "name": "Arsenal", "ref:crs": null, "ref": null, "id": 904 }, "geometry": { "type": "Point", "coordinates": [ -0.1074866, 51.5583839 ] } },
{ "type": "Feature", "properties": { "name": "Newcastle", "ref:crs": "NCL", "ref": null, "id": 905 }, "geometry": { "type": "Point", "coordinates": [ -1.616046, 54.9683364 ] } },
{ "type": "Feature", "properties": { "name": "Thorpe Culvert", "ref:crs": "TPC", "ref": null, "id": 906 }, "geometry": { "type": "Point", "coordinates": [ 0.1995165, 53.1230326 ] } },
{ "type": "Feature", "properties": { "name": "Salhouse", "ref:crs": "SAH", "ref": null, "id": 907 }, "geometry": { "type": "Point", "coordinates": [ 1.3913667, 52.6755817 ] } },
{ "type": "Feature", "properties": { "name": "Hoveton and Wroxham", "ref:crs": "HXM", "ref": null, "id": 908 }, "geometry": { "type": "Point", "coordinates": [ 1.4080243, 52.7154885 ] } },
{ "type": "Feature", "properties": { "name": "Abergele and Pensarn", "ref:crs": "AGL", "ref": null, "id": 909 }, "geometry": { "type": "Point", "coordinates": [ -3.5826531, 53.2945866 ] } },
{ "type": "Feature", "properties": { "name": "Conwy", "ref:crs": "CNW", "ref": null, "id": 910 }, "geometry": { "type": "Point", "coordinates": [ -3.8306652, 53.280096 ] } },
{ "type": "Feature", "properties": { "name": "Buckley", "ref:crs": "BCK", "ref": null, "id": 911 }, "geometry": { "type": "Point", "coordinates": [ -3.0551852, 53.1625354 ] } },
{ "type": "Feature", "properties": { "name": "Cottingley", "ref:crs": "COT", "ref": null, "id": 912 }, "geometry": { "type": "Point", "coordinates": [ -1.5877727, 53.7680337 ] } },
{ "type": "Feature", "properties": { "name": "Park Lane", "ref:crs": null, "ref": "PLI", "id": 913 }, "geometry": { "type": "Point", "coordinates": [ -1.3846154, 54.902301 ] } },
{ "type": "Feature", "properties": { "name": "Seaton Delaval", "ref:crs": "SEJ", "ref": null, "id": 914 }, "geometry": { "type": "Point", "coordinates": [ -1.5383775, 55.0747281 ] } },
{ "type": "Feature", "properties": { "name": "Glan Conwy", "ref:crs": "GCW", "ref": null, "id": 915 }, "geometry": { "type": "Point", "coordinates": [ -3.7976377, 53.268621 ] } },
{ "type": "Feature", "properties": { "name": "Chatelherault", "ref:crs": "CTE", "ref": null, "id": 916 }, "geometry": { "type": "Point", "coordinates": [ -4.0043023, 55.7650974 ] } },
{ "type": "Feature", "properties": { "name": "Larkhall", "ref:crs": "LRH", "ref": null, "id": 917 }, "geometry": { "type": "Point", "coordinates": [ -3.9750227, 55.7386059 ] } },
{ "type": "Feature", "properties": { "name": "Newmarket", "ref:crs": "NMK", "ref": null, "id": 918 }, "geometry": { "type": "Point", "coordinates": [ 0.4073491, 52.238341 ] } },
{ "type": "Feature", "properties": { "name": "Llanishen", "ref:crs": "LLS", "ref": null, "id": 919 }, "geometry": { "type": "Point", "coordinates": [ -3.181843, 51.5329957 ] } },
{ "type": "Feature", "properties": { "name": "Livingston South", "ref:crs": "LVG", "ref": null, "id": 920 }, "geometry": { "type": "Point", "coordinates": [ -3.5015189, 55.8716089 ] } },
{ "type": "Feature", "properties": { "name": "Barry", "ref:crs": "BRY", "ref": null, "id": 921 }, "geometry": { "type": "Point", "coordinates": [ -3.2848689, 51.3969039 ] } },
{ "type": "Feature", "properties": { "name": "Cadoxton", "ref:crs": "CAD", "ref": null, "id": 922 }, "geometry": { "type": "Point", "coordinates": [ -3.2486814, 51.4122147 ] } },
{ "type": "Feature", "properties": { "name": "Llantwit Major", "ref:crs": "LWM", "ref": null, "id": 923 }, "geometry": { "type": "Point", "coordinates": [ -3.4814284, 51.4096499 ] } },
{ "type": "Feature", "properties": { "name": "Buckfastleigh", "ref:crs": null, "ref": null, "id": 924 }, "geometry": { "type": "Point", "coordinates": [ -3.7686403, 50.4828098 ] } },
{ "type": "Feature", "properties": { "name": "Totnes Riverside", "ref:crs": null, "ref": null, "id": 925 }, "geometry": { "type": "Point", "coordinates": [ -3.6856839, 50.4394733 ] } },
{ "type": "Feature", "properties": { "name": "Staverton", "ref:crs": null, "ref": null, "id": 926 }, "geometry": { "type": "Point", "coordinates": [ -3.7149082, 50.4609185 ] } },
{ "type": "Feature", "properties": { "name": "Fairwater", "ref:crs": "FRW", "ref": null, "id": 927 }, "geometry": { "type": "Point", "coordinates": [ -3.2338039, 51.4938863 ] } },
{ "type": "Feature", "properties": { "name": "Ninian Park", "ref:crs": "NNP", "ref": null, "id": 928 }, "geometry": { "type": "Point", "coordinates": [ -3.2013886, 51.476540799999981 ] } },
{ "type": "Feature", "properties": { "name": "Paignton", "ref:crs": "PGN", "ref": null, "id": 929 }, "geometry": { "type": "Point", "coordinates": [ -3.5649134, 50.434598 ] } },
{ "type": "Feature", "properties": { "name": "Barry Island", "ref:crs": "BYI", "ref": null, "id": 930 }, "geometry": { "type": "Point", "coordinates": [ -3.2742115, 51.3923125 ] } },
{ "type": "Feature", "properties": { "name": "Chapeltown", "ref:crs": "CLN", "ref": null, "id": 931 }, "geometry": { "type": "Point", "coordinates": [ -1.4664375, 53.4625006 ] } },
{ "type": "Feature", "properties": { "name": "Goodrington Sands", "ref:crs": null, "ref": null, "id": 932 }, "geometry": { "type": "Point", "coordinates": [ -3.5615812, 50.42460830000001 ] } },
{ "type": "Feature", "properties": { "name": "Merryfield Lane", "ref:crs": null, "ref": null, "id": 933 }, "geometry": { "type": "Point", "coordinates": [ -2.4983835, 51.1807671 ] } },
{ "type": "Feature", "properties": { "name": "Churston", "ref:crs": null, "ref": null, "id": 934 }, "geometry": { "type": "Point", "coordinates": [ -3.5569587, 50.3961487 ] } },
{ "type": "Feature", "properties": { "name": "Heathrow Terminal 4", "ref:crs": "HAF", "ref": null, "id": 935 }, "geometry": { "type": "Point", "coordinates": [ -0.4459987, 51.4590893 ] } },
{ "type": "Feature", "properties": { "name": "Clayton West", "ref:crs": null, "ref": null, "id": 936 }, "geometry": { "type": "Point", "coordinates": [ -1.6112886, 53.5971192 ] } },
{ "type": "Feature", "properties": { "name": "Skelmanthorpe", "ref:crs": null, "ref": null, "id": 937 }, "geometry": { "type": "Point", "coordinates": [ -1.6527683, 53.5954353 ] } },
{ "type": "Feature", "properties": { "name": "Shelley", "ref:crs": null, "ref": null, "id": 938 }, "geometry": { "type": "Point", "coordinates": [ -1.6854558, 53.5872715 ] } },
{ "type": "Feature", "properties": { "name": "Idridgehay", "ref:crs": null, "ref": null, "id": 939 }, "geometry": { "type": "Point", "coordinates": [ -1.5691356, 53.0356487 ] } },
{ "type": "Feature", "properties": { "name": "Gunton", "ref:crs": "GNT", "ref": null, "id": 940 }, "geometry": { "type": "Point", "coordinates": [ 1.349369, 52.866075 ] } },
{ "type": "Feature", "properties": { "name": "Roughton Road", "ref:crs": "RNR", "ref": null, "id": 941 }, "geometry": { "type": "Point", "coordinates": [ 1.2997514, 52.9179454 ] } },
{ "type": "Feature", "properties": { "name": "Jewellery Quarter", "ref:crs": "JEQ", "ref": null, "id": 942 }, "geometry": { "type": "Point", "coordinates": [ -1.913704, 52.4896794 ] } },
{ "type": "Feature", "properties": { "name": "Sheringham (NNR)", "ref:crs": null, "ref": null, "id": 943 }, "geometry": { "type": "Point", "coordinates": [ 1.2080451, 52.9417019 ] } },
{ "type": "Feature", "properties": { "name": "Shottle", "ref:crs": null, "ref": null, "id": 944 }, "geometry": { "type": "Point", "coordinates": [ -1.547398, 53.0182899 ] } },
{ "type": "Feature", "properties": { "name": "Wirksworth", "ref:crs": null, "ref": null, "id": 945 }, "geometry": { "type": "Point", "coordinates": [ -1.5687991, 53.0827559 ] } },
{ "type": "Feature", "properties": { "name": "St Michaels", "ref:crs": "STM", "ref": null, "id": 946 }, "geometry": { "type": "Point", "coordinates": [ -2.9535298, 53.3759381 ] } },
{ "type": "Feature", "properties": { "name": "Eastleigh", "ref:crs": "ESL", "ref": null, "id": 947 }, "geometry": { "type": "Point", "coordinates": [ -1.3499611, 50.9687923 ] } },
{ "type": "Feature", "properties": { "name": "Blackpool Pleasure Beach", "ref:crs": "BPB", "ref": null, "id": 948 }, "geometry": { "type": "Point", "coordinates": [ -3.0538832, 53.787882 ] } },
{ "type": "Feature", "properties": { "name": "Ashey", "ref:crs": null, "ref": null, "id": 949 }, "geometry": { "type": "Point", "coordinates": [ -1.183063, 50.69646920000001 ] } },
{ "type": "Feature", "properties": { "name": "Oulton Broad North", "ref:crs": "OUN", "ref": null, "id": 950 }, "geometry": { "type": "Point", "coordinates": [ 1.7161761, 52.477729299999979 ] } },
{ "type": "Feature", "properties": { "name": "Beccles", "ref:crs": "BCC", "ref": null, "id": 951 }, "geometry": { "type": "Point", "coordinates": [ 1.5696314, 52.4588262 ] } },
{ "type": "Feature", "properties": { "name": "Lowestoft", "ref:crs": "LWT", "ref": null, "id": 952 }, "geometry": { "type": "Point", "coordinates": [ 1.7499873, 52.47424 ] } },
{ "type": "Feature", "properties": { "name": "Darsham", "ref:crs": "DSM", "ref": null, "id": 953 }, "geometry": { "type": "Point", "coordinates": [ 1.5235994, 52.2732073 ] } },
{ "type": "Feature", "properties": { "name": "Mirfield", "ref:crs": "MIR", "ref": null, "id": 954 }, "geometry": { "type": "Point", "coordinates": [ -1.6928647, 53.6714301 ] } },
{ "type": "Feature", "properties": { "name": "Peartree", "ref:crs": "PEA", "ref": null, "id": 955 }, "geometry": { "type": "Point", "coordinates": [ -1.4722913, 52.8976023 ] } },
{ "type": "Feature", "properties": { "name": "Waterfront", "ref:crs": null, "ref": null, "id": 956 }, "geometry": { "type": "Point", "coordinates": [ -3.2801207, 51.398763 ] } },
{ "type": "Feature", "properties": { "name": "Plymouth Road", "ref:crs": null, "ref": null, "id": 957 }, "geometry": { "type": "Point", "coordinates": [ -3.2709871, 51.3932678 ] } },
{ "type": "Feature", "properties": { "name": "Tonfanau", "ref:crs": "TNF", "ref": null, "id": 958 }, "geometry": { "type": "Point", "coordinates": [ -4.1234912, 52.6136247 ] } },
{ "type": "Feature", "properties": { "name": "Coryton", "ref:crs": "COY", "ref": null, "id": 959 }, "geometry": { "type": "Point", "coordinates": [ -3.2314774, 51.5204441 ] } },
{ "type": "Feature", "properties": { "name": "Whitchurch", "ref:crs": "WHT", "ref": null, "id": 960 }, "geometry": { "type": "Point", "coordinates": [ -3.2221576, 51.5208061 ] } },
{ "type": "Feature", "properties": { "name": "Rhiwbina", "ref:crs": "RHI", "ref": null, "id": 961 }, "geometry": { "type": "Point", "coordinates": [ -3.2144829, 51.521084 ] } },
{ "type": "Feature", "properties": { "name": "Birchgrove", "ref:crs": "BCG", "ref": null, "id": 962 }, "geometry": { "type": "Point", "coordinates": [ -3.2024702, 51.5215153 ] } },
{ "type": "Feature", "properties": { "name": "Heath Low Level", "ref:crs": "HLL", "ref": null, "id": 963 }, "geometry": { "type": "Point", "coordinates": [ -3.1822414, 51.5157601 ] } },
{ "type": "Feature", "properties": { "name": "Ludlow", "ref:crs": "LUD", "ref": null, "id": 964 }, "geometry": { "type": "Point", "coordinates": [ -2.71598, 52.3711007 ] } },
{ "type": "Feature", "properties": { "name": "Wilnecote", "ref:crs": "WNE", "ref": null, "id": 965 }, "geometry": { "type": "Point", "coordinates": [ -1.6797073, 52.6105794 ] } },
{ "type": "Feature", "properties": { "name": "Acle", "ref:crs": "ACL", "ref": null, "id": 966 }, "geometry": { "type": "Point", "coordinates": [ 1.5439772, 52.6346757 ] } },
{ "type": "Feature", "properties": { "name": "Berney Arms", "ref:crs": "BYA", "ref": null, "id": 967 }, "geometry": { "type": "Point", "coordinates": [ 1.6310707, 52.5902585 ] } },
{ "type": "Feature", "properties": { "name": "Buckenham", "ref:crs": "BUC", "ref": null, "id": 968 }, "geometry": { "type": "Point", "coordinates": [ 1.4702099, 52.597696 ] } },
{ "type": "Feature", "properties": { "name": "Haddiscoe", "ref:crs": "HAD", "ref": null, "id": 969 }, "geometry": { "type": "Point", "coordinates": [ 1.6229897, 52.5290248 ] } },
{ "type": "Feature", "properties": { "name": "Lingwood", "ref:crs": "LGD", "ref": null, "id": 970 }, "geometry": { "type": "Point", "coordinates": [ 1.4896908, 52.6220505 ] } },
{ "type": "Feature", "properties": { "name": "Hatfield Peverel", "ref:crs": "HAP", "ref": null, "id": 971 }, "geometry": { "type": "Point", "coordinates": [ 0.5927716, 51.7803142 ] } },
{ "type": "Feature", "properties": { "name": "Mistley", "ref:crs": "MIS", "ref": null, "id": 972 }, "geometry": { "type": "Point", "coordinates": [ 1.081649, 51.9435862 ] } },
{ "type": "Feature", "properties": { "name": "Stockton", "ref:crs": "STK", "ref": null, "id": 973 }, "geometry": { "type": "Point", "coordinates": [ -1.3182234, 54.5698829 ] } },
{ "type": "Feature", "properties": { "name": "Danescourt", "ref:crs": "DCT", "ref": null, "id": 974 }, "geometry": { "type": "Point", "coordinates": [ -3.2339459, 51.5004014 ] } },
{ "type": "Feature", "properties": { "name": "Lisvane and Thornhill", "ref:crs": "LVT", "ref": null, "id": 975 }, "geometry": { "type": "Point", "coordinates": [ -3.1855685, 51.54441520000001 ] } },
{ "type": "Feature", "properties": { "name": "Cam and Dursley", "ref:crs": "CDU", "ref": null, "id": 976 }, "geometry": { "type": "Point", "coordinates": [ -2.3591702, 51.7176405 ] } },
{ "type": "Feature", "properties": { "name": "Hyde North", "ref:crs": "HYT", "ref": null, "id": 977 }, "geometry": { "type": "Point", "coordinates": [ -2.0850338, 53.4644638 ] } },
{ "type": "Feature", "properties": { "name": "Worle", "ref:crs": "WOR", "ref": null, "id": 978 }, "geometry": { "type": "Point", "coordinates": [ -2.9093225, 51.3578502 ] } },
{ "type": "Feature", "properties": { "name": "Exhibition Centre", "ref:crs": "EXG", "ref": null, "id": 979 }, "geometry": { "type": "Point", "coordinates": [ -4.2831967, 55.8613947 ] } },
{ "type": "Feature", "properties": { "name": "Gleneagles", "ref:crs": "GLE", "ref": null, "id": 980 }, "geometry": { "type": "Point", "coordinates": [ -3.7309953, 56.2749283 ] } },
{ "type": "Feature", "properties": { "name": "Invergowrie", "ref:crs": "ING", "ref": null, "id": 981 }, "geometry": { "type": "Point", "coordinates": [ -3.0578286, 56.4562504 ] } },
{ "type": "Feature", "properties": { "name": "Rutherglen", "ref:crs": "RUT", "ref": null, "id": 982 }, "geometry": { "type": "Point", "coordinates": [ -4.2136804, 55.831337499999982 ] } },
{ "type": "Feature", "properties": { "name": "Deighton", "ref:crs": "DHN", "ref": null, "id": 983 }, "geometry": { "type": "Point", "coordinates": [ -1.7524631, 53.6682922 ] } },
{ "type": "Feature", "properties": { "name": "Base Station", "ref:crs": null, "ref": null, "id": 984 }, "geometry": { "type": "Point", "coordinates": [ -3.6700967, 57.1337091 ] } },
{ "type": "Feature", "properties": { "name": "Sheiling / Middle", "ref:crs": null, "ref": null, "id": 985 }, "geometry": { "type": "Point", "coordinates": [ -3.6609169, 57.1276775 ] } },
{ "type": "Feature", "properties": { "name": "Hatfield & Stainforth", "ref:crs": "HFS", "ref": null, "id": 986 }, "geometry": { "type": "Point", "coordinates": [ -1.0232631, 53.5888703 ] } },
{ "type": "Feature", "properties": { "name": "Kirk Sandall", "ref:crs": "KKS", "ref": null, "id": 987 }, "geometry": { "type": "Point", "coordinates": [ -1.0745371, 53.5636066 ] } },
{ "type": "Feature", "properties": { "name": "Thorne South", "ref:crs": "TNS", "ref": null, "id": 988 }, "geometry": { "type": "Point", "coordinates": [ -0.9552556, 53.6033448 ] } },
{ "type": "Feature", "properties": { "name": "Barnsley Interchange", "ref:crs": "BNY", "ref": null, "id": 989 }, "geometry": { "type": "Point", "coordinates": [ -1.4772756, 53.55441 ] } },
{ "type": "Feature", "properties": { "name": "Fitzwilliam", "ref:crs": "FZW", "ref": null, "id": 990 }, "geometry": { "type": "Point", "coordinates": [ -1.374636, 53.6326086 ] } },
{ "type": "Feature", "properties": { "name": "Roman Bridge", "ref:crs": "RMB", "ref": null, "id": 991 }, "geometry": { "type": "Point", "coordinates": [ -3.9214861, 53.0444116 ] } },
{ "type": "Feature", "properties": { "name": "Dolwyddelan", "ref:crs": "DWD", "ref": null, "id": 992 }, "geometry": { "type": "Point", "coordinates": [ -3.8845507, 53.0515703 ] } },
{ "type": "Feature", "properties": { "name": "Pont-y-Pant", "ref:crs": "PYP", "ref": null, "id": 993 }, "geometry": { "type": "Point", "coordinates": [ -3.8628141, 53.0651056 ] } },
{ "type": "Feature", "properties": { "name": "Huyton", "ref:crs": "HUY", "ref": null, "id": 994 }, "geometry": { "type": "Point", "coordinates": [ -2.8432195, 53.409627 ] } },
{ "type": "Feature", "properties": { "name": "Whiston", "ref:crs": "WHN", "ref": null, "id": 995 }, "geometry": { "type": "Point", "coordinates": [ -2.7965205, 53.413914 ] } },
{ "type": "Feature", "properties": { "name": "Kirkdale", "ref:crs": "KKD", "ref": null, "id": 996 }, "geometry": { "type": "Point", "coordinates": [ -2.9811665, 53.440785299999988 ] } },
{ "type": "Feature", "properties": { "name": "Bank Hall", "ref:crs": "BAH", "ref": null, "id": 997 }, "geometry": { "type": "Point", "coordinates": [ -2.9878045, 53.4378965 ] } },
{ "type": "Feature", "properties": { "name": "Penarth", "ref:crs": "PEN", "ref": null, "id": 998 }, "geometry": { "type": "Point", "coordinates": [ -3.1746781, 51.435848900000011 ] } },
{ "type": "Feature", "properties": { "name": "Brechin", "ref:crs": null, "ref": null, "id": 999 }, "geometry": { "type": "Point", "coordinates": [ -2.6520711, 56.7316163 ] } },
{ "type": "Feature", "properties": { "name": "Bridge of Dun", "ref:crs": null, "ref": null, "id": 1000 }, "geometry": { "type": "Point", "coordinates": [ -2.5507472, 56.7185174 ] } },
{ "type": "Feature", "properties": { "name": "Bromley Cross", "ref:crs": "BMC", "ref": null, "id": 1001 }, "geometry": { "type": "Point", "coordinates": [ -2.4108352, 53.6139542 ] } },
{ "type": "Feature", "properties": { "name": "Hall i' th' Wood", "ref:crs": "HID", "ref": null, "id": 1002 }, "geometry": { "type": "Point", "coordinates": [ -2.4130759, 53.5974456 ] } },
{ "type": "Feature", "properties": { "name": "Plas Halt", "ref:crs": null, "ref": null, "id": 1003 }, "geometry": { "type": "Point", "coordinates": [ -4.0030837, 52.9481537 ] } },
{ "type": "Feature", "properties": { "name": "Campbell's Platform", "ref:crs": null, "ref": null, "id": 1004 }, "geometry": { "type": "Point", "coordinates": [ -3.976517, 52.95787390000001 ] } },
{ "type": "Feature", "properties": { "name": "Sarn", "ref:crs": "SRR", "ref": null, "id": 1005 }, "geometry": { "type": "Point", "coordinates": [ -3.5895171, 51.538527399999985 ] } },
{ "type": "Feature", "properties": { "name": "Maesteg (Ewenny Road)", "ref:crs": "MEW", "ref": null, "id": 1006 }, "geometry": { "type": "Point", "coordinates": [ -3.6482526, 51.6052667 ] } },
{ "type": "Feature", "properties": { "name": "Blaenau Ffestiniog", "ref:crs": "BFF", "ref": null, "id": 1007 }, "geometry": { "type": "Point", "coordinates": [ -3.938464, 52.9946896 ] } },
{ "type": "Feature", "properties": { "name": "Risca and Pontymister", "ref:crs": "RCA", "ref": null, "id": 1008 }, "geometry": { "type": "Point", "coordinates": [ -3.0920412, 51.6058043 ] } },
{ "type": "Feature", "properties": { "name": "Tŷ Glas", "ref:crs": "TGS", "ref": null, "id": 1009 }, "geometry": { "type": "Point", "coordinates": [ -3.1972083, 51.5217075 ] } },
{ "type": "Feature", "properties": { "name": "Brampton", "ref:crs": "BRP", "ref": null, "id": 1010 }, "geometry": { "type": "Point", "coordinates": [ 1.5438215, 52.395507899999984 ] } },
{ "type": "Feature", "properties": { "name": "Melton", "ref:crs": "MES", "ref": null, "id": 1011 }, "geometry": { "type": "Point", "coordinates": [ 1.3381527, 52.1043512 ] } },
{ "type": "Feature", "properties": { "name": "Porthmadog (WHHR)", "ref:crs": null, "ref": null, "id": 1012 }, "geometry": { "type": "Point", "coordinates": [ -4.131979, 52.9309118 ] } },
{ "type": "Feature", "properties": { "name": "Pen-y-Mount", "ref:crs": null, "ref": null, "id": 1013 }, "geometry": { "type": "Point", "coordinates": [ -4.1239372, 52.9341596 ] } },
{ "type": "Feature", "properties": { "name": "Chinnor", "ref:crs": null, "ref": null, "id": 1014 }, "geometry": { "type": "Point", "coordinates": [ -0.9060291, 51.6981184 ] } },
{ "type": "Feature", "properties": { "name": "Greenway Halt", "ref:crs": null, "ref": null, "id": 1015 }, "geometry": { "type": "Point", "coordinates": [ -3.5730892, 50.3863638 ] } },
{ "type": "Feature", "properties": { "name": null, "ref:crs": null, "ref": null, "id": 1016 }, "geometry": { "type": "Point", "coordinates": [ -1.5121653, 53.6763613 ] } },
{ "type": "Feature", "properties": { "name": "Audley End Miniature Railway", "ref:crs": null, "ref": null, "id": 1017 }, "geometry": { "type": "Point", "coordinates": [ 0.217517, 52.0192173 ] } },
{ "type": "Feature", "properties": { "name": "Tywyn Wharf", "ref:crs": null, "ref": null, "id": 1018 }, "geometry": { "type": "Point", "coordinates": [ -4.0888228, 52.583617 ] } },
{ "type": "Feature", "properties": { "name": "Pendre", "ref:crs": null, "ref": null, "id": 1019 }, "geometry": { "type": "Point", "coordinates": [ -4.081217, 52.5872348 ] } },
{ "type": "Feature", "properties": { "name": "Rhydyronen", "ref:crs": null, "ref": null, "id": 1020 }, "geometry": { "type": "Point", "coordinates": [ -4.0463751, 52.5998319 ] } },
{ "type": "Feature", "properties": { "name": "Brynglas", "ref:crs": null, "ref": null, "id": 1021 }, "geometry": { "type": "Point", "coordinates": [ -4.0271075, 52.6083911 ] } },
{ "type": "Feature", "properties": { "name": "Abergynolwyn", "ref:crs": null, "ref": null, "id": 1022 }, "geometry": { "type": "Point", "coordinates": [ -3.9659472, 52.6386287 ] } },
{ "type": "Feature", "properties": { "name": "Fairbourne (FR)", "ref:crs": null, "ref": null, "id": 1023 }, "geometry": { "type": "Point", "coordinates": [ -4.050288, 52.695685 ] } },
{ "type": "Feature", "properties": { "name": "Pont Croesor Halt", "ref:crs": null, "ref": null, "id": 1024 }, "geometry": { "type": "Point", "coordinates": [ -4.0980002, 52.9501133 ] } },
{ "type": "Feature", "properties": { "name": "Sylfaen", "ref:crs": null, "ref": null, "id": 1025 }, "geometry": { "type": "Point", "coordinates": [ -3.2194162, 52.6497276 ] } },
{ "type": "Feature", "properties": { "name": "Castle Caereinion", "ref:crs": null, "ref": null, "id": 1026 }, "geometry": { "type": "Point", "coordinates": [ -3.2411329, 52.6445941 ] } },
{ "type": "Feature", "properties": { "name": "Pant", "ref:crs": null, "ref": null, "id": 1027 }, "geometry": { "type": "Point", "coordinates": [ -3.3644454, 51.77786 ] } },
{ "type": "Feature", "properties": { "name": "Pontsticill", "ref:crs": null, "ref": null, "id": 1028 }, "geometry": { "type": "Point", "coordinates": [ -3.3606768, 51.7999527 ] } },
{ "type": "Feature", "properties": { "name": "Dol-y-gaer", "ref:crs": null, "ref": null, "id": 1029 }, "geometry": { "type": "Point", "coordinates": [ -3.3682696, 51.8209203 ] } },
{ "type": "Feature", "properties": { "name": "Chasewater Heaths", "ref:crs": null, "ref": null, "id": 1030 }, "geometry": { "type": "Point", "coordinates": [ -1.9469988, 52.67611380000001 ] } },
{ "type": "Feature", "properties": { "name": "Thorpe-le-Soken", "ref:crs": "TLS", "ref": null, "id": 1031 }, "geometry": { "type": "Point", "coordinates": [ 1.1604018, 51.8478614 ] } },
{ "type": "Feature", "properties": { "name": "Kirby Cross", "ref:crs": "KBX", "ref": null, "id": 1032 }, "geometry": { "type": "Point", "coordinates": [ 1.2137971, 51.8415069 ] } },
{ "type": "Feature", "properties": { "name": "Frinton-on-Sea", "ref:crs": "FRI", "ref": null, "id": 1033 }, "geometry": { "type": "Point", "coordinates": [ 1.2433218, 51.8377612 ] } },
{ "type": "Feature", "properties": { "name": "Carbis Bay", "ref:crs": "CBB", "ref": null, "id": 1034 }, "geometry": { "type": "Point", "coordinates": [ -5.4637047, 50.1970953 ] } },
{ "type": "Feature", "properties": { "name": "Lelant", "ref:crs": "LEL", "ref": null, "id": 1035 }, "geometry": { "type": "Point", "coordinates": [ -5.4365104, 50.1839692 ] } },
{ "type": "Feature", "properties": { "name": "Lelant Saltings", "ref:crs": "LTS", "ref": null, "id": 1036 }, "geometry": { "type": "Point", "coordinates": [ -5.441159, 50.1785858 ] } },
{ "type": "Feature", "properties": { "name": "Norchard", "ref:crs": null, "ref": null, "id": 1037 }, "geometry": { "type": "Point", "coordinates": [ -2.5395674, 51.7357697 ] } },
{ "type": "Feature", "properties": { "name": "Lydney Town", "ref:crs": null, "ref": null, "id": 1038 }, "geometry": { "type": "Point", "coordinates": [ -2.5319837, 51.725442 ] } },
{ "type": "Feature", "properties": { "name": "Lydney Junction", "ref:crs": null, "ref": null, "id": 1039 }, "geometry": { "type": "Point", "coordinates": [ -2.5311242, 51.7156961 ] } },
{ "type": "Feature", "properties": { "name": "Quintrell Downs", "ref:crs": "QUI", "ref": null, "id": 1040 }, "geometry": { "type": "Point", "coordinates": [ -5.0288475, 50.4041228 ] } },
{ "type": "Feature", "properties": { "name": "Llangollen", "ref:crs": null, "ref": null, "id": 1041 }, "geometry": { "type": "Point", "coordinates": [ -3.1714237, 52.9713051 ] } },
{ "type": "Feature", "properties": { "name": "Somerleyton", "ref:crs": "SYT", "ref": null, "id": 1042 }, "geometry": { "type": "Point", "coordinates": [ 1.6522512, 52.5101525 ] } },
{ "type": "Feature", "properties": { "name": "Oulton Broad South", "ref:crs": "OUS", "ref": null, "id": 1043 }, "geometry": { "type": "Point", "coordinates": [ 1.7074886, 52.4695869 ] } },
{ "type": "Feature", "properties": { "name": "Tondu", "ref:crs": "TDU", "ref": null, "id": 1044 }, "geometry": { "type": "Point", "coordinates": [ -3.5951442, 51.5474663 ] } },
{ "type": "Feature", "properties": { "name": "Walton-on-the-Naze", "ref:crs": "WON", "ref": null, "id": 1045 }, "geometry": { "type": "Point", "coordinates": [ 1.2678629, 51.8462158 ] } },
{ "type": "Feature", "properties": { "name": "Bentley (South Yorkshire)", "ref:crs": "BYK", "ref": null, "id": 1046 }, "geometry": { "type": "Point", "coordinates": [ -1.1507054, 53.543586 ] } },
{ "type": "Feature", "properties": { "name": "Wolsingham", "ref:crs": null, "ref": null, "id": 1047 }, "geometry": { "type": "Point", "coordinates": [ -1.8843395, 54.7262615 ] } },
{ "type": "Feature", "properties": { "name": "Frosterley", "ref:crs": null, "ref": null, "id": 1048 }, "geometry": { "type": "Point", "coordinates": [ -1.9640609, 54.7269224 ] } },
{ "type": "Feature", "properties": { "name": "Crowcombe Heathfield", "ref:crs": null, "ref": null, "id": 1049 }, "geometry": { "type": "Point", "coordinates": [ -3.2333506, 51.1007791 ] } },
{ "type": "Feature", "properties": { "name": "Stogumber", "ref:crs": null, "ref": null, "id": 1050 }, "geometry": { "type": "Point", "coordinates": [ -3.27338, 51.1277404 ] } },
{ "type": "Feature", "properties": { "name": "Doniford Halt", "ref:crs": null, "ref": null, "id": 1051 }, "geometry": { "type": "Point", "coordinates": [ -3.3115629, 51.17835250000001 ] } },
{ "type": "Feature", "properties": { "name": "Williton", "ref:crs": null, "ref": null, "id": 1052 }, "geometry": { "type": "Point", "coordinates": [ -3.3094908, 51.166465399999971 ] } },
{ "type": "Feature", "properties": { "name": "Washford", "ref:crs": null, "ref": null, "id": 1053 }, "geometry": { "type": "Point", "coordinates": [ -3.3688908, 51.1615078 ] } },
{ "type": "Feature", "properties": { "name": "Watchet", "ref:crs": null, "ref": null, "id": 1054 }, "geometry": { "type": "Point", "coordinates": [ -3.3297097, 51.180634 ] } },
{ "type": "Feature", "properties": { "name": "Blue Anchor", "ref:crs": null, "ref": null, "id": 1055 }, "geometry": { "type": "Point", "coordinates": [ -3.4009333, 51.1816647 ] } },
{ "type": "Feature", "properties": { "name": "Dunster", "ref:crs": null, "ref": null, "id": 1056 }, "geometry": { "type": "Point", "coordinates": [ -3.4384228, 51.1931186 ] } },
{ "type": "Feature", "properties": { "name": "Minehead", "ref:crs": null, "ref": null, "id": 1057 }, "geometry": { "type": "Point", "coordinates": [ -3.4678346, 51.2062859 ] } },
{ "type": "Feature", "properties": { "name": "West Croydon", "ref:crs": "WCY", "ref": null, "id": 1058 }, "geometry": { "type": "Point", "coordinates": [ -0.1020387, 51.378808 ] } },
{ "type": "Feature", "properties": { "name": "Pimlico", "ref:crs": null, "ref": null, "id": 1059 }, "geometry": { "type": "Point", "coordinates": [ -0.1334879, 51.4892267 ] } },
{ "type": "Feature", "properties": { "name": "Marsh Mills", "ref:crs": null, "ref": null, "id": 1060 }, "geometry": { "type": "Point", "coordinates": [ -4.0824299, 50.3949594 ] } },
{ "type": "Feature", "properties": { "name": "Prestwick International Airport", "ref:crs": "PRA", "ref": null, "id": 1061 }, "geometry": { "type": "Point", "coordinates": [ -4.6141614, 55.5090011 ] } },
{ "type": "Feature", "properties": { "name": "Filton Abbey Wood", "ref:crs": "FIT", "ref": null, "id": 1062 }, "geometry": { "type": "Point", "coordinates": [ -2.563826, 51.503393 ] } },
{ "type": "Feature", "properties": { "name": "Page's Park", "ref:crs": null, "ref": null, "id": 1063 }, "geometry": { "type": "Point", "coordinates": [ -0.6509031, 51.9088183 ] } },
{ "type": "Feature", "properties": { "name": "Colesloggett Halt", "ref:crs": null, "ref": null, "id": 1064 }, "geometry": { "type": "Point", "coordinates": [ -4.6746399, 50.4598754 ] } },
{ "type": "Feature", "properties": { "name": "Bodmin General", "ref:crs": null, "ref": null, "id": 1065 }, "geometry": { "type": "Point", "coordinates": [ -4.7166011, 50.4658792 ] } },
{ "type": "Feature", "properties": { "name": "Cantley", "ref:crs": "CNY", "ref": null, "id": 1066 }, "geometry": { "type": "Point", "coordinates": [ 1.5136275, 52.5787207 ] } },
{ "type": "Feature", "properties": { "name": "Sandwell and Dudley", "ref:crs": "SAD", "ref": null, "id": 1067 }, "geometry": { "type": "Point", "coordinates": [ -2.01168, 52.5085779 ] } },
{ "type": "Feature", "properties": { "name": "Holt", "ref:crs": null, "ref": null, "id": 1068 }, "geometry": { "type": "Point", "coordinates": [ 1.1134842, 52.9143627 ] } },
{ "type": "Feature", "properties": { "name": "Beckton Park", "ref:crs": null, "ref": null, "id": 1069 }, "geometry": { "type": "Point", "coordinates": [ 0.0549426, 51.5087601 ] } },
{ "type": "Feature", "properties": { "name": "Holycombe Junction", "ref:crs": null, "ref": null, "id": 1070 }, "geometry": { "type": "Point", "coordinates": [ -0.7820793, 51.057239 ] } },
{ "type": "Feature", "properties": { "name": "Navigation Road", "ref:crs": "NVR", "ref": null, "id": 1071 }, "geometry": { "type": "Point", "coordinates": [ -2.3432686, 53.3957446 ] } },
{ "type": "Feature", "properties": { "name": "Sky Rider", "ref:crs": null, "ref": null, "id": 1072 }, "geometry": { "type": "Point", "coordinates": [ -0.6531323, 51.464609299999985 ] } },
{ "type": "Feature", "properties": { "name": "The Hawthorns", "ref:crs": "THW", "ref": null, "id": 1073 }, "geometry": { "type": "Point", "coordinates": [ -1.964545, 52.5055248 ] } },
{ "type": "Feature", "properties": { "name": "Knucklas", "ref:crs": "KNU", "ref": null, "id": 1074 }, "geometry": { "type": "Point", "coordinates": [ -3.0965228, 52.3597573 ] } },
{ "type": "Feature", "properties": { "name": "East Croydon", "ref:crs": "ECR", "ref": null, "id": 1075 }, "geometry": { "type": "Point", "coordinates": [ -0.0927317, 51.3758448 ] } },
{ "type": "Feature", "properties": { "name": "Wroxham BVR", "ref:crs": null, "ref": null, "id": 1076 }, "geometry": { "type": "Point", "coordinates": [ 1.4085335, 52.7168488 ] } },
{ "type": "Feature", "properties": { "name": "Coltishall", "ref:crs": null, "ref": null, "id": 1077 }, "geometry": { "type": "Point", "coordinates": [ 1.3603255, 52.7344055 ] } },
{ "type": "Feature", "properties": { "name": "Buxton", "ref:crs": null, "ref": null, "id": 1078 }, "geometry": { "type": "Point", "coordinates": [ 1.3070908, 52.7575783 ] } },
{ "type": "Feature", "properties": { "name": "Brampton", "ref:crs": null, "ref": null, "id": 1079 }, "geometry": { "type": "Point", "coordinates": [ 1.2913607, 52.766942 ] } },
{ "type": "Feature", "properties": { "name": "Aylsham", "ref:crs": null, "ref": null, "id": 1080 }, "geometry": { "type": "Point", "coordinates": [ 1.255403, 52.7910457 ] } },
{ "type": "Feature", "properties": { "name": "Overton for Ferry Meadows", "ref:crs": null, "ref": null, "id": 1081 }, "geometry": { "type": "Point", "coordinates": [ -0.3025918, 52.5589076 ] } },
{ "type": "Feature", "properties": { "name": "Peterborough (NVR)", "ref:crs": null, "ref": null, "id": 1082 }, "geometry": { "type": "Point", "coordinates": [ -0.2479461, 52.5677599 ] } },
{ "type": "Feature", "properties": { "name": "Colwyn Bay", "ref:crs": "CWB", "ref": null, "id": 1083 }, "geometry": { "type": "Point", "coordinates": [ -3.7258927, 53.2968237 ] } },
{ "type": "Feature", "properties": { "name": "Saxmundham", "ref:crs": "SAX", "ref": null, "id": 1084 }, "geometry": { "type": "Point", "coordinates": [ 1.4902723, 52.2152245 ] } },
{ "type": "Feature", "properties": { "name": "Prittlewell", "ref:crs": "PRL", "ref": null, "id": 1085 }, "geometry": { "type": "Point", "coordinates": [ 0.7106494, 51.5505931 ] } },
{ "type": "Feature", "properties": { "name": "Shore", "ref:crs": null, "ref": null, "id": 1086 }, "geometry": { "type": "Point", "coordinates": [ 0.7158518, 51.5326972 ] } },
{ "type": "Feature", "properties": { "name": "Digby and Sowton", "ref:crs": "DIG", "ref": null, "id": 1087 }, "geometry": { "type": "Point", "coordinates": [ -3.4739411, 50.7142155 ] } },
{ "type": "Feature", "properties": { "name": "Beckfoot", "ref:crs": null, "ref": null, "id": 1088 }, "geometry": { "type": "Point", "coordinates": [ -3.2824194, 54.392606 ] } },
{ "type": "Feature", "properties": { "name": "Shepherdswell (EKR)", "ref:crs": null, "ref": null, "id": 1089 }, "geometry": { "type": "Point", "coordinates": [ 1.230519, 51.1896657 ] } },
{ "type": "Feature", "properties": { "name": "Ruddington Fields", "ref:crs": null, "ref": null, "id": 1090 }, "geometry": { "type": "Point", "coordinates": [ -1.1479442, 52.8845732 ] } },
{ "type": "Feature", "properties": { "name": "Nottingham", "ref:crs": "NOT", "ref": null, "id": 1091 }, "geometry": { "type": "Point", "coordinates": [ -1.1449555, 52.9473037 ] } },
{ "type": "Feature", "properties": { "name": "Redditch", "ref:crs": "RDC", "ref": null, "id": 1092 }, "geometry": { "type": "Point", "coordinates": [ -1.9456089, 52.306380699999984 ] } },
{ "type": "Feature", "properties": { "name": "Bloxwich North", "ref:crs": "BWN", "ref": null, "id": 1093 }, "geometry": { "type": "Point", "coordinates": [ -2.0175675, 52.6253158 ] } },
{ "type": "Feature", "properties": { "name": "Avon Riverside", "ref:crs": null, "ref": null, "id": 1094 }, "geometry": { "type": "Point", "coordinates": [ -2.4577535, 51.4155504 ] } },
{ "type": "Feature", "properties": { "name": "Basingstoke", "ref:crs": "BSK", "ref": null, "id": 1095 }, "geometry": { "type": "Point", "coordinates": [ -1.0885594, 51.2684238 ] } },
{ "type": "Feature", "properties": { "name": "St Neots", "ref:crs": "SNO", "ref": null, "id": 1096 }, "geometry": { "type": "Point", "coordinates": [ -0.2470646, 52.2316268 ] } },
{ "type": "Feature", "properties": { "name": "Market Bosworth", "ref:crs": null, "ref": null, "id": 1097 }, "geometry": { "type": "Point", "coordinates": [ -1.420975, 52.624726 ] } },
{ "type": "Feature", "properties": { "name": "Causey Arch", "ref:crs": null, "ref": null, "id": 1098 }, "geometry": { "type": "Point", "coordinates": [ -1.686687, 54.8973288 ] } },
{ "type": "Feature", "properties": { "name": "Andrews House", "ref:crs": null, "ref": null, "id": 1099 }, "geometry": { "type": "Point", "coordinates": [ -1.6757001, 54.90848 ] } },
{ "type": "Feature", "properties": { "name": "Horsehay & Dawley", "ref:crs": null, "ref": null, "id": 1100 }, "geometry": { "type": "Point", "coordinates": [ -2.4816699, 52.6629789 ] } },
{ "type": "Feature", "properties": { "name": "Dronfield", "ref:crs": "DRO", "ref": null, "id": 1101 }, "geometry": { "type": "Point", "coordinates": [ -1.4692529, 53.3014 ] } },
{ "type": "Feature", "properties": { "name": "Dawlish Warren", "ref:crs": "DWW", "ref": null, "id": 1102 }, "geometry": { "type": "Point", "coordinates": [ -3.4437159, 50.5986475 ] } },
{ "type": "Feature", "properties": { "name": "Park Halt", "ref:crs": null, "ref": null, "id": 1103 }, "geometry": { "type": "Point", "coordinates": [ -1.5363956, 53.7614562 ] } },
{ "type": "Feature", "properties": { "name": "Midsomer Norton", "ref:crs": null, "ref": null, "id": 1104 }, "geometry": { "type": "Point", "coordinates": [ -2.483138, 51.2809511 ] } },
{ "type": "Feature", "properties": { "name": "Grosvenor Park Miniature Railway", "ref:crs": null, "ref": null, "id": 1105 }, "geometry": { "type": "Point", "coordinates": [ -2.8810028, 53.1908811 ] } },
{ "type": "Feature", "properties": { "name": "Whitecroft", "ref:crs": null, "ref": null, "id": 1106 }, "geometry": { "type": "Point", "coordinates": [ -2.5521311, 51.75313059999997 ] } },
{ "type": "Feature", "properties": { "name": "Dolgoch", "ref:crs": null, "ref": null, "id": 1107 }, "geometry": { "type": "Point", "coordinates": [ -3.9939962, 52.622034 ] } },
{ "type": "Feature", "properties": { "name": "Nant Gwernol", "ref:crs": null, "ref": null, "id": 1108 }, "geometry": { "type": "Point", "coordinates": [ -3.9508519, 52.64187840000001 ] } },
{ "type": "Feature", "properties": { "name": "Avoncliff", "ref:crs": "AVF", "ref": null, "id": 1109 }, "geometry": { "type": "Point", "coordinates": [ -2.2818436, 51.33956 ] } },
{ "type": "Feature", "properties": { "name": "Sunniside", "ref:crs": null, "ref": null, "id": 1110 }, "geometry": { "type": "Point", "coordinates": [ -1.6753699, 54.920206 ] } },
{ "type": "Feature", "properties": { "name": "Victoria", "ref:crs": null, "ref": null, "id": 1111 }, "geometry": { "type": "Point", "coordinates": [ -0.1431522, 51.496368799999985 ] } },
{ "type": "Feature", "properties": { "name": "Country Park Halt", "ref:crs": null, "ref": null, "id": 1112 }, "geometry": { "type": "Point", "coordinates": [ -2.3759192, 52.4549663 ] } },
{ "type": "Feature", "properties": { "name": "Upminster", "ref:crs": "UPM", "ref": null, "id": 1113 }, "geometry": { "type": "Point", "coordinates": [ 0.2516815, 51.558970799999983 ] } },
{ "type": "Feature", "properties": { "name": "Streethouse", "ref:crs": "SHC", "ref": null, "id": 1114 }, "geometry": { "type": "Point", "coordinates": [ -1.3994742, 53.676188600000017 ] } },
{ "type": "Feature", "properties": { "name": "Wilmslow", "ref:crs": "WML", "ref": null, "id": 1115 }, "geometry": { "type": "Point", "coordinates": [ -2.2260089, 53.3270993 ] } },
{ "type": "Feature", "properties": { "name": "Cheadle Hulme", "ref:crs": "CHU", "ref": null, "id": 1116 }, "geometry": { "type": "Point", "coordinates": [ -2.1883499, 53.3760261 ] } },
{ "type": "Feature", "properties": { "name": "Pitsford and Brampton", "ref:crs": null, "ref": null, "id": 1117 }, "geometry": { "type": "Point", "coordinates": [ -0.9238379, 52.293719199999984 ] } },
{ "type": "Feature", "properties": { "name": "Swinton (Manchester)", "ref:crs": "SNN", "ref": null, "id": 1118 }, "geometry": { "type": "Point", "coordinates": [ -2.336998, 53.5148082 ] } },
{ "type": "Feature", "properties": { "name": null, "ref:crs": null, "ref": null, "id": 1119 }, "geometry": { "type": "Point", "coordinates": [ -4.2384783, 57.460613699999982 ] } },
{ "type": "Feature", "properties": { "name": "Wembley Park", "ref:crs": null, "ref": "ZWY", "id": 1120 }, "geometry": { "type": "Point", "coordinates": [ -0.2800532, 51.5636297 ] } },
{ "type": "Feature", "properties": { "name": "Beddgelert", "ref:crs": null, "ref": null, "id": 1121 }, "geometry": { "type": "Point", "coordinates": [ -4.1078052, 53.0117659 ] } },
{ "type": "Feature", "properties": { "name": "Highbridge and Burnham", "ref:crs": "HIG", "ref": null, "id": 1122 }, "geometry": { "type": "Point", "coordinates": [ -2.9720037, 51.2183132 ] } },
{ "type": "Feature", "properties": { "name": "Cheddleton", "ref:crs": null, "ref": null, "id": 1123 }, "geometry": { "type": "Point", "coordinates": [ -2.0272735, 53.0654214 ] } },
{ "type": "Feature", "properties": { "name": "Willow Lawn", "ref:crs": null, "ref": null, "id": 1124 }, "geometry": { "type": "Point", "coordinates": [ -0.4318151, 51.5930135 ] } },
{ "type": "Feature", "properties": { "name": "Woody Bay", "ref:crs": null, "ref": null, "id": 1125 }, "geometry": { "type": "Point", "coordinates": [ -0.4290932, 51.588726 ] } },
{ "type": "Feature", "properties": { "name": "Wigton", "ref:crs": "WGT", "ref": null, "id": 1126 }, "geometry": { "type": "Point", "coordinates": [ -3.1643538, 54.829095 ] } },
{ "type": "Feature", "properties": { "name": "Exbury Central", "ref:crs": null, "ref": null, "id": 1127 }, "geometry": { "type": "Point", "coordinates": [ -1.399376, 50.8035469 ] } },
{ "type": "Feature", "properties": { "name": "Exbury North", "ref:crs": null, "ref": null, "id": 1128 }, "geometry": { "type": "Point", "coordinates": [ -1.4040902, 50.8056806 ] } },
{ "type": "Feature", "properties": { "name": "Nailsea and Backwell", "ref:crs": "NLS", "ref": null, "id": 1129 }, "geometry": { "type": "Point", "coordinates": [ -2.7496898, 51.4196718 ] } },
{ "type": "Feature", "properties": { "name": "Dunston", "ref:crs": "DOT", "ref": null, "id": 1130 }, "geometry": { "type": "Point", "coordinates": [ -1.6414408, 54.9499976 ] } },
{ "type": "Feature", "properties": { "name": "Norton Lakeside Halt", "ref:crs": null, "ref": null, "id": 1131 }, "geometry": { "type": "Point", "coordinates": [ -1.9568567, 52.6748556 ] } },
{ "type": "Feature", "properties": { "name": "Gelert's Farm", "ref:crs": null, "ref": null, "id": 1132 }, "geometry": { "type": "Point", "coordinates": [ -4.128303, 52.9312725 ] } },
{ "type": "Feature", "properties": { "name": "Pollokshields East", "ref:crs": "PLE", "ref": null, "id": 1133 }, "geometry": { "type": "Point", "coordinates": [ -4.2689803, 55.8407278 ] } },
{ "type": "Feature", "properties": { "name": "Frodsham", "ref:crs": "FRD", "ref": null, "id": 1134 }, "geometry": { "type": "Point", "coordinates": [ -2.7237343, 53.2957797 ] } },
{ "type": "Feature", "properties": { "name": "Palace Station", "ref:crs": null, "ref": null, "id": 1135 }, "geometry": { "type": "Point", "coordinates": [ -1.3581865, 51.8429869 ] } },
{ "type": "Feature", "properties": { "name": "Walled Garden Station", "ref:crs": null, "ref": null, "id": 1136 }, "geometry": { "type": "Point", "coordinates": [ -1.3505501, 51.8388678 ] } },
{ "type": "Feature", "properties": { "name": "Chapel Road Station", "ref:crs": null, "ref": null, "id": 1137 }, "geometry": { "type": "Point", "coordinates": [ -1.3409694, 50.86724250000001 ] } },
{ "type": "Feature", "properties": { "name": "Piccadilly", "ref:crs": null, "ref": null, "id": 1138 }, "geometry": { "type": "Point", "coordinates": [ -1.3407083, 50.8672955 ] } },
{ "type": "Feature", "properties": { "name": "Drumfrochar", "ref:crs": "DFR", "ref": null, "id": 1139 }, "geometry": { "type": "Point", "coordinates": [ -4.7721639, 55.9411705 ] } },
{ "type": "Feature", "properties": { "name": "Mountain Ash", "ref:crs": "MTA", "ref": null, "id": 1140 }, "geometry": { "type": "Point", "coordinates": [ -3.376667, 51.6817619 ] } },
{ "type": "Feature", "properties": { "name": "Shipley", "ref:crs": "SHY", "ref": null, "id": 1141 }, "geometry": { "type": "Point", "coordinates": [ -1.7736115, 53.8335128 ] } },
{ "type": "Feature", "properties": { "name": "Whifflet", "ref:crs": "WFF", "ref": null, "id": 1142 }, "geometry": { "type": "Point", "coordinates": [ -4.0186263, 55.8537332 ] } },
{ "type": "Feature", "properties": { "name": "Garforth", "ref:crs": "GRF", "ref": null, "id": 1143 }, "geometry": { "type": "Point", "coordinates": [ -1.382282, 53.7965742 ] } },
{ "type": "Feature", "properties": { "name": "Finsbury Park", "ref:crs": "FPK", "ref": null, "id": 1144 }, "geometry": { "type": "Point", "coordinates": [ -0.1064144, 51.5648345 ] } },
{ "type": "Feature", "properties": { "name": "Bedale", "ref:crs": null, "ref": null, "id": 1145 }, "geometry": { "type": "Point", "coordinates": [ -1.5880507, 54.2891975 ] } },
{ "type": "Feature", "properties": { "name": "Cambridge", "ref:crs": "CBG", "ref": null, "id": 1146 }, "geometry": { "type": "Point", "coordinates": [ 0.1375027, 52.194144 ] } },
{ "type": "Feature", "properties": { "name": "Longleat", "ref:crs": null, "ref": null, "id": 1147 }, "geometry": { "type": "Point", "coordinates": [ -2.2762606, 51.1873942 ] } },
{ "type": "Feature", "properties": { "name": "Kinneil Halt", "ref:crs": null, "ref": null, "id": 1148 }, "geometry": { "type": "Point", "coordinates": [ -3.6256241, 56.0148224 ] } },
{ "type": "Feature", "properties": { "name": "Bo'ness", "ref:crs": null, "ref": null, "id": 1149 }, "geometry": { "type": "Point", "coordinates": [ -3.6004981, 56.0179562 ] } },
{ "type": "Feature", "properties": { "name": "East Tanfield", "ref:crs": null, "ref": null, "id": 1150 }, "geometry": { "type": "Point", "coordinates": [ -1.6992903, 54.8885497 ] } },
{ "type": "Feature", "properties": { "name": "Scruton", "ref:crs": null, "ref": null, "id": 1151 }, "geometry": { "type": "Point", "coordinates": [ -1.5338604, 54.3195817 ] } },
{ "type": "Feature", "properties": { "name": "Whistle Inn halt", "ref:crs": null, "ref": null, "id": 1152 }, "geometry": { "type": "Point", "coordinates": [ -3.1185638, 51.7840036 ] } },
{ "type": "Feature", "properties": { "name": "Furnace Sidings", "ref:crs": null, "ref": null, "id": 1153 }, "geometry": { "type": "Point", "coordinates": [ -3.1113576, 51.7785502 ] } },
{ "type": "Feature", "properties": { "name": "Blaenavon High Level", "ref:crs": null, "ref": null, "id": 1154 }, "geometry": { "type": "Point", "coordinates": [ -3.0852529, 51.7684836 ] } },
{ "type": "Feature", "properties": { "name": "Big Pit halt", "ref:crs": null, "ref": null, "id": 1155 }, "geometry": { "type": "Point", "coordinates": [ -3.1049045, 51.7739838 ] } },
{ "type": "Feature", "properties": { "name": "Prestwick Town", "ref:crs": "PTW", "ref": null, "id": 1156 }, "geometry": { "type": "Point", "coordinates": [ -4.6143864, 55.5017394 ] } },
{ "type": "Feature", "properties": { "name": "Lewes", "ref:crs": "LWS", "ref": null, "id": 1157 }, "geometry": { "type": "Point", "coordinates": [ 0.0113494, 50.8705975 ] } },
{ "type": "Feature", "properties": { "name": "Martins Heron", "ref:crs": "MAO", "ref": null, "id": 1158 }, "geometry": { "type": "Point", "coordinates": [ -0.7242433, 51.4074442 ] } },
{ "type": "Feature", "properties": { "name": "Southampton Central", "ref:crs": "SOU", "ref": null, "id": 1159 }, "geometry": { "type": "Point", "coordinates": [ -1.4142289, 50.9074977 ] } },
{ "type": "Feature", "properties": { "name": "Kingsley & Froghall", "ref:crs": null, "ref": null, "id": 1160 }, "geometry": { "type": "Point", "coordinates": [ -1.9644668, 53.0215657 ] } },
{ "type": "Feature", "properties": { "name": "Nantmor Halt", "ref:crs": null, "ref": null, "id": 1161 }, "geometry": { "type": "Point", "coordinates": [ -4.0891687, 52.9935536 ] } },
{ "type": "Feature", "properties": { "name": "Bontnewydd", "ref:crs": null, "ref": null, "id": 1162 }, "geometry": { "type": "Point", "coordinates": [ -4.2759103, 53.1167689 ] } },
{ "type": "Feature", "properties": { "name": "Lidlington", "ref:crs": "LID", "ref": null, "id": 1163 }, "geometry": { "type": "Point", "coordinates": [ -0.5588064, 52.0416894 ] } },
{ "type": "Feature", "properties": { "name": "Clacton-on-Sea", "ref:crs": "CLT", "ref": null, "id": 1164 }, "geometry": { "type": "Point", "coordinates": [ 1.1543273, 51.7945324 ] } },
{ "type": "Feature", "properties": { "name": "St Ives", "ref:crs": "SIV", "ref": null, "id": 1165 }, "geometry": { "type": "Point", "coordinates": [ -5.4777671, 50.2088461 ] } },
{ "type": "Feature", "properties": { "name": "Newton Aycliffe", "ref:crs": "NAY", "ref": null, "id": 1166 }, "geometry": { "type": "Point", "coordinates": [ -1.5897097, 54.613739 ] } },
{ "type": "Feature", "properties": { "name": "Estuary Halt", "ref:crs": null, "ref": null, "id": 1167 }, "geometry": { "type": "Point", "coordinates": [ -4.0518658, 52.7122942 ] } },
{ "type": "Feature", "properties": { "name": "Barmouth Ferry", "ref:crs": null, "ref": null, "id": 1168 }, "geometry": { "type": "Point", "coordinates": [ -4.0485009, 52.7151503 ] } },
{ "type": "Feature", "properties": { "name": "Golf Halt", "ref:crs": null, "ref": null, "id": 1169 }, "geometry": { "type": "Point", "coordinates": [ -4.0575144, 52.7016742 ] } },
{ "type": "Feature", "properties": { "name": "Frimley Lodge", "ref:crs": null, "ref": null, "id": 1170 }, "geometry": { "type": "Point", "coordinates": [ -0.7216202, 51.2960277 ] } },
{ "type": "Feature", "properties": { "name": "Danycoed", "ref:crs": null, "ref": null, "id": 1171 }, "geometry": { "type": "Point", "coordinates": [ -4.3304149, 51.9072359 ] } },
{ "type": "Feature", "properties": { "name": "Llwyfan Cerrig", "ref:crs": null, "ref": null, "id": 1172 }, "geometry": { "type": "Point", "coordinates": [ -4.318223, 51.9081128 ] } },
{ "type": "Feature", "properties": { "name": "Bronwydd Arms", "ref:crs": null, "ref": null, "id": 1173 }, "geometry": { "type": "Point", "coordinates": [ -4.3007353, 51.8921567 ] } },
{ "type": "Feature", "properties": { "name": "Newton-on-Ayr", "ref:crs": "NOA", "ref": null, "id": 1174 }, "geometry": { "type": "Point", "coordinates": [ -4.625979, 55.4739658 ] } },
{ "type": "Feature", "properties": { "name": "Lynton Village", "ref:crs": null, "ref": null, "id": 1175 }, "geometry": { "type": "Point", "coordinates": [ -3.8354722, 51.2313042 ] } },
{ "type": "Feature", "properties": { "name": "Sandplace", "ref:crs": "SDP", "ref": null, "id": 1176 }, "geometry": { "type": "Point", "coordinates": [ -4.464799, 50.3875961 ] } },
{ "type": "Feature", "properties": { "name": "Museum Halt", "ref:crs": null, "ref": null, "id": 1177 }, "geometry": { "type": "Point", "coordinates": [ -1.5495933, 55.189752499999983 ] } },
{ "type": "Feature", "properties": { "name": "Lakeside Halt", "ref:crs": null, "ref": null, "id": 1178 }, "geometry": { "type": "Point", "coordinates": [ -1.5513922, 55.1960868 ] } },
{ "type": "Feature", "properties": { "name": "Forest Halt", "ref:crs": null, "ref": null, "id": 1179 }, "geometry": { "type": "Point", "coordinates": [ -0.9705382, 54.5793885 ] } },
{ "type": "Feature", "properties": { "name": "Drummuir", "ref:crs": null, "ref": null, "id": 1180 }, "geometry": { "type": "Point", "coordinates": [ -3.0390296, 57.4842317 ] } },
{ "type": "Feature", "properties": { "name": "Meillionen", "ref:crs": null, "ref": null, "id": 1181 }, "geometry": { "type": "Point", "coordinates": [ -4.1235359, 53.0194027 ] } },
{ "type": "Feature", "properties": { "name": "Dinas", "ref:crs": null, "ref": null, "id": 1182 }, "geometry": { "type": "Point", "coordinates": [ -4.2769864, 53.1035053 ] } },
{ "type": "Feature", "properties": { "name": "Tryfan Junction", "ref:crs": null, "ref": null, "id": 1183 }, "geometry": { "type": "Point", "coordinates": [ -4.2398315, 53.1079727 ] } },
{ "type": "Feature", "properties": { "name": "Penrhyn", "ref:crs": null, "ref": null, "id": 1184 }, "geometry": { "type": "Point", "coordinates": [ -4.064842, 52.9351708 ] } },
{ "type": "Feature", "properties": { "name": "Rheidol Falls", "ref:crs": null, "ref": null, "id": 1185 }, "geometry": { "type": "Point", "coordinates": [ -3.8996918, 52.3911035 ] } },
{ "type": "Feature", "properties": { "name": "Nantyronen", "ref:crs": null, "ref": null, "id": 1186 }, "geometry": { "type": "Point", "coordinates": [ -3.9487287, 52.385328199999989 ] } },
{ "type": "Feature", "properties": { "name": "Bridgnorth Cliff Railway Bottom Station", "ref:crs": null, "ref": null, "id": 1187 }, "geometry": { "type": "Point", "coordinates": [ -2.4176529, 52.5341676 ] } },
{ "type": "Feature", "properties": { "name": "Eaglescliffe", "ref:crs": "EAG", "ref": null, "id": 1188 }, "geometry": { "type": "Point", "coordinates": [ -1.3497203, 54.5300894 ] } },
{ "type": "Feature", "properties": { "name": "Featherstone", "ref:crs": "FEA", "ref": null, "id": 1189 }, "geometry": { "type": "Point", "coordinates": [ -1.358285, 53.679099199999975 ] } },
{ "type": "Feature", "properties": { "name": "Blunsdon", "ref:crs": null, "ref": null, "id": 1190 }, "geometry": { "type": "Point", "coordinates": [ -1.843859, 51.607380399999968 ] } },
{ "type": "Feature", "properties": { "name": "Hayes Knoll", "ref:crs": null, "ref": null, "id": 1191 }, "geometry": { "type": "Point", "coordinates": [ -1.8471715, 51.61365 ] } },
{ "type": "Feature", "properties": { "name": "Rocky Valley Halt", "ref:crs": null, "ref": null, "id": 1192 }, "geometry": { "type": "Point", "coordinates": [ -4.0841392, 53.0893021 ] } },
{ "type": "Feature", "properties": { "name": "Spring Village", "ref:crs": null, "ref": null, "id": 1193 }, "geometry": { "type": "Point", "coordinates": [ -2.4825389, 52.6628632 ] } },
{ "type": "Feature", "properties": { "name": "Tees Small Gauge Railway", "ref:crs": null, "ref": null, "id": 1194 }, "geometry": { "type": "Point", "coordinates": [ -1.3383531, 54.5379232 ] } },
{ "type": "Feature", "properties": { "name": "Swale", "ref:crs": "SWL", "ref": null, "id": 1195 }, "geometry": { "type": "Point", "coordinates": [ 0.7468492, 51.388965300000017 ] } },
{ "type": "Feature", "properties": { "name": "Oakwood Park Station", "ref:crs": null, "ref": null, "id": 1196 }, "geometry": { "type": "Point", "coordinates": [ -4.8028585, 51.7789542 ] } },
{ "type": "Feature", "properties": { "name": "East Links Family Park", "ref:crs": null, "ref": null, "id": 1197 }, "geometry": { "type": "Point", "coordinates": [ -2.5640811, 55.9995089 ] } },
{ "type": "Feature", "properties": { "name": "Delph", "ref:crs": null, "ref": null, "id": 1198 }, "geometry": { "type": "Point", "coordinates": [ -2.8382042, 53.7013043 ] } },
{ "type": "Feature", "properties": { "name": "Willow Tree Halt", "ref:crs": null, "ref": null, "id": 1199 }, "geometry": { "type": "Point", "coordinates": [ -2.8386748, 53.7006551 ] } },
{ "type": "Feature", "properties": { "name": "Becconsall Station", "ref:crs": null, "ref": null, "id": 1200 }, "geometry": { "type": "Point", "coordinates": [ -2.8381166, 53.6995958 ] } },
{ "type": "Feature", "properties": { "name": "Bridgnorth Cliff Railway Top Station", "ref:crs": null, "ref": null, "id": 1201 }, "geometry": { "type": "Point", "coordinates": [ -2.4182678, 52.5344063 ] } },
{ "type": "Feature", "properties": { "name": null, "ref:crs": null, "ref": null, "id": 1202 }, "geometry": { "type": "Point", "coordinates": [ -1.9348538, 52.1141441 ] } },
{ "type": "Feature", "properties": { "name": "Princes Wharf", "ref:crs": null, "ref": null, "id": 1203 }, "geometry": { "type": "Point", "coordinates": [ -2.59749, 51.4480951 ] } },
{ "type": "Feature", "properties": { "name": "Southend Cliff Lift", "ref:crs": null, "ref": null, "id": 1204 }, "geometry": { "type": "Point", "coordinates": [ 0.7109239, 51.5335104 ] } },
{ "type": "Feature", "properties": { "name": "Southend Cliff Lift", "ref:crs": null, "ref": null, "id": 1205 }, "geometry": { "type": "Point", "coordinates": [ 0.711004, 51.5340164 ] } },
{ "type": "Feature", "properties": { "name": "Kelling Heath Park", "ref:crs": null, "ref": null, "id": 1206 }, "geometry": { "type": "Point", "coordinates": [ 1.1377639, 52.9320084 ] } },
{ "type": "Feature", "properties": { "name": "Bishop Auckland West", "ref:crs": null, "ref": null, "id": 1207 }, "geometry": { "type": "Point", "coordinates": [ -1.6816499, 54.657132 ] } },
{ "type": "Feature", "properties": { "name": "Biggleswade", "ref:crs": "BIW", "ref": null, "id": 1208 }, "geometry": { "type": "Point", "coordinates": [ -0.260819, 52.0850343 ] } },
{ "type": "Feature", "properties": { "name": "Cassiobury Park Station", "ref:crs": null, "ref": null, "id": 1209 }, "geometry": { "type": "Point", "coordinates": [ -0.423798, 51.6622838 ] } },
{ "type": "Feature", "properties": { "name": "Haste Hill", "ref:crs": null, "ref": null, "id": 1210 }, "geometry": { "type": "Point", "coordinates": [ -0.4274432, 51.5970382 ] } },
{ "type": "Feature", "properties": { "name": "Blackridge", "ref:crs": "BKR", "ref": null, "id": 1211 }, "geometry": { "type": "Point", "coordinates": [ -3.7502961, 55.8843985 ] } },
{ "type": "Feature", "properties": { "name": "Severn Tunnel Junction", "ref:crs": "STJ", "ref": null, "id": 1212 }, "geometry": { "type": "Point", "coordinates": [ -2.7772968, 51.584253 ] } },
{ "type": "Feature", "properties": { "name": "Ham Lane (FMR)", "ref:crs": null, "ref": null, "id": 1213 }, "geometry": { "type": "Point", "coordinates": [ -0.3073283, 52.5627863 ] } },
{ "type": "Feature", "properties": { "name": "Gunwade (FMR)", "ref:crs": null, "ref": null, "id": 1214 }, "geometry": { "type": "Point", "coordinates": [ -0.3125963, 52.5667473 ] } },
{ "type": "Feature", "properties": { "name": "Consall", "ref:crs": null, "ref": null, "id": 1215 }, "geometry": { "type": "Point", "coordinates": [ -2.0011895, 53.0379504 ] } },
{ "type": "Feature", "properties": { "name": "Wem", "ref:crs": "WEM", "ref": null, "id": 1216 }, "geometry": { "type": "Point", "coordinates": [ -2.7182651, 52.8561108 ] } },
{ "type": "Feature", "properties": { "name": "Whitchurch", "ref:crs": "WTC", "ref": null, "id": 1217 }, "geometry": { "type": "Point", "coordinates": [ -2.6716574, 52.9682221 ] } },
{ "type": "Feature", "properties": { "name": "Nantwich", "ref:crs": "NAN", "ref": null, "id": 1218 }, "geometry": { "type": "Point", "coordinates": [ -2.5187309, 53.0635485 ] } },
{ "type": "Feature", "properties": { "name": "Prees", "ref:crs": "PRS", "ref": null, "id": 1219 }, "geometry": { "type": "Point", "coordinates": [ -2.6895572, 52.8994613 ] } },
{ "type": "Feature", "properties": { "name": "Wrenbury", "ref:crs": "WRE", "ref": null, "id": 1220 }, "geometry": { "type": "Point", "coordinates": [ -2.5956111, 53.0195948 ] } },
{ "type": "Feature", "properties": { "name": "Halesworth", "ref:crs": "HAS", "ref": null, "id": 1221 }, "geometry": { "type": "Point", "coordinates": [ 1.5057452, 52.3469592 ] } },
{ "type": "Feature", "properties": { "name": "Longport", "ref:crs": "LPT", "ref": null, "id": 1222 }, "geometry": { "type": "Point", "coordinates": [ -2.216635, 53.0419934 ] } },
{ "type": "Feature", "properties": { "name": "Butterfly Junction", "ref:crs": null, "ref": null, "id": 1223 }, "geometry": { "type": "Point", "coordinates": [ -2.6199792, 51.4465304 ] } },
{ "type": "Feature", "properties": { "name": "Bushey", "ref:crs": "BSH", "ref": null, "id": 1224 }, "geometry": { "type": "Point", "coordinates": [ -0.3849194, 51.6454831 ] } },
{ "type": "Feature", "properties": { "name": "Penllyn", "ref:crs": null, "ref": null, "id": 1225 }, "geometry": { "type": "Point", "coordinates": [ -4.149559, 53.1370988 ] } },
{ "type": "Feature", "properties": { "name": "Fort Apache", "ref:crs": null, "ref": null, "id": 1226 }, "geometry": { "type": "Point", "coordinates": [ 0.5661533, 51.3947559 ] } },
{ "type": "Feature", "properties": { "name": "Stone", "ref:crs": "SNE", "ref": null, "id": 1227 }, "geometry": { "type": "Point", "coordinates": [ -2.1554718, 52.9084696 ] } },
{ "type": "Feature", "properties": { "name": "Buxton Miniature Railway", "ref:crs": null, "ref": null, "id": 1228 }, "geometry": { "type": "Point", "coordinates": [ -1.9185882, 53.2566395 ] } },
{ "type": "Feature", "properties": { "name": "Chasetown (Church Street)", "ref:crs": null, "ref": null, "id": 1229 }, "geometry": { "type": "Point", "coordinates": [ -1.942884, 52.672625199999985 ] } },
{ "type": "Feature", "properties": { "name": "Corris", "ref:crs": null, "ref": null, "id": 1230 }, "geometry": { "type": "Point", "coordinates": [ -3.8415802, 52.6533675 ] } },
{ "type": "Feature", "properties": { "name": "Whitchurch", "ref:crs": "WCH", "ref": null, "id": 1231 }, "geometry": { "type": "Point", "coordinates": [ -1.3387418, 51.2376461 ] } },
{ "type": "Feature", "properties": { "name": "Leicester North", "ref:crs": null, "ref": null, "id": 1232 }, "geometry": { "type": "Point", "coordinates": [ -1.1331984, 52.6678271 ] } },
{ "type": "Feature", "properties": { "name": "Maespoeth", "ref:crs": null, "ref": null, "id": 1233 }, "geometry": { "type": "Point", "coordinates": [ -3.8444972, 52.6446445 ] } },
{ "type": "Feature", "properties": { "name": "High Rocks", "ref:crs": null, "ref": null, "id": 1234 }, "geometry": { "type": "Point", "coordinates": [ 0.2245186, 51.122478799999975 ] } },
{ "type": "Feature", "properties": { "name": "Eythorne", "ref:crs": null, "ref": null, "id": 1235 }, "geometry": { "type": "Point", "coordinates": [ 1.2638353, 51.1991459 ] } },
{ "type": "Feature", "properties": { "name": "Glaisdale", "ref:crs": "GLS", "ref": null, "id": 1236 }, "geometry": { "type": "Point", "coordinates": [ -0.793929, 54.4395064 ] } },
{ "type": "Feature", "properties": { "name": "Commondale", "ref:crs": "COM", "ref": null, "id": 1237 }, "geometry": { "type": "Point", "coordinates": [ -0.9749222, 54.4812297 ] } },
{ "type": "Feature", "properties": { "name": "Newquay", "ref:crs": "NQY", "ref": null, "id": 1238 }, "geometry": { "type": "Point", "coordinates": [ -5.0751286, 50.4144421 ] } },
{ "type": "Feature", "properties": { "name": "Gorebridge", "ref:crs": "GBG", "ref": null, "id": 1239 }, "geometry": { "type": "Point", "coordinates": [ -3.0467408, 55.8402696 ] } },
{ "type": "Feature", "properties": { "name": "Egton", "ref:crs": "EGT", "ref": null, "id": 1240 }, "geometry": { "type": "Point", "coordinates": [ -0.7617497, 54.4375309 ] } },
{ "type": "Feature", "properties": { "name": "Sleights", "ref:crs": "SLH", "ref": null, "id": 1241 }, "geometry": { "type": "Point", "coordinates": [ -0.6627591, 54.4611128 ] } },
{ "type": "Feature", "properties": { "name": "Hythe Town", "ref:crs": null, "ref": null, "id": 1242 }, "geometry": { "type": "Point", "coordinates": [ -1.3990889, 50.8707838 ] } },
{ "type": "Feature", "properties": { "name": "Hythe Pier", "ref:crs": null, "ref": null, "id": 1243 }, "geometry": { "type": "Point", "coordinates": [ -1.3936001, 50.8745854 ] } },
{ "type": "Feature", "properties": { "name": "Ashurst New Forest", "ref:crs": "ANF", "ref": null, "id": 1244 }, "geometry": { "type": "Point", "coordinates": [ -1.5264572, 50.8898464 ] } },
{ "type": "Feature", "properties": { "name": "Castleton Moor", "ref:crs": "CSM", "ref": null, "id": 1245 }, "geometry": { "type": "Point", "coordinates": [ -0.9467256, 54.4671478 ] } },
{ "type": "Feature", "properties": { "name": "Coalyard Miniature Railway", "ref:crs": null, "ref": null, "id": 1246 }, "geometry": { "type": "Point", "coordinates": [ -2.2401282, 52.3839758 ] } },
{ "type": "Feature", "properties": { "name": "Windy Ridge", "ref:crs": null, "ref": null, "id": 1247 }, "geometry": { "type": "Point", "coordinates": [ 0.2874059, 50.7882891 ] } },
{ "type": "Feature", "properties": { "name": "Silloth Miniature Railway", "ref:crs": null, "ref": null, "id": 1248 }, "geometry": { "type": "Point", "coordinates": [ -3.3768816, 54.8811186 ] } },
{ "type": "Feature", "properties": { "name": "Brockford", "ref:crs": null, "ref": null, "id": 1249 }, "geometry": { "type": "Point", "coordinates": [ 1.1172861, 52.250367 ] } },
{ "type": "Feature", "properties": { "name": "Harringay", "ref:crs": "HGY", "ref": null, "id": 1250 }, "geometry": { "type": "Point", "coordinates": [ -0.1052701, 51.5775578 ] } },
{ "type": "Feature", "properties": { "name": "Baker Street", "ref:crs": null, "ref": "ZBS", "id": 1251 }, "geometry": { "type": "Point", "coordinates": [ -0.1567349, 51.5225862 ] } },
{ "type": "Feature", "properties": { "name": "Paddington", "ref:crs": null, "ref": "ZPA", "id": 1252 }, "geometry": { "type": "Point", "coordinates": [ -0.175365, 51.5154795 ] } },
{ "type": "Feature", "properties": { "name": "Boscarne Junction", "ref:crs": null, "ref": null, "id": 1253 }, "geometry": { "type": "Point", "coordinates": [ -4.7613243, 50.4739305 ] } },
{ "type": "Feature", "properties": { "name": "Llanberis (LLR)", "ref:crs": null, "ref": null, "id": 1254 }, "geometry": { "type": "Point", "coordinates": [ -4.119049, 53.1177297 ] } },
{ "type": "Feature", "properties": { "name": "Gilfach Ddu", "ref:crs": null, "ref": null, "id": 1255 }, "geometry": { "type": "Point", "coordinates": [ -4.1154697, 53.1226641 ] } },
{ "type": "Feature", "properties": { "name": "Cei Llydan", "ref:crs": null, "ref": null, "id": 1256 }, "geometry": { "type": "Point", "coordinates": [ -4.1320984, 53.1307266 ] } },
{ "type": "Feature", "properties": { "name": "Abergwili Junction", "ref:crs": null, "ref": null, "id": 1257 }, "geometry": { "type": "Point", "coordinates": [ -4.2807205, 51.8686673 ] } },
{ "type": "Feature", "properties": { "name": "Gourock", "ref:crs": "GRK", "ref": null, "id": 1258 }, "geometry": { "type": "Point", "coordinates": [ -4.8156676, 55.9616159 ] } },
{ "type": "Feature", "properties": { "name": "Wigan North Western", "ref:crs": "WGN", "ref": null, "id": 1259 }, "geometry": { "type": "Point", "coordinates": [ -2.632996, 53.5433996 ] } },
{ "type": "Feature", "properties": { "name": "Lake", "ref:crs": "LKE", "ref": null, "id": 1260 }, "geometry": { "type": "Point", "coordinates": [ -1.1664698, 50.6461826 ] } },
{ "type": "Feature", "properties": { "name": "Billingham", "ref:crs": "BIL", "ref": null, "id": 1261 }, "geometry": { "type": "Point", "coordinates": [ -1.2795366, 54.6057149 ] } },
{ "type": "Feature", "properties": { "name": "Hove", "ref:crs": "HOV", "ref": null, "id": 1262 }, "geometry": { "type": "Point", "coordinates": [ -0.17018, 50.8352056 ] } },
{ "type": "Feature", "properties": { "name": "Waun-gron Park", "ref:crs": "WNG", "ref": null, "id": 1263 }, "geometry": { "type": "Point", "coordinates": [ -3.22969, 51.488302 ] } },
{ "type": "Feature", "properties": { "name": "Leadhills", "ref:crs": null, "ref": null, "id": 1264 }, "geometry": { "type": "Point", "coordinates": [ -3.7608117, 55.4113187 ] } },
{ "type": "Feature", "properties": { "name": "Wicksteed Park", "ref:crs": null, "ref": null, "id": 1265 }, "geometry": { "type": "Point", "coordinates": [ -0.7076312, 52.3846758 ] } },
{ "type": "Feature", "properties": { "name": "Appleby", "ref:crs": "APP", "ref": null, "id": 1266 }, "geometry": { "type": "Point", "coordinates": [ -2.486536, 54.58041 ] } },
{ "type": "Feature", "properties": { "name": "Archway", "ref:crs": null, "ref": null, "id": 1267 }, "geometry": { "type": "Point", "coordinates": [ -0.1349977, 51.5654371 ] } },
{ "type": "Feature", "properties": { "name": "Cranmore", "ref:crs": null, "ref": null, "id": 1268 }, "geometry": { "type": "Point", "coordinates": [ -2.4774061, 51.1851655 ] } },
{ "type": "Feature", "properties": { "name": "Mendip Vale", "ref:crs": null, "ref": null, "id": 1269 }, "geometry": { "type": "Point", "coordinates": [ -2.5174746, 51.1801021 ] } },
{ "type": "Feature", "properties": { "name": "East Wheal Rose", "ref:crs": null, "ref": null, "id": 1270 }, "geometry": { "type": "Point", "coordinates": [ -5.0414902, 50.3622943 ] } },
{ "type": "Feature", "properties": { "name": "Newlyn Halt", "ref:crs": null, "ref": null, "id": 1271 }, "geometry": { "type": "Point", "coordinates": [ -5.0459681, 50.3576682 ] } },
{ "type": "Feature", "properties": { "name": "Groggly Halt", "ref:crs": null, "ref": null, "id": 1272 }, "geometry": { "type": "Point", "coordinates": [ -5.0410512, 50.36209010000001 ] } },
{ "type": "Feature", "properties": { "name": "Benny Halt", "ref:crs": null, "ref": null, "id": 1273 }, "geometry": { "type": "Point", "coordinates": [ -5.041115, 50.3757717 ] } },
{ "type": "Feature", "properties": { "name": "Hendy", "ref:crs": null, "ref": null, "id": 1274 }, "geometry": { "type": "Point", "coordinates": [ -4.0710941, 52.5908171 ] } },
{ "type": "Feature", "properties": { "name": "Cynfal", "ref:crs": null, "ref": null, "id": 1275 }, "geometry": { "type": "Point", "coordinates": [ -4.0528875, 52.5982271 ] } },
{ "type": "Feature", "properties": { "name": "Fach Goch", "ref:crs": null, "ref": null, "id": 1276 }, "geometry": { "type": "Point", "coordinates": [ -4.0609213, 52.5947526 ] } },
{ "type": "Feature", "properties": { "name": "Danby", "ref:crs": "DNY", "ref": null, "id": 1277 }, "geometry": { "type": "Point", "coordinates": [ -0.910998, 54.4661746 ] } },
{ "type": "Feature", "properties": { "name": "Lealholm", "ref:crs": "LHM", "ref": null, "id": 1278 }, "geometry": { "type": "Point", "coordinates": [ -0.8255112, 54.4604593 ] } },
{ "type": "Feature", "properties": { "name": "Kildale", "ref:crs": "KLD", "ref": null, "id": 1279 }, "geometry": { "type": "Point", "coordinates": [ -1.0683268, 54.4777507 ] } },
{ "type": "Feature", "properties": { "name": "Cameron Bridge", "ref:crs": "CBX", "ref": null, "id": 1280 }, "geometry": { "type": "Point", "coordinates": [ -3.0457235, 56.190029 ] } },
{ "type": "Feature", "properties": { "name": "Caverswall Road", "ref:crs": null, "ref": null, "id": 1281 }, "geometry": { "type": "Point", "coordinates": [ -2.0645127, 52.9756579 ] } },
{ "type": "Feature", "properties": { "name": "Dilhorne Park", "ref:crs": null, "ref": null, "id": 1282 }, "geometry": { "type": "Point", "coordinates": [ -2.0466557, 53.000399 ] } },
{ "type": "Feature", "properties": { "name": "Rockingham", "ref:crs": null, "ref": null, "id": 1283 }, "geometry": { "type": "Point", "coordinates": [ -1.4192072, 53.4937958 ] } },
{ "type": "Feature", "properties": { "name": "Heyford", "ref:crs": "HYD", "ref": null, "id": 1284 }, "geometry": { "type": "Point", "coordinates": [ -1.2994468, 51.918584599999974 ] } },
{ "type": "Feature", "properties": { "name": "Rhyd Ddu", "ref:crs": null, "ref": null, "id": 1285 }, "geometry": { "type": "Point", "coordinates": [ -4.1330404, 53.05109 ] } },
{ "type": "Feature", "properties": { "name": "Tynllwyn Hen", "ref:crs": null, "ref": null, "id": 1286 }, "geometry": { "type": "Point", "coordinates": [ -4.0411374, 52.6029088 ] } },
{ "type": "Feature", "properties": { "name": "Rio Grande Train Station", "ref:crs": null, "ref": null, "id": 1287 }, "geometry": { "type": "Point", "coordinates": [ -1.5504551, 50.9493579 ] } },
{ "type": "Feature", "properties": { "name": "Bridgwater", "ref:crs": "BWT", "ref": null, "id": 1288 }, "geometry": { "type": "Point", "coordinates": [ -2.9902484, 51.1278436 ] } },
{ "type": "Feature", "properties": { "name": "Bromsgrove", "ref:crs": "BMV", "ref": null, "id": 1289 }, "geometry": { "type": "Point", "coordinates": [ -2.0499793, 52.3201581 ] } },
{ "type": "Feature", "properties": { "name": "East Acton", "ref:crs": null, "ref": null, "id": 1290 }, "geometry": { "type": "Point", "coordinates": [ -0.248137, 51.5173451 ] } },
{ "type": "Feature", "properties": { "name": "Winchcombe", "ref:crs": null, "ref": null, "id": 1291 }, "geometry": { "type": "Point", "coordinates": [ -1.9630872, 51.96634670000001 ] } },
{ "type": "Feature", "properties": { "name": "Toddington", "ref:crs": null, "ref": null, "id": 1292 }, "geometry": { "type": "Point", "coordinates": [ -1.9284569, 51.989334 ] } },
{ "type": "Feature", "properties": { "name": "Great Ayton", "ref:crs": "GTA", "ref": null, "id": 1293 }, "geometry": { "type": "Point", "coordinates": [ -1.1152354, 54.4894968 ] } },
{ "type": "Feature", "properties": { "name": "Giggleswick", "ref:crs": "GIG", "ref": null, "id": 1294 }, "geometry": { "type": "Point", "coordinates": [ -2.3028455, 54.0617706 ] } },
{ "type": "Feature", "properties": { "name": "Saltburn", "ref:crs": "SLB", "ref": null, "id": 1295 }, "geometry": { "type": "Point", "coordinates": [ -0.9752233, 54.5834185 ] } },
{ "type": "Feature", "properties": { "name": "Longbeck", "ref:crs": "LGK", "ref": null, "id": 1296 }, "geometry": { "type": "Point", "coordinates": [ -1.0309929, 54.5893375 ] } },
{ "type": "Feature", "properties": { "name": "Streatham Hill", "ref:crs": "SRH", "ref": null, "id": 1297 }, "geometry": { "type": "Point", "coordinates": [ -0.1277852, 51.4383281 ] } },
{ "type": "Feature", "properties": { "name": "Bishops Lydeard", "ref:crs": null, "ref": null, "id": 1298 }, "geometry": { "type": "Point", "coordinates": [ -3.1941161, 51.0541419 ] } },
{ "type": "Feature", "properties": { "name": "Snaresbrook", "ref:crs": null, "ref": null, "id": 1299 }, "geometry": { "type": "Point", "coordinates": [ 0.0215864, 51.5808033 ] } },
{ "type": "Feature", "properties": { "name": "Long Eaton", "ref:crs": "LGE", "ref": null, "id": 1300 }, "geometry": { "type": "Point", "coordinates": [ -1.2872899, 52.8849595 ] } },
{ "type": "Feature", "properties": { "name": "Main Entrance Station", "ref:crs": null, "ref": null, "id": 1301 }, "geometry": { "type": "Point", "coordinates": [ -4.8001387, 51.7775924 ] } },
{ "type": "Feature", "properties": { "name": "Strawberry Hill", "ref:crs": "STW", "ref": null, "id": 1302 }, "geometry": { "type": "Point", "coordinates": [ -0.3393309, 51.4391919 ] } },
{ "type": "Feature", "properties": { "name": "Gotherington", "ref:crs": null, "ref": null, "id": 1303 }, "geometry": { "type": "Point", "coordinates": [ -2.0380987, 51.967182 ] } },
{ "type": "Feature", "properties": { "name": "Littleport", "ref:crs": "LTP", "ref": null, "id": 1304 }, "geometry": { "type": "Point", "coordinates": [ 0.3163815, 52.4623343 ] } },
{ "type": "Feature", "properties": { "name": "Grangetown", "ref:crs": "GTN", "ref": null, "id": 1305 }, "geometry": { "type": "Point", "coordinates": [ -3.1895595, 51.467252500000015 ] } },
{ "type": "Feature", "properties": { "name": "Recreation Ground Halt", "ref:crs": null, "ref": null, "id": 1306 }, "geometry": { "type": "Point", "coordinates": [ -1.5779955, 53.0967515 ] } },
{ "type": "Feature", "properties": { "name": "Steeple Grange", "ref:crs": null, "ref": null, "id": 1307 }, "geometry": { "type": "Point", "coordinates": [ -1.5707391, 53.0957073 ] } },
{ "type": "Feature", "properties": { "name": "Crowthorne", "ref:crs": "CRN", "ref": null, "id": 1308 }, "geometry": { "type": "Point", "coordinates": [ -0.8192585, 51.3664877 ] } },
{ "type": "Feature", "properties": { "name": "Sandhurst", "ref:crs": "SND", "ref": null, "id": 1309 }, "geometry": { "type": "Point", "coordinates": [ -0.8038071, 51.3465435 ] } },
{ "type": "Feature", "properties": { "name": "Bedworth", "ref:crs": "BEH", "ref": null, "id": 1310 }, "geometry": { "type": "Point", "coordinates": [ -1.4674675, 52.4793285 ] } },
{ "type": "Feature", "properties": { "name": "Bank", "ref:crs": null, "ref": null, "id": 1311 }, "geometry": { "type": "Point", "coordinates": [ -0.0893749, 51.5131048 ] } },
{ "type": "Feature", "properties": { "name": "Watton-at-Stone", "ref:crs": "WAS", "ref": null, "id": 1312 }, "geometry": { "type": "Point", "coordinates": [ -0.1194539, 51.856458 ] } },
{ "type": "Feature", "properties": { "name": "Hatfield", "ref:crs": "HAT", "ref": null, "id": 1313 }, "geometry": { "type": "Point", "coordinates": [ -0.2158, 51.7651554 ] } },
{ "type": "Feature", "properties": { "name": "Hythe (Colchester)", "ref:crs": "HYH", "ref": null, "id": 1314 }, "geometry": { "type": "Point", "coordinates": [ 0.9275278, 51.8858134 ] } },
{ "type": "Feature", "properties": { "name": "Huntingdon", "ref:crs": "HUN", "ref": null, "id": 1315 }, "geometry": { "type": "Point", "coordinates": [ -0.1924714, 52.328808599999974 ] } },
{ "type": "Feature", "properties": { "name": "Heathrow Terminal 4", "ref:crs": null, "ref": null, "id": 1316 }, "geometry": { "type": "Point", "coordinates": [ -0.4454717, 51.4588093 ] } },
{ "type": "Feature", "properties": { "name": "Barons Court", "ref:crs": null, "ref": "ZBQ", "id": 1317 }, "geometry": { "type": "Point", "coordinates": [ -0.2144055, 51.4903477 ] } },
{ "type": "Feature", "properties": { "name": "Arnos Grove", "ref:crs": null, "ref": null, "id": 1318 }, "geometry": { "type": "Point", "coordinates": [ -0.1330981, 51.6164256 ] } },
{ "type": "Feature", "properties": { "name": "Ash", "ref:crs": "ASH", "ref": null, "id": 1319 }, "geometry": { "type": "Point", "coordinates": [ -0.7129145, 51.2497298 ] } },
{ "type": "Feature", "properties": { "name": "Wanborough", "ref:crs": "WAN", "ref": null, "id": 1320 }, "geometry": { "type": "Point", "coordinates": [ -0.6676084, 51.244622 ] } },
{ "type": "Feature", "properties": { "name": "Starcross", "ref:crs": "SCS", "ref": null, "id": 1321 }, "geometry": { "type": "Point", "coordinates": [ -3.4476371, 50.6275884 ] } },
{ "type": "Feature", "properties": { "name": "Lymington Pier", "ref:crs": "LYP", "ref": null, "id": 1322 }, "geometry": { "type": "Point", "coordinates": [ -1.5293235, 50.7576921 ] } },
{ "type": "Feature", "properties": { "name": "Lymington Town", "ref:crs": "LYT", "ref": null, "id": 1323 }, "geometry": { "type": "Point", "coordinates": [ -1.5371052, 50.7610799 ] } },
{ "type": "Feature", "properties": { "name": "Dalmarnock", "ref:crs": "DAK", "ref": null, "id": 1324 }, "geometry": { "type": "Point", "coordinates": [ -4.2174709, 55.8421847 ] } },
{ "type": "Feature", "properties": { "name": "Boughton", "ref:crs": null, "ref": null, "id": 1325 }, "geometry": { "type": "Point", "coordinates": [ -0.9213052, 52.2815415 ] } },
{ "type": "Feature", "properties": { "name": "New Brighton", "ref:crs": "NBN", "ref": null, "id": 1326 }, "geometry": { "type": "Point", "coordinates": [ -3.0480464, 53.4373879 ] } },
{ "type": "Feature", "properties": { "name": "Angel", "ref:crs": null, "ref": null, "id": 1327 }, "geometry": { "type": "Point", "coordinates": [ -0.1060356, 51.5324874 ] } },
{ "type": "Feature", "properties": { "name": "Camden Town", "ref:crs": null, "ref": null, "id": 1328 }, "geometry": { "type": "Point", "coordinates": [ -0.1426957, 51.5394397 ] } },
{ "type": "Feature", "properties": { "name": "East Finchley", "ref:crs": null, "ref": null, "id": 1329 }, "geometry": { "type": "Point", "coordinates": [ -0.1648137, 51.5871881 ] } },
{ "type": "Feature", "properties": { "name": "Highgate", "ref:crs": null, "ref": null, "id": 1330 }, "geometry": { "type": "Point", "coordinates": [ -0.1458316, 51.5776825 ] } },
{ "type": "Feature", "properties": { "name": "Tufnell Park", "ref:crs": null, "ref": null, "id": 1331 }, "geometry": { "type": "Point", "coordinates": [ -0.138457, 51.5568005 ] } },
{ "type": "Feature", "properties": { "name": "Hendon Central", "ref:crs": null, "ref": null, "id": 1332 }, "geometry": { "type": "Point", "coordinates": [ -0.2265541, 51.5834006 ] } },
{ "type": "Feature", "properties": { "name": "Farnborough North", "ref:crs": "FNN", "ref": null, "id": 1333 }, "geometry": { "type": "Point", "coordinates": [ -0.7430468, 51.3024039 ] } },
{ "type": "Feature", "properties": { "name": "High Barnet", "ref:crs": null, "ref": "ZHB", "id": 1334 }, "geometry": { "type": "Point", "coordinates": [ -0.1938826, 51.650399 ] } },
{ "type": "Feature", "properties": { "name": "Brent Cross", "ref:crs": null, "ref": null, "id": 1335 }, "geometry": { "type": "Point", "coordinates": [ -0.2139731, 51.5768177 ] } },
{ "type": "Feature", "properties": { "name": "Town Station", "ref:crs": null, "ref": null, "id": 1336 }, "geometry": { "type": "Point", "coordinates": [ -0.9709902, 54.5856932 ] } },
{ "type": "Feature", "properties": { "name": "Great Yarmouth", "ref:crs": "GYM", "ref": null, "id": 1337 }, "geometry": { "type": "Point", "coordinates": [ 1.7206879, 52.611921299999977 ] } },
{ "type": "Feature", "properties": { "name": "Roundhouse Halt", "ref:crs": null, "ref": null, "id": 1338 }, "geometry": { "type": "Point", "coordinates": [ -1.3813376, 53.2746594 ] } },
{ "type": "Feature", "properties": { "name": "Goring & Streatley", "ref:crs": "GOR", "ref": null, "id": 1339 }, "geometry": { "type": "Point", "coordinates": [ -1.1331195, 51.5211885 ] } },
{ "type": "Feature", "properties": { "name": "Dymchurch", "ref:crs": null, "ref": null, "id": 1340 }, "geometry": { "type": "Point", "coordinates": [ 0.9904977, 51.0251985 ] } },
{ "type": "Feature", "properties": { "name": "Romney Warren Halt", "ref:crs": null, "ref": null, "id": 1341 }, "geometry": { "type": "Point", "coordinates": [ 0.9603685, 50.9972166 ] } },
{ "type": "Feature", "properties": { "name": "St Mary's Bay", "ref:crs": null, "ref": null, "id": 1342 }, "geometry": { "type": "Point", "coordinates": [ 0.9745763, 51.011562 ] } },
{ "type": "Feature", "properties": { "name": "Greenford", "ref:crs": "GFD", "ref": null, "id": 1343 }, "geometry": { "type": "Point", "coordinates": [ -0.3447996, 51.5421177 ] } },
{ "type": "Feature", "properties": { "name": "Wanstead Park", "ref:crs": "WNP", "ref": null, "id": 1344 }, "geometry": { "type": "Point", "coordinates": [ 0.0260733, 51.5517605 ] } },
{ "type": "Feature", "properties": { "name": "Leytonstone High Road", "ref:crs": "LER", "ref": null, "id": 1345 }, "geometry": { "type": "Point", "coordinates": [ 0.0085412, 51.5635285 ] } },
{ "type": "Feature", "properties": { "name": "Hill Train Bottom", "ref:crs": null, "ref": null, "id": 1346 }, "geometry": { "type": "Point", "coordinates": [ -0.6502646, 51.463765699999989 ] } },
{ "type": "Feature", "properties": { "name": "Hill Train Top", "ref:crs": null, "ref": null, "id": 1347 }, "geometry": { "type": "Point", "coordinates": [ -0.6536388, 51.4641989 ] } },
{ "type": "Feature", "properties": { "name": null, "ref:crs": null, "ref": null, "id": 1348 }, "geometry": { "type": "Point", "coordinates": [ -3.0296866, 53.7460224 ] } },
{ "type": "Feature", "properties": { "name": "Barshaw Central", "ref:crs": null, "ref": null, "id": 1349 }, "geometry": { "type": "Point", "coordinates": [ -4.3963559, 55.8487724 ] } },
{ "type": "Feature", "properties": { "name": "Fishguard and Goodwick", "ref:crs": "FGW", "ref": null, "id": 1350 }, "geometry": { "type": "Point", "coordinates": [ -4.9950733, 52.0039692 ] } },
{ "type": "Feature", "properties": { "name": "Heywood", "ref:crs": null, "ref": null, "id": 1351 }, "geometry": { "type": "Point", "coordinates": [ -2.2070104, 53.589009 ] } },
{ "type": "Feature", "properties": { "name": "King's Sutton", "ref:crs": "KGS", "ref": null, "id": 1352 }, "geometry": { "type": "Point", "coordinates": [ -1.2809729, 52.0210915 ] } },
{ "type": "Feature", "properties": { "name": "Virginia Water", "ref:crs": "VIR", "ref": null, "id": 1353 }, "geometry": { "type": "Point", "coordinates": [ -0.5620827, 51.40152350000001 ] } },
{ "type": "Feature", "properties": { "name": "Saltcoats", "ref:crs": "SLT", "ref": null, "id": 1354 }, "geometry": { "type": "Point", "coordinates": [ -4.7845685, 55.6339122 ] } },
{ "type": "Feature", "properties": { "name": "Pangbourne", "ref:crs": "PAN", "ref": null, "id": 1355 }, "geometry": { "type": "Point", "coordinates": [ -1.0904319, 51.485355299999988 ] } },
{ "type": "Feature", "properties": { "name": "Fellgate", "ref:crs": null, "ref": null, "id": 1356 }, "geometry": { "type": "Point", "coordinates": [ -1.4852346, 54.957505 ] } },
{ "type": "Feature", "properties": { "name": "Mill Hill East", "ref:crs": null, "ref": null, "id": 1357 }, "geometry": { "type": "Point", "coordinates": [ -0.2101451, 51.6082746 ] } },
{ "type": "Feature", "properties": { "name": "West Finchley", "ref:crs": null, "ref": null, "id": 1358 }, "geometry": { "type": "Point", "coordinates": [ -0.1883313, 51.6094298 ] } },
{ "type": "Feature", "properties": { "name": "Woodside Park", "ref:crs": null, "ref": null, "id": 1359 }, "geometry": { "type": "Point", "coordinates": [ -0.185523, 51.617938 ] } },
{ "type": "Feature", "properties": { "name": "Blaenau Ffestiniog", "ref:crs": null, "ref": null, "id": 1360 }, "geometry": { "type": "Point", "coordinates": [ -3.9379224, 52.9945942 ] } },
{ "type": "Feature", "properties": { "name": "Tanygrisiau", "ref:crs": null, "ref": null, "id": 1361 }, "geometry": { "type": "Point", "coordinates": [ -3.9627332, 52.9857047 ] } },
{ "type": "Feature", "properties": { "name": "Tan y Bwlch", "ref:crs": null, "ref": null, "id": 1362 }, "geometry": { "type": "Point", "coordinates": [ -4.0112267, 52.9544727 ] } },
{ "type": "Feature", "properties": { "name": "Porthmadog Harbour", "ref:crs": null, "ref": null, "id": 1363 }, "geometry": { "type": "Point", "coordinates": [ -4.1266708, 52.9240121 ] } },
{ "type": "Feature", "properties": { "name": "Dduallt", "ref:crs": null, "ref": null, "id": 1364 }, "geometry": { "type": "Point", "coordinates": [ -3.9686999, 52.9602369 ] } },
{ "type": "Feature", "properties": { "name": "Boston Lodge Halt", "ref:crs": null, "ref": null, "id": 1365 }, "geometry": { "type": "Point", "coordinates": [ -4.10461, 52.920872199999984 ] } },
{ "type": "Feature", "properties": { "name": "Minffordd", "ref:crs": null, "ref": null, "id": 1366 }, "geometry": { "type": "Point", "coordinates": [ -4.0832022, 52.9262402 ] } },
{ "type": "Feature", "properties": { "name": "Porthmadog", "ref:crs": "PTM", "ref": null, "id": 1367 }, "geometry": { "type": "Point", "coordinates": [ -4.1353065, 52.930988 ] } },
{ "type": "Feature", "properties": { "name": "Mills Hill", "ref:crs": "MIH", "ref": null, "id": 1368 }, "geometry": { "type": "Point", "coordinates": [ -2.1714727, 53.5508557 ] } },
{ "type": "Feature", "properties": { "name": "Llandecwyn", "ref:crs": "LLC", "ref": null, "id": 1369 }, "geometry": { "type": "Point", "coordinates": [ -4.0565564, 52.9210189 ] } },
{ "type": "Feature", "properties": { "name": "Beach Halt", "ref:crs": null, "ref": null, "id": 1370 }, "geometry": { "type": "Point", "coordinates": [ -4.056555, 52.6977163 ] } },
{ "type": "Feature", "properties": { "name": "Loop Halt", "ref:crs": null, "ref": null, "id": 1371 }, "geometry": { "type": "Point", "coordinates": [ -4.0580132, 52.704433 ] } },
{ "type": "Feature", "properties": { "name": "Amberley", "ref:crs": null, "ref": null, "id": 1372 }, "geometry": { "type": "Point", "coordinates": [ -0.539083, 50.8986123 ] } },
{ "type": "Feature", "properties": { "name": "Cragside", "ref:crs": null, "ref": null, "id": 1373 }, "geometry": { "type": "Point", "coordinates": [ -0.5345047, 50.900274 ] } },
{ "type": "Feature", "properties": { "name": "East Grinstead (Bluebell)", "ref:crs": null, "ref": null, "id": 1374 }, "geometry": { "type": "Point", "coordinates": [ -0.0204336, 51.1246 ] } },
{ "type": "Feature", "properties": { "name": "Oswestry", "ref:crs": null, "ref": null, "id": 1375 }, "geometry": { "type": "Point", "coordinates": [ -3.0498562, 52.8613742 ] } },
{ "type": "Feature", "properties": { "name": "Epping", "ref:crs": null, "ref": null, "id": 1376 }, "geometry": { "type": "Point", "coordinates": [ 0.1139888, 51.6936318 ] } },
{ "type": "Feature", "properties": { "name": "Portsmouth Arms", "ref:crs": "PMA", "ref": null, "id": 1377 }, "geometry": { "type": "Point", "coordinates": [ -3.951232, 50.9570164 ] } },
{ "type": "Feature", "properties": { "name": "Pencoed", "ref:crs": "PCD", "ref": null, "id": 1378 }, "geometry": { "type": "Point", "coordinates": [ -3.501372, 51.5239041 ] } },
{ "type": "Feature", "properties": { "name": "Shawfair", "ref:crs": "SFI", "ref": null, "id": 1379 }, "geometry": { "type": "Point", "coordinates": [ -3.0902235, 55.9176966 ] } },
{ "type": "Feature", "properties": { "name": "Eskbank", "ref:crs": "EKB", "ref": null, "id": 1380 }, "geometry": { "type": "Point", "coordinates": [ -3.0828437, 55.8812887 ] } },
{ "type": "Feature", "properties": { "name": "Shenfield", "ref:crs": "SNF", "ref": null, "id": 1381 }, "geometry": { "type": "Point", "coordinates": [ 0.3300193, 51.630640099999979 ] } },
{ "type": "Feature", "properties": { "name": "Ilford", "ref:crs": "IFD", "ref": null, "id": 1382 }, "geometry": { "type": "Point", "coordinates": [ 0.0689113, 51.5589375 ] } },
{ "type": "Feature", "properties": { "name": "Seven Kings", "ref:crs": "SVK", "ref": null, "id": 1383 }, "geometry": { "type": "Point", "coordinates": [ 0.0968706, 51.56394 ] } },
{ "type": "Feature", "properties": { "name": "Llanberis (SMR)", "ref:crs": null, "ref": null, "id": 1384 }, "geometry": { "type": "Point", "coordinates": [ -4.1196771, 53.11628540000001 ] } },
{ "type": "Feature", "properties": { "name": "Newtongrange", "ref:crs": "NEG", "ref": null, "id": 1385 }, "geometry": { "type": "Point", "coordinates": [ -3.068938, 55.8648238 ] } },
{ "type": "Feature", "properties": { "name": "Stow", "ref:crs": "SOI", "ref": null, "id": 1386 }, "geometry": { "type": "Point", "coordinates": [ -2.8668207, 55.6918571 ] } },
{ "type": "Feature", "properties": { "name": "Cambridge North", "ref:crs": "CMB", "ref": null, "id": 1387 }, "geometry": { "type": "Point", "coordinates": [ 0.1587703, 52.224651200000011 ] } },
{ "type": "Feature", "properties": { "name": "Braintree", "ref:crs": "BTR", "ref": null, "id": 1388 }, "geometry": { "type": "Point", "coordinates": [ 0.5567303, 51.875310499999983 ] } },
{ "type": "Feature", "properties": { "name": "Soham", "ref:crs": "SOJ", "ref": null, "id": 1389 }, "geometry": { "type": "Point", "coordinates": [ 0.3280963, 52.3349535 ] } },
{ "type": "Feature", "properties": { "name": "Coventry Arena", "ref:crs": "CAA", "ref": null, "id": 1390 }, "geometry": { "type": "Point", "coordinates": [ -1.4947986, 52.4469559 ] } },
{ "type": "Feature", "properties": { "name": "Somersham", "ref:crs": null, "ref": null, "id": 1391 }, "geometry": { "type": "Point", "coordinates": [ -0.9114962, 51.5668569 ] } },
{ "type": "Feature", "properties": { "name": "Bourne Again Junction", "ref:crs": null, "ref": null, "id": 1392 }, "geometry": { "type": "Point", "coordinates": [ -0.907229, 51.5679824 ] } },
{ "type": "Feature", "properties": { "name": "Manningtree", "ref:crs": "MNG", "ref": null, "id": 1393 }, "geometry": { "type": "Point", "coordinates": [ 1.0449277, 51.9491435 ] } },
{ "type": "Feature", "properties": { "name": "Basildon", "ref:crs": "BSO", "ref": null, "id": 1394 }, "geometry": { "type": "Point", "coordinates": [ 0.4567961, 51.5681417 ] } },
{ "type": "Feature", "properties": { "name": "West Horndon", "ref:crs": "WHR", "ref": null, "id": 1395 }, "geometry": { "type": "Point", "coordinates": [ 0.3406801, 51.5678537 ] } },
{ "type": "Feature", "properties": { "name": "Marks Tey", "ref:crs": "MKT", "ref": null, "id": 1396 }, "geometry": { "type": "Point", "coordinates": [ 0.782551, 51.8808094 ] } },
{ "type": "Feature", "properties": { "name": "Horley", "ref:crs": "HOR", "ref": null, "id": 1397 }, "geometry": { "type": "Point", "coordinates": [ -0.1609516, 51.1687913 ] } },
{ "type": "Feature", "properties": { "name": "Nappers Halt", "ref:crs": null, "ref": null, "id": 1398 }, "geometry": { "type": "Point", "coordinates": [ -3.7025233, 50.4612092 ] } },
{ "type": "Feature", "properties": { "name": "Conon Bridge", "ref:crs": "CBD", "ref": null, "id": 1399 }, "geometry": { "type": "Point", "coordinates": [ -4.4403838, 57.561628799999987 ] } },
{ "type": "Feature", "properties": { "name": "Nunckley Hill", "ref:crs": null, "ref": null, "id": 1400 }, "geometry": { "type": "Point", "coordinates": [ -1.157396, 52.7223746 ] } },
{ "type": "Feature", "properties": { "name": "Letchworth Garden City", "ref:crs": "LET", "ref": null, "id": 1401 }, "geometry": { "type": "Point", "coordinates": [ -0.2289056, 51.9803536 ] } },
{ "type": "Feature", "properties": { "name": "Plym Bridge", "ref:crs": null, "ref": null, "id": 1402 }, "geometry": { "type": "Point", "coordinates": [ -4.079354, 50.4087718 ] } },
{ "type": "Feature", "properties": { "name": "Maryport", "ref:crs": "MRY", "ref": null, "id": 1403 }, "geometry": { "type": "Point", "coordinates": [ -3.4940868, 54.7112989 ] } },
{ "type": "Feature", "properties": { "name": "Ambergate", "ref:crs": "AMB", "ref": null, "id": 1404 }, "geometry": { "type": "Point", "coordinates": [ -1.4808654, 53.0604187 ] } },
{ "type": "Feature", "properties": { "name": "Spondon", "ref:crs": "SPO", "ref": null, "id": 1405 }, "geometry": { "type": "Point", "coordinates": [ -1.4108169, 52.9120948 ] } },
{ "type": "Feature", "properties": { "name": "East Midlands Parkway", "ref:crs": "EMD", "ref": null, "id": 1406 }, "geometry": { "type": "Point", "coordinates": [ -1.262883, 52.862275 ] } },
{ "type": "Feature", "properties": { "name": "South Wigston", "ref:crs": "SWS", "ref": null, "id": 1407 }, "geometry": { "type": "Point", "coordinates": [ -1.13403, 52.5823924 ] } },
{ "type": "Feature", "properties": { "name": "Welwyn Garden City", "ref:crs": "WGC", "ref": null, "id": 1408 }, "geometry": { "type": "Point", "coordinates": [ -0.2038429, 51.800850699999984 ] } },
{ "type": "Feature", "properties": { "name": "South Harrow", "ref:crs": null, "ref": null, "id": 1409 }, "geometry": { "type": "Point", "coordinates": [ -0.3522211, 51.5646517 ] } },
{ "type": "Feature", "properties": { "name": "Sudbury Town", "ref:crs": null, "ref": null, "id": 1410 }, "geometry": { "type": "Point", "coordinates": [ -0.3156202, 51.550751 ] } },
{ "type": "Feature", "properties": { "name": "Ramsgreave and Wilpshire", "ref:crs": "RGW", "ref": null, "id": 1411 }, "geometry": { "type": "Point", "coordinates": [ -2.4780606, 53.7799943 ] } },
{ "type": "Feature", "properties": { "name": "Energlyn & Churchill Park", "ref:crs": "ECP", "ref": null, "id": 1412 }, "geometry": { "type": "Point", "coordinates": [ -3.2290773, 51.584548 ] } },
{ "type": "Feature", "properties": { "name": "Acton Central", "ref:crs": "ACC", "ref": null, "id": 1413 }, "geometry": { "type": "Point", "coordinates": [ -0.2628073, 51.5087164 ] } },
{ "type": "Feature", "properties": { "name": "Leeming Bar", "ref:crs": null, "ref": null, "id": 1414 }, "geometry": { "type": "Point", "coordinates": [ -1.5612476, 54.3051216 ] } },
{ "type": "Feature", "properties": { "name": "Sudbury Hill", "ref:crs": null, "ref": null, "id": 1415 }, "geometry": { "type": "Point", "coordinates": [ -0.3362525, 51.5568815 ] } },
{ "type": "Feature", "properties": { "name": "Hamworthy", "ref:crs": "HAM", "ref": null, "id": 1416 }, "geometry": { "type": "Point", "coordinates": [ -2.0190513, 50.725368599999989 ] } },
{ "type": "Feature", "properties": { "name": "Edgware Road (Circle, District and Hammersmith & City lines)", "ref:crs": null, "ref": null, "id": 1417 }, "geometry": { "type": "Point", "coordinates": [ -0.1667636, 51.5201935 ] } },
{ "type": "Feature", "properties": { "name": "Sittingbourne Viaduct", "ref:crs": null, "ref": null, "id": 1418 }, "geometry": { "type": "Point", "coordinates": [ 0.7336864, 51.3452352 ] } },
{ "type": "Feature", "properties": { "name": "Taw Valley Halt", "ref:crs": null, "ref": null, "id": 1419 }, "geometry": { "type": "Point", "coordinates": [ -1.8291313, 51.5925125 ] } },
{ "type": "Feature", "properties": { "name": "Battersea Park", "ref:crs": "BAK", "ref": null, "id": 1420 }, "geometry": { "type": "Point", "coordinates": [ -0.1475846, 51.47761 ] } },
{ "type": "Feature", "properties": { "name": "Parkend", "ref:crs": null, "ref": null, "id": 1421 }, "geometry": { "type": "Point", "coordinates": [ -2.5560948, 51.7680018 ] } },
{ "type": "Feature", "properties": { "name": null, "ref:crs": null, "ref": null, "id": 1422 }, "geometry": { "type": "Point", "coordinates": [ 1.1041577, 52.1184196 ] } },
{ "type": "Feature", "properties": { "name": "Penygarreg Lane Halt", "ref:crs": null, "ref": null, "id": 1423 }, "geometry": { "type": "Point", "coordinates": [ -3.069585, 52.7987314 ] } },
{ "type": "Feature", "properties": { "name": "Ipswich", "ref:crs": "IPS", "ref": null, "id": 1424 }, "geometry": { "type": "Point", "coordinates": [ 1.1447878, 52.0504188 ] } },
{ "type": "Feature", "properties": { "name": "Ongar", "ref:crs": null, "ref": null, "id": 1425 }, "geometry": { "type": "Point", "coordinates": [ 0.2436146, 51.708733 ] } },
{ "type": "Feature", "properties": { "name": "North Weald", "ref:crs": null, "ref": null, "id": 1426 }, "geometry": { "type": "Point", "coordinates": [ 0.1641554, 51.7114262 ] } },
{ "type": "Feature", "properties": { "name": "Wrabness", "ref:crs": "WRB", "ref": null, "id": 1427 }, "geometry": { "type": "Point", "coordinates": [ 1.1716892, 51.9395281 ] } },
{ "type": "Feature", "properties": { "name": "Harwich International", "ref:crs": "HPQ", "ref": null, "id": 1428 }, "geometry": { "type": "Point", "coordinates": [ 1.2560388, 51.9472249 ] } },
{ "type": "Feature", "properties": { "name": "Llynclys South", "ref:crs": null, "ref": null, "id": 1429 }, "geometry": { "type": "Point", "coordinates": [ -3.063948, 52.807809 ] } },
{ "type": "Feature", "properties": { "name": "Kidbrooke", "ref:crs": "KDB", "ref": null, "id": 1430 }, "geometry": { "type": "Point", "coordinates": [ 0.0279002, 51.4620317 ] } },
{ "type": "Feature", "properties": { "name": "Ravenstor", "ref:crs": null, "ref": null, "id": 1431 }, "geometry": { "type": "Point", "coordinates": [ -1.57288, 53.0901924 ] } },
{ "type": "Feature", "properties": { "name": "Bolton", "ref:crs": "BON", "ref": null, "id": 1432 }, "geometry": { "type": "Point", "coordinates": [ -2.4251259, 53.5735158 ] } },
{ "type": "Feature", "properties": { "name": "Llandanwg", "ref:crs": "LDN", "ref": null, "id": 1433 }, "geometry": { "type": "Point", "coordinates": [ -4.123585, 52.8362492 ] } },
{ "type": "Feature", "properties": { "name": "Norden", "ref:crs": null, "ref": null, "id": 1434 }, "geometry": { "type": "Point", "coordinates": [ -2.0625676, 50.6448236 ] } },
{ "type": "Feature", "properties": { "name": "Whitechapel", "ref:crs": "ZLW", "ref": null, "id": 1435 }, "geometry": { "type": "Point", "coordinates": [ -0.0597889, 51.5199127 ] } },
{ "type": "Feature", "properties": { "name": "Haggerston", "ref:crs": "HGG", "ref": null, "id": 1436 }, "geometry": { "type": "Point", "coordinates": [ -0.0755835, 51.5386574 ] } },
{ "type": "Feature", "properties": { "name": "Rotherhithe", "ref:crs": "ROE", "ref": null, "id": 1437 }, "geometry": { "type": "Point", "coordinates": [ -0.0519666, 51.5008237 ] } },
{ "type": "Feature", "properties": { "name": "Surrey Quays", "ref:crs": "SQE", "ref": null, "id": 1438 }, "geometry": { "type": "Point", "coordinates": [ -0.0478319, 51.4934207 ] } },
{ "type": "Feature", "properties": { "name": "Wapping", "ref:crs": "WPE", "ref": null, "id": 1439 }, "geometry": { "type": "Point", "coordinates": [ -0.0560206, 51.504434399999987 ] } },
{ "type": "Feature", "properties": { "name": "Denmark Hill", "ref:crs": "DMK", "ref": null, "id": 1440 }, "geometry": { "type": "Point", "coordinates": [ -0.0896031, 51.468043 ] } },
{ "type": "Feature", "properties": { "name": "Wandsworth Road", "ref:crs": "WWR", "ref": null, "id": 1441 }, "geometry": { "type": "Point", "coordinates": [ -0.1384355, 51.469960200000017 ] } },
{ "type": "Feature", "properties": { "name": "Clapham High Street", "ref:crs": "CLP", "ref": null, "id": 1442 }, "geometry": { "type": "Point", "coordinates": [ -0.1323141, 51.4654853 ] } },
{ "type": "Feature", "properties": { "name": "Southport Princes Park", "ref:crs": null, "ref": null, "id": 1443 }, "geometry": { "type": "Point", "coordinates": [ -3.014695, 53.6485824 ] } },
{ "type": "Feature", "properties": { "name": "Southport Marine Parade", "ref:crs": null, "ref": null, "id": 1444 }, "geometry": { "type": "Point", "coordinates": [ -3.0121469, 53.6523279 ] } },
{ "type": "Feature", "properties": { "name": "Hoxton", "ref:crs": "HOX", "ref": null, "id": 1445 }, "geometry": { "type": "Point", "coordinates": [ -0.0756539, 51.5315917 ] } },
{ "type": "Feature", "properties": { "name": "Queens Road Peckham", "ref:crs": "QRP", "ref": null, "id": 1446 }, "geometry": { "type": "Point", "coordinates": [ -0.0570532, 51.4741117 ] } },
{ "type": "Feature", "properties": { "name": "Bentley", "ref:crs": "BTY", "ref": null, "id": 1447 }, "geometry": { "type": "Point", "coordinates": [ -0.8681985, 51.181225399999988 ] } },
{ "type": "Feature", "properties": { "name": "Edmonton Green", "ref:crs": "EDR", "ref": null, "id": 1448 }, "geometry": { "type": "Point", "coordinates": [ -0.0614266, 51.624503 ] } },
{ "type": "Feature", "properties": { "name": "Mungo's Central Station", "ref:crs": null, "ref": null, "id": 1449 }, "geometry": { "type": "Point", "coordinates": [ 0.1635615, 50.8231964 ] } },
{ "type": "Feature", "properties": { "name": "Beaconsfield", "ref:crs": "BCF", "ref": null, "id": 1450 }, "geometry": { "type": "Point", "coordinates": [ -0.6436039, 51.6113607 ] } },
{ "type": "Feature", "properties": { "name": "Robertsbridge Junction", "ref:crs": null, "ref": null, "id": 1451 }, "geometry": { "type": "Point", "coordinates": [ 0.4695395, 50.9856094 ] } },
{ "type": "Feature", "properties": { "name": "Ryde Esplanade", "ref:crs": "RYD", "ref": null, "id": 1452 }, "geometry": { "type": "Point", "coordinates": [ -1.1596024, 50.733049799999975 ] } },
{ "type": "Feature", "properties": { "name": "Ryde Pier Head", "ref:crs": "RYP", "ref": null, "id": 1453 }, "geometry": { "type": "Point", "coordinates": [ -1.1604721, 50.7390318 ] } },
{ "type": "Feature", "properties": { "name": "Wootton", "ref:crs": null, "ref": null, "id": 1454 }, "geometry": { "type": "Point", "coordinates": [ -1.2405289, 50.718146 ] } },
{ "type": "Feature", "properties": { "name": "Bempton", "ref:crs": "BEM", "ref": null, "id": 1455 }, "geometry": { "type": "Point", "coordinates": [ -0.180715, 54.1277914 ] } },
{ "type": "Feature", "properties": { "name": "Y Copa", "ref:crs": null, "ref": null, "id": 1456 }, "geometry": { "type": "Point", "coordinates": [ -4.0768387, 53.0684399 ] } },
{ "type": "Feature", "properties": { "name": "Salfords", "ref:crs": "SAF", "ref": null, "id": 1457 }, "geometry": { "type": "Point", "coordinates": [ -0.1622843, 51.2017863 ] } },
{ "type": "Feature", "properties": { "name": "Earlswood", "ref:crs": "ELD", "ref": null, "id": 1458 }, "geometry": { "type": "Point", "coordinates": [ -0.1709022, 51.2274606 ] } },
{ "type": "Feature", "properties": { "name": "Waterbeach", "ref:crs": "WBC", "ref": null, "id": 1459 }, "geometry": { "type": "Point", "coordinates": [ 0.1967655, 52.2622818 ] } },
{ "type": "Feature", "properties": { "name": "Wallingford", "ref:crs": null, "ref": null, "id": 1460 }, "geometry": { "type": "Point", "coordinates": [ -1.1354611, 51.5974066 ] } },
{ "type": "Feature", "properties": { "name": "Polesworth", "ref:crs": "PSW", "ref": null, "id": 1461 }, "geometry": { "type": "Point", "coordinates": [ -1.6107049, 52.6258348 ] } },
{ "type": "Feature", "properties": { "name": "Walker Gardens", "ref:crs": null, "ref": null, "id": 1462 }, "geometry": { "type": "Point", "coordinates": [ -2.6032062, 53.57120170000001 ] } },
{ "type": "Feature", "properties": { "name": "Peterborough", "ref:crs": "PBO", "ref": null, "id": 1463 }, "geometry": { "type": "Point", "coordinates": [ -0.2503162, 52.5746038 ] } },
{ "type": "Feature", "properties": { "name": "Manuel", "ref:crs": null, "ref": null, "id": 1464 }, "geometry": { "type": "Point", "coordinates": [ -3.6575248, 55.9776784 ] } },
{ "type": "Feature", "properties": { "name": "Bridgnorth", "ref:crs": null, "ref": null, "id": 1465 }, "geometry": { "type": "Point", "coordinates": [ -2.4207754, 52.5305171 ] } },
{ "type": "Feature", "properties": { "name": "Kidderminster Town", "ref:crs": null, "ref": null, "id": 1466 }, "geometry": { "type": "Point", "coordinates": [ -2.2399754, 52.3835966 ] } },
{ "type": "Feature", "properties": { "name": "Alton", "ref:crs": "AON", "ref": null, "id": 1467 }, "geometry": { "type": "Point", "coordinates": [ -0.9671299, 51.1518972 ] } },
{ "type": "Feature", "properties": { "name": "Eastoke Corner", "ref:crs": null, "ref": null, "id": 1468 }, "geometry": { "type": "Point", "coordinates": [ -0.9669511, 50.7815104 ] } },
{ "type": "Feature", "properties": { "name": "Mengham Road", "ref:crs": null, "ref": null, "id": 1469 }, "geometry": { "type": "Point", "coordinates": [ -0.9786105, 50.7839205 ] } },
{ "type": "Feature", "properties": { "name": "Beachlands", "ref:crs": null, "ref": null, "id": 1470 }, "geometry": { "type": "Point", "coordinates": [ -0.9866592, 50.7841811 ] } },
{ "type": "Feature", "properties": { "name": "Ebbw Vale Town", "ref:crs": "EBB", "ref": null, "id": 1471 }, "geometry": { "type": "Point", "coordinates": [ -3.2024664, 51.7766167 ] } },
{ "type": "Feature", "properties": { "name": "Woodham Halt", "ref:crs": null, "ref": null, "id": 1472 }, "geometry": { "type": "Point", "coordinates": [ -3.2803333, 51.4003495 ] } },
{ "type": "Feature", "properties": { "name": "Gladstone Bridge", "ref:crs": null, "ref": null, "id": 1473 }, "geometry": { "type": "Point", "coordinates": [ -3.2735209, 51.4023166 ] } },
{ "type": "Feature", "properties": { "name": "Barry Docks", "ref:crs": "BYD", "ref": null, "id": 1474 }, "geometry": { "type": "Point", "coordinates": [ -3.261156, 51.4026036 ] } },
{ "type": "Feature", "properties": { "name": "Cat Nab", "ref:crs": null, "ref": null, "id": 1475 }, "geometry": { "type": "Point", "coordinates": [ -0.9667675, 54.5841702 ] } },
{ "type": "Feature", "properties": { "name": "Mossley", "ref:crs": "MSL", "ref": null, "id": 1476 }, "geometry": { "type": "Point", "coordinates": [ -2.041538, 53.5150389 ] } },
{ "type": "Feature", "properties": { "name": "Billericay", "ref:crs": "BIC", "ref": null, "id": 1477 }, "geometry": { "type": "Point", "coordinates": [ 0.4181268, 51.6288429 ] } },
{ "type": "Feature", "properties": { "name": "Wickford", "ref:crs": "WIC", "ref": null, "id": 1478 }, "geometry": { "type": "Point", "coordinates": [ 0.519396, 51.6148039 ] } },
{ "type": "Feature", "properties": { "name": "Reedham", "ref:crs": "REE", "ref": null, "id": 1479 }, "geometry": { "type": "Point", "coordinates": [ 1.559524, 52.564446 ] } },
{ "type": "Feature", "properties": { "name": "Kelvedon", "ref:crs": "KEL", "ref": null, "id": 1480 }, "geometry": { "type": "Point", "coordinates": [ 0.7026932, 51.8409896 ] } },
{ "type": "Feature", "properties": { "name": "Atherstone", "ref:crs": "ATH", "ref": null, "id": 1481 }, "geometry": { "type": "Point", "coordinates": [ -1.5522587, 52.5784071 ] } },
{ "type": "Feature", "properties": { "name": null, "ref:crs": null, "ref": null, "id": 1482 }, "geometry": { "type": "Point", "coordinates": [ -2.9951856, 55.8566642 ] } },
{ "type": "Feature", "properties": { "name": "Curriehill", "ref:crs": "CUH", "ref": null, "id": 1483 }, "geometry": { "type": "Point", "coordinates": [ -3.3184177, 55.9006276 ] } },
{ "type": "Feature", "properties": { "name": "West Calder", "ref:crs": "WCL", "ref": null, "id": 1484 }, "geometry": { "type": "Point", "coordinates": [ -3.566816, 55.8537711 ] } },
{ "type": "Feature", "properties": { "name": "Cleland", "ref:crs": "CEA", "ref": null, "id": 1485 }, "geometry": { "type": "Point", "coordinates": [ -3.9107267, 55.8044297 ] } },
{ "type": "Feature", "properties": { "name": "Bellshill", "ref:crs": "BLH", "ref": null, "id": 1486 }, "geometry": { "type": "Point", "coordinates": [ -4.0243322, 55.8170602 ] } },
{ "type": "Feature", "properties": { "name": "Brixton", "ref:crs": "BRX", "ref": null, "id": 1487 }, "geometry": { "type": "Point", "coordinates": [ -0.1133473, 51.4628953 ] } },
{ "type": "Feature", "properties": { "name": "Merryton", "ref:crs": "MEY", "ref": null, "id": 1488 }, "geometry": { "type": "Point", "coordinates": [ -3.9774372, 55.7489261 ] } },
{ "type": "Feature", "properties": { "name": "Muncaster Mill", "ref:crs": null, "ref": null, "id": 1489 }, "geometry": { "type": "Point", "coordinates": [ -3.3940413, 54.3667401 ] } },
{ "type": "Feature", "properties": { "name": "Carmyle", "ref:crs": "CML", "ref": null, "id": 1490 }, "geometry": { "type": "Point", "coordinates": [ -4.1580726, 55.8342637 ] } },
{ "type": "Feature", "properties": { "name": "Milliken Park", "ref:crs": "MIN", "ref": null, "id": 1491 }, "geometry": { "type": "Point", "coordinates": [ -4.5342076, 55.8248309 ] } },
{ "type": "Feature", "properties": { "name": "Kilwinning", "ref:crs": "KWN", "ref": null, "id": 1492 }, "geometry": { "type": "Point", "coordinates": [ -4.7095388, 55.6561839 ] } },
{ "type": "Feature", "properties": { "name": "Weymouth", "ref:crs": "WEY", "ref": null, "id": 1493 }, "geometry": { "type": "Point", "coordinates": [ -2.4549096, 50.6159266 ] } },
{ "type": "Feature", "properties": { "name": "Neath", "ref:crs": "NTH", "ref": null, "id": 1494 }, "geometry": { "type": "Point", "coordinates": [ -3.8070189, 51.6621839 ] } },
{ "type": "Feature", "properties": { "name": "Skewen", "ref:crs": "SKE", "ref": null, "id": 1495 }, "geometry": { "type": "Point", "coordinates": [ -3.8467749, 51.661469099999984 ] } },
{ "type": "Feature", "properties": { "name": "Bishopbriggs", "ref:crs": "BBG", "ref": null, "id": 1496 }, "geometry": { "type": "Point", "coordinates": [ -4.2244495, 55.9039659 ] } },
{ "type": "Feature", "properties": { "name": "Shippea Hill", "ref:crs": "SPP", "ref": null, "id": 1497 }, "geometry": { "type": "Point", "coordinates": [ 0.4127561, 52.4302535 ] } },
{ "type": "Feature", "properties": { "name": "Easterhouse", "ref:crs": "EST", "ref": null, "id": 1498 }, "geometry": { "type": "Point", "coordinates": [ -4.1068764, 55.8598389 ] } },
{ "type": "Feature", "properties": { "name": null, "ref:crs": null, "ref": null, "id": 1499 }, "geometry": { "type": "Point", "coordinates": [ -1.1304869, 52.6554684 ] } },
{ "type": "Feature", "properties": { "name": null, "ref:crs": null, "ref": null, "id": 1500 }, "geometry": { "type": "Point", "coordinates": [ -1.1380655, 52.6444735 ] } },
{ "type": "Feature", "properties": { "name": "Woodlesford", "ref:crs": "WDS", "ref": null, "id": 1501 }, "geometry": { "type": "Point", "coordinates": [ -1.4435652, 53.757064 ] } },
{ "type": "Feature", "properties": { "name": "Bramley", "ref:crs": "BLE", "ref": null, "id": 1502 }, "geometry": { "type": "Point", "coordinates": [ -1.6372217, 53.8053522 ] } },
{ "type": "Feature", "properties": { "name": "Barbican", "ref:crs": null, "ref": "ZBB", "id": 1503 }, "geometry": { "type": "Point", "coordinates": [ -0.0986832, 51.520150099999988 ] } },
{ "type": "Feature", "properties": { "name": "Barkingside", "ref:crs": null, "ref": null, "id": 1504 }, "geometry": { "type": "Point", "coordinates": [ 0.0886245, 51.5858181 ] } },
{ "type": "Feature", "properties": { "name": "Bond Street", "ref:crs": null, "ref": null, "id": 1505 }, "geometry": { "type": "Point", "coordinates": [ -0.1494231, 51.5139808 ] } },
{ "type": "Feature", "properties": { "name": "Buckhurst Hill", "ref:crs": null, "ref": null, "id": 1506 }, "geometry": { "type": "Point", "coordinates": [ 0.0468161, 51.625943899999967 ] } },
{ "type": "Feature", "properties": { "name": "Chancery Lane", "ref:crs": null, "ref": null, "id": 1507 }, "geometry": { "type": "Point", "coordinates": [ -0.1117642, 51.5181738 ] } },
{ "type": "Feature", "properties": { "name": "Chigwell", "ref:crs": null, "ref": null, "id": 1508 }, "geometry": { "type": "Point", "coordinates": [ 0.0757204, 51.6176444 ] } },
{ "type": "Feature", "properties": { "name": "Debden", "ref:crs": null, "ref": null, "id": 1509 }, "geometry": { "type": "Point", "coordinates": [ 0.083583, 51.645281399999988 ] } },
{ "type": "Feature", "properties": { "name": "Fairlop", "ref:crs": null, "ref": null, "id": 1510 }, "geometry": { "type": "Point", "coordinates": [ 0.0911302, 51.5959477 ] } },
{ "type": "Feature", "properties": { "name": "Gants Hill", "ref:crs": null, "ref": null, "id": 1511 }, "geometry": { "type": "Point", "coordinates": [ 0.0648799, 51.576525 ] } },
{ "type": "Feature", "properties": { "name": "Grange Hill", "ref:crs": null, "ref": null, "id": 1512 }, "geometry": { "type": "Point", "coordinates": [ 0.0925025, 51.613134 ] } },
{ "type": "Feature", "properties": { "name": "Hainault", "ref:crs": null, "ref": null, "id": 1513 }, "geometry": { "type": "Point", "coordinates": [ 0.0933827, 51.6033138 ] } },
{ "type": "Feature", "properties": { "name": "Mile End", "ref:crs": null, "ref": null, "id": 1514 }, "geometry": { "type": "Point", "coordinates": [ -0.033435, 51.5253378 ] } },
{ "type": "Feature", "properties": { "name": "Monument", "ref:crs": null, "ref": null, "id": 1515 }, "geometry": { "type": "Point", "coordinates": [ -0.0861271, 51.5106328 ] } },
{ "type": "Feature", "properties": { "name": "Roding Valley", "ref:crs": null, "ref": null, "id": 1516 }, "geometry": { "type": "Point", "coordinates": [ 0.0437553, 51.6170812 ] } },
{ "type": "Feature", "properties": { "name": "Moor Road", "ref:crs": null, "ref": null, "id": 1517 }, "geometry": { "type": "Point", "coordinates": [ -1.5389272, 53.7738227 ] } },
{ "type": "Feature", "properties": { "name": "Ulceby", "ref:crs": "ULC", "ref": null, "id": 1518 }, "geometry": { "type": "Point", "coordinates": [ -0.3008051, 53.6193448 ] } },
{ "type": "Feature", "properties": { "name": "Barton-on-Humber", "ref:crs": "BAU", "ref": null, "id": 1519 }, "geometry": { "type": "Point", "coordinates": [ -0.4430513, 53.6889938 ] } },
{ "type": "Feature", "properties": { "name": "Watford Junction", "ref:crs": "WFJ", "ref": null, "id": 1520 }, "geometry": { "type": "Point", "coordinates": [ -0.3961114, 51.6639446 ] } },
{ "type": "Feature", "properties": { "name": "Gainsborough Central", "ref:crs": "GNB", "ref": null, "id": 1521 }, "geometry": { "type": "Point", "coordinates": [ -0.7695068, 53.3989869 ] } },
{ "type": "Feature", "properties": { "name": "Barrow Haven", "ref:crs": "BAV", "ref": null, "id": 1522 }, "geometry": { "type": "Point", "coordinates": [ -0.392889, 53.6974548 ] } },
{ "type": "Feature", "properties": { "name": "Goxhill", "ref:crs": "GOX", "ref": null, "id": 1523 }, "geometry": { "type": "Point", "coordinates": [ -0.3374071, 53.6766712 ] } },
{ "type": "Feature", "properties": { "name": "Great Coates", "ref:crs": "GCT", "ref": null, "id": 1524 }, "geometry": { "type": "Point", "coordinates": [ -0.1298327, 53.575722399999989 ] } },
{ "type": "Feature", "properties": { "name": "Grimsby Docks", "ref:crs": "GMD", "ref": null, "id": 1525 }, "geometry": { "type": "Point", "coordinates": [ -0.0758325, 53.5741416 ] } },
{ "type": "Feature", "properties": { "name": "Habrough", "ref:crs": "HAB", "ref": null, "id": 1526 }, "geometry": { "type": "Point", "coordinates": [ -0.2693542, 53.6061 ] } },
{ "type": "Feature", "properties": { "name": "Healing", "ref:crs": "HLI", "ref": null, "id": 1527 }, "geometry": { "type": "Point", "coordinates": [ -0.1606176, 53.5818378 ] } },
{ "type": "Feature", "properties": { "name": "New Clee", "ref:crs": "NCE", "ref": null, "id": 1528 }, "geometry": { "type": "Point", "coordinates": [ -0.0604648, 53.5743075 ] } },
{ "type": "Feature", "properties": { "name": "New Holland", "ref:crs": "NHL", "ref": null, "id": 1529 }, "geometry": { "type": "Point", "coordinates": [ -0.3601529, 53.701985 ] } },
{ "type": "Feature", "properties": { "name": "Stallingborough", "ref:crs": "SLL", "ref": null, "id": 1530 }, "geometry": { "type": "Point", "coordinates": [ -0.1834359, 53.5871667 ] } },
{ "type": "Feature", "properties": { "name": "Thornton Abbey", "ref:crs": "TNA", "ref": null, "id": 1531 }, "geometry": { "type": "Point", "coordinates": [ -0.3230242, 53.6543161 ] } },
{ "type": "Feature", "properties": { "name": "Collingham", "ref:crs": "CLM", "ref": null, "id": 1532 }, "geometry": { "type": "Point", "coordinates": [ -0.750266, 53.1439832 ] } },
{ "type": "Feature", "properties": { "name": "Hykeham", "ref:crs": "HKM", "ref": null, "id": 1533 }, "geometry": { "type": "Point", "coordinates": [ -0.6000753, 53.1950652 ] } },
{ "type": "Feature", "properties": { "name": "Swinderby", "ref:crs": "SWD", "ref": null, "id": 1534 }, "geometry": { "type": "Point", "coordinates": [ -0.7026611, 53.1693479 ] } },
{ "type": "Feature", "properties": { "name": "Gainsborough Lea Road", "ref:crs": "GBL", "ref": null, "id": 1535 }, "geometry": { "type": "Point", "coordinates": [ -0.7693785, 53.3860875 ] } },
{ "type": "Feature", "properties": { "name": "Worksop", "ref:crs": "WRK", "ref": null, "id": 1536 }, "geometry": { "type": "Point", "coordinates": [ -1.1228579, 53.3115968 ] } },
{ "type": "Feature", "properties": { "name": "Shireoaks", "ref:crs": "SRO", "ref": null, "id": 1537 }, "geometry": { "type": "Point", "coordinates": [ -1.1683224, 53.3248638 ] } },
{ "type": "Feature", "properties": { "name": "Kiveton Bridge", "ref:crs": "KIV", "ref": null, "id": 1538 }, "geometry": { "type": "Point", "coordinates": [ -1.2670815, 53.3409362 ] } },
{ "type": "Feature", "properties": { "name": "Woodhouse", "ref:crs": "WDH", "ref": null, "id": 1539 }, "geometry": { "type": "Point", "coordinates": [ -1.3573689, 53.36379620000001 ] } },
{ "type": "Feature", "properties": { "name": "Darnall", "ref:crs": "DAN", "ref": null, "id": 1540 }, "geometry": { "type": "Point", "coordinates": [ -1.4123572, 53.3845451 ] } },
{ "type": "Feature", "properties": { "name": "Battle", "ref:crs": "BAT", "ref": null, "id": 1541 }, "geometry": { "type": "Point", "coordinates": [ 0.4949233, 50.9128867 ] } },
{ "type": "Feature", "properties": { "name": "Crowhurst", "ref:crs": "CWU", "ref": null, "id": 1542 }, "geometry": { "type": "Point", "coordinates": [ 0.5014804, 50.8886625 ] } },
{ "type": "Feature", "properties": { "name": "West St Leonards", "ref:crs": "WLD", "ref": null, "id": 1543 }, "geometry": { "type": "Point", "coordinates": [ 0.5399644, 50.8532059 ] } },
{ "type": "Feature", "properties": { "name": "Etchingham", "ref:crs": "ETC", "ref": null, "id": 1544 }, "geometry": { "type": "Point", "coordinates": [ 0.4423838, 51.0106562 ] } },
{ "type": "Feature", "properties": { "name": "Robertsbridge", "ref:crs": "RBR", "ref": null, "id": 1545 }, "geometry": { "type": "Point", "coordinates": [ 0.4686815, 50.9855542 ] } },
{ "type": "Feature", "properties": { "name": "Tunbridge Wells", "ref:crs": "TBW", "ref": null, "id": 1546 }, "geometry": { "type": "Point", "coordinates": [ 0.2630275, 51.1300963 ] } },
{ "type": "Feature", "properties": { "name": "Chipstead", "ref:crs": "CHP", "ref": null, "id": 1547 }, "geometry": { "type": "Point", "coordinates": [ -0.1693688, 51.3093522 ] } },
{ "type": "Feature", "properties": { "name": "Bloxwich", "ref:crs": "BLX", "ref": null, "id": 1548 }, "geometry": { "type": "Point", "coordinates": [ -2.0116594, 52.6184313 ] } },
{ "type": "Feature", "properties": { "name": "Aslockton", "ref:crs": "ALK", "ref": null, "id": 1549 }, "geometry": { "type": "Point", "coordinates": [ -0.8984194, 52.9515525 ] } },
{ "type": "Feature", "properties": { "name": "Bingham", "ref:crs": "BIN", "ref": null, "id": 1550 }, "geometry": { "type": "Point", "coordinates": [ -0.9512851, 52.9542194 ] } },
{ "type": "Feature", "properties": { "name": "Creswell", "ref:crs": "CWD", "ref": null, "id": 1551 }, "geometry": { "type": "Point", "coordinates": [ -1.2164106, 53.263919 ] } },
{ "type": "Feature", "properties": { "name": "Kirkby-in-Ashfield", "ref:crs": "KKB", "ref": null, "id": 1552 }, "geometry": { "type": "Point", "coordinates": [ -1.2532679, 53.1000196 ] } },
{ "type": "Feature", "properties": { "name": "Langwith-Whaley Thorns", "ref:crs": "LAG", "ref": null, "id": 1553 }, "geometry": { "type": "Point", "coordinates": [ -1.2092803, 53.2327375 ] } },
{ "type": "Feature", "properties": { "name": "Shirebrook", "ref:crs": "SHB", "ref": null, "id": 1554 }, "geometry": { "type": "Point", "coordinates": [ -1.2025927, 53.204121299999983 ] } },
{ "type": "Feature", "properties": { "name": "Sutton Parkway", "ref:crs": "SPK", "ref": null, "id": 1555 }, "geometry": { "type": "Point", "coordinates": [ -1.2455485, 53.1141408 ] } },
{ "type": "Feature", "properties": { "name": "Dalmeny", "ref:crs": "DAM", "ref": null, "id": 1556 }, "geometry": { "type": "Point", "coordinates": [ -3.3815031, 55.9862498 ] } },
{ "type": "Feature", "properties": { "name": "Markinch", "ref:crs": "MNC", "ref": null, "id": 1557 }, "geometry": { "type": "Point", "coordinates": [ -3.1308024, 56.2004129 ] } },
{ "type": "Feature", "properties": { "name": "North Queensferry", "ref:crs": "NQU", "ref": null, "id": 1558 }, "geometry": { "type": "Point", "coordinates": [ -3.3946556, 56.0124476 ] } },
{ "type": "Feature", "properties": { "name": "Bradford-on-Avon", "ref:crs": "BOA", "ref": null, "id": 1559 }, "geometry": { "type": "Point", "coordinates": [ -2.2527549, 51.344789 ] } },
{ "type": "Feature", "properties": { "name": "Falkirk High", "ref:crs": "FKK", "ref": null, "id": 1560 }, "geometry": { "type": "Point", "coordinates": [ -3.7925193, 55.9917417 ] } },
{ "type": "Feature", "properties": { "name": "Balmossie", "ref:crs": "BSI", "ref": null, "id": 1561 }, "geometry": { "type": "Point", "coordinates": [ -2.8383825, 56.474707 ] } },
{ "type": "Feature", "properties": { "name": "Barry Links", "ref:crs": "BYL", "ref": null, "id": 1562 }, "geometry": { "type": "Point", "coordinates": [ -2.7459964, 56.4931546 ] } },
{ "type": "Feature", "properties": { "name": "Broughty Ferry", "ref:crs": "BYF", "ref": null, "id": 1563 }, "geometry": { "type": "Point", "coordinates": [ -2.8739864, 56.4676434 ] } },
{ "type": "Feature", "properties": { "name": "Monifieth", "ref:crs": "MON", "ref": null, "id": 1564 }, "geometry": { "type": "Point", "coordinates": [ -2.8184021, 56.479745 ] } },
{ "type": "Feature", "properties": { "name": "Laurencekirk", "ref:crs": "LAU", "ref": null, "id": 1565 }, "geometry": { "type": "Point", "coordinates": [ -2.4653121, 56.8368537 ] } },
{ "type": "Feature", "properties": { "name": "Portlethen", "ref:crs": "PLN", "ref": null, "id": 1566 }, "geometry": { "type": "Point", "coordinates": [ -2.1277464, 57.0617528 ] } },
{ "type": "Feature", "properties": { "name": "Conisbrough", "ref:crs": "CNS", "ref": null, "id": 1567 }, "geometry": { "type": "Point", "coordinates": [ -1.23461, 53.4895257 ] } },
{ "type": "Feature", "properties": { "name": "Mexborough", "ref:crs": "MEX", "ref": null, "id": 1568 }, "geometry": { "type": "Point", "coordinates": [ -1.2885249, 53.4908309 ] } },
{ "type": "Feature", "properties": { "name": "Swinton (South Yorkshire)", "ref:crs": "SWN", "ref": null, "id": 1569 }, "geometry": { "type": "Point", "coordinates": [ -1.3056214, 53.4855977 ] } },
{ "type": "Feature", "properties": { "name": "Rotherham Central", "ref:crs": "RMC", "ref": null, "id": 1570 }, "geometry": { "type": "Point", "coordinates": [ -1.3610462, 53.4316986 ] } },
{ "type": "Feature", "properties": { "name": "Northallerton West", "ref:crs": null, "ref": null, "id": 1571 }, "geometry": { "type": "Point", "coordinates": [ -1.4502486, 54.3387164 ] } },
{ "type": "Feature", "properties": { "name": "Finghall Lane", "ref:crs": null, "ref": null, "id": 1572 }, "geometry": { "type": "Point", "coordinates": [ -1.7181864, 54.3058821 ] } },
{ "type": "Feature", "properties": { "name": "Chessington South", "ref:crs": "CSS", "ref": null, "id": 1573 }, "geometry": { "type": "Point", "coordinates": [ -0.308097, 51.35675 ] } },
{ "type": "Feature", "properties": { "name": "Kirkby-in-Furness", "ref:crs": "KBF", "ref": null, "id": 1574 }, "geometry": { "type": "Point", "coordinates": [ -3.1872166, 54.2329033 ] } },
{ "type": "Feature", "properties": { "name": "Quorn & Woodhouse", "ref:crs": null, "ref": null, "id": 1575 }, "geometry": { "type": "Point", "coordinates": [ -1.1877284, 52.7400619 ] } },
{ "type": "Feature", "properties": { "name": "Loughborough", "ref:crs": "LBO", "ref": null, "id": 1576 }, "geometry": { "type": "Point", "coordinates": [ -1.1965133, 52.7795757 ] } },
{ "type": "Feature", "properties": { "name": "Dalmally", "ref:crs": "DAL", "ref": null, "id": 1577 }, "geometry": { "type": "Point", "coordinates": [ -4.9825597, 56.4009781 ] } },
{ "type": "Feature", "properties": { "name": "Farringdon", "ref:crs": "ZFD", "ref": null, "id": 1578 }, "geometry": { "type": "Point", "coordinates": [ -0.104555, 51.519964 ] } },
{ "type": "Feature", "properties": { "name": "Wivenhoe", "ref:crs": "WIV", "ref": null, "id": 1579 }, "geometry": { "type": "Point", "coordinates": [ 0.9562415, 51.8565976 ] } },
{ "type": "Feature", "properties": { "name": "Alresford", "ref:crs": "ALR", "ref": null, "id": 1580 }, "geometry": { "type": "Point", "coordinates": [ 0.9970365, 51.8539985 ] } },
{ "type": "Feature", "properties": { "name": "Great Bentley", "ref:crs": "GRB", "ref": null, "id": 1581 }, "geometry": { "type": "Point", "coordinates": [ 1.0654611, 51.851799099999987 ] } },
{ "type": "Feature", "properties": { "name": "Weeley", "ref:crs": "WEE", "ref": null, "id": 1582 }, "geometry": { "type": "Point", "coordinates": [ 1.1151948, 51.8529678 ] } },
{ "type": "Feature", "properties": { "name": "Paignton Queens Park", "ref:crs": null, "ref": null, "id": 1583 }, "geometry": { "type": "Point", "coordinates": [ -3.5646874, 50.433981 ] } },
{ "type": "Feature", "properties": { "name": "Leicester Square", "ref:crs": null, "ref": null, "id": 1584 }, "geometry": { "type": "Point", "coordinates": [ -0.1282641, 51.5114642 ] } },
{ "type": "Feature", "properties": { "name": "Fulwell", "ref:crs": "FLW", "ref": null, "id": 1585 }, "geometry": { "type": "Point", "coordinates": [ -0.3496851, 51.4337598 ] } },
{ "type": "Feature", "properties": { "name": "Hampton", "ref:crs": "HMP", "ref": null, "id": 1586 }, "geometry": { "type": "Point", "coordinates": [ -0.3721547, 51.415907899999986 ] } },
{ "type": "Feature", "properties": { "name": "Kempton Park", "ref:crs": "KMP", "ref": null, "id": 1587 }, "geometry": { "type": "Point", "coordinates": [ -0.4094874, 51.4210039 ] } },
{ "type": "Feature", "properties": { "name": "Sunbury", "ref:crs": "SUU", "ref": null, "id": 1588 }, "geometry": { "type": "Point", "coordinates": [ -0.4173517, 51.418324 ] } },
{ "type": "Feature", "properties": { "name": "Upper Halliford", "ref:crs": "UPH", "ref": null, "id": 1589 }, "geometry": { "type": "Point", "coordinates": [ -0.4307971, 51.4132081 ] } },
{ "type": "Feature", "properties": { "name": "Shepperton", "ref:crs": "SHP", "ref": null, "id": 1590 }, "geometry": { "type": "Point", "coordinates": [ -0.4469133, 51.3968972 ] } },
{ "type": "Feature", "properties": { "name": "Sevenoaks", "ref:crs": "SEV", "ref": null, "id": 1591 }, "geometry": { "type": "Point", "coordinates": [ 0.1819438, 51.276411700000011 ] } },
{ "type": "Feature", "properties": { "name": "Grange-over-Sands", "ref:crs": "GOS", "ref": null, "id": 1592 }, "geometry": { "type": "Point", "coordinates": [ -2.9028039, 54.195693 ] } },
{ "type": "Feature", "properties": { "name": "Queenstown Road", "ref:crs": "QRB", "ref": null, "id": 1593 }, "geometry": { "type": "Point", "coordinates": [ -0.1462935, 51.4752161 ] } },
{ "type": "Feature", "properties": { "name": "Vauxhall", "ref:crs": "VXH", "ref": null, "id": 1594 }, "geometry": { "type": "Point", "coordinates": [ -0.1227502, 51.4858478 ] } },
{ "type": "Feature", "properties": { "name": "Canterbury West", "ref:crs": "CBW", "ref": null, "id": 1595 }, "geometry": { "type": "Point", "coordinates": [ 1.0753092, 51.2842245 ] } },
{ "type": "Feature", "properties": { "name": "Dipwood Halt", "ref:crs": null, "ref": null, "id": 1596 }, "geometry": { "type": "Point", "coordinates": [ -1.6645975, 54.8862872 ] } },
{ "type": "Feature", "properties": { "name": "Aylesbury Vale Parkway", "ref:crs": "AVP", "ref": null, "id": 1597 }, "geometry": { "type": "Point", "coordinates": [ -0.859831, 51.8312778 ] } },
{ "type": "Feature", "properties": { "name": "Mountsorrel", "ref:crs": null, "ref": null, "id": 1598 }, "geometry": { "type": "Point", "coordinates": [ -1.1540785, 52.7268895 ] } },
{ "type": "Feature", "properties": { "name": "Newcourt", "ref:crs": "NCO", "ref": null, "id": 1599 }, "geometry": { "type": "Point", "coordinates": [ -3.4725586, 50.7027216 ] } },
{ "type": "Feature", "properties": { "name": "Hinchley Wood", "ref:crs": "HYW", "ref": null, "id": 1600 }, "geometry": { "type": "Point", "coordinates": [ -0.3406341, 51.3750646 ] } },
{ "type": "Feature", "properties": { "name": "Toddington", "ref:crs": null, "ref": null, "id": 1601 }, "geometry": { "type": "Point", "coordinates": [ -1.9297207, 51.9887603 ] } },
{ "type": "Feature", "properties": { "name": "Amersham", "ref:crs": "AMR", "ref": null, "id": 1602 }, "geometry": { "type": "Point", "coordinates": [ -0.6073643, 51.6740875 ] } },
{ "type": "Feature", "properties": { "name": "Farnborough (Main)", "ref:crs": "FNB", "ref": null, "id": 1603 }, "geometry": { "type": "Point", "coordinates": [ -0.7555158, 51.2968188 ] } },
{ "type": "Feature", "properties": { "name": "Betws-y-Coed", "ref:crs": "BYC", "ref": null, "id": 1604 }, "geometry": { "type": "Point", "coordinates": [ -3.800542, 53.092687 ] } },
{ "type": "Feature", "properties": { "name": "Chalfont & Latimer", "ref:crs": "CFO", "ref": null, "id": 1605 }, "geometry": { "type": "Point", "coordinates": [ -0.5611671, 51.668101900000011 ] } },
{ "type": "Feature", "properties": { "name": "Wye", "ref:crs": "WYE", "ref": null, "id": 1606 }, "geometry": { "type": "Point", "coordinates": [ 0.9296702, 51.1855902 ] } },
{ "type": "Feature", "properties": { "name": "Brockham", "ref:crs": null, "ref": null, "id": 1607 }, "geometry": { "type": "Point", "coordinates": [ -0.5356577, 50.900947 ] } },
{ "type": "Feature", "properties": { "name": "Penge West", "ref:crs": "PNW", "ref": null, "id": 1608 }, "geometry": { "type": "Point", "coordinates": [ -0.0607007, 51.4175147 ] } },
{ "type": "Feature", "properties": { "name": "Glengonnar", "ref:crs": null, "ref": null, "id": 1609 }, "geometry": { "type": "Point", "coordinates": [ -3.7694255, 55.4021592 ] } },
{ "type": "Feature", "properties": { "name": "Tweedbank", "ref:crs": "TWB", "ref": null, "id": 1610 }, "geometry": { "type": "Point", "coordinates": [ -2.7589963, 55.6058578 ] } },
{ "type": "Feature", "properties": { "name": "Dorking West", "ref:crs": "DKT", "ref": null, "id": 1611 }, "geometry": { "type": "Point", "coordinates": [ -0.3398503, 51.2363548 ] } },
{ "type": "Feature", "properties": { "name": "Galashiels", "ref:crs": "GAL", "ref": null, "id": 1612 }, "geometry": { "type": "Point", "coordinates": [ -2.8055459, 55.617816 ] } },
{ "type": "Feature", "properties": { "name": "Welling", "ref:crs": "WLI", "ref": null, "id": 1613 }, "geometry": { "type": "Point", "coordinates": [ 0.1016292, 51.4648215 ] } },
{ "type": "Feature", "properties": { "name": "Barnehurst", "ref:crs": "BNH", "ref": null, "id": 1614 }, "geometry": { "type": "Point", "coordinates": [ 0.1596467, 51.4650212 ] } },
{ "type": "Feature", "properties": { "name": "Eltham", "ref:crs": "ELW", "ref": null, "id": 1615 }, "geometry": { "type": "Point", "coordinates": [ 0.0522692, 51.4555936 ] } },
{ "type": "Feature", "properties": { "name": "Erith", "ref:crs": "ERH", "ref": null, "id": 1616 }, "geometry": { "type": "Point", "coordinates": [ 0.1751948, 51.4815782 ] } },
{ "type": "Feature", "properties": { "name": "Wandsworth Town", "ref:crs": "WNT", "ref": null, "id": 1617 }, "geometry": { "type": "Point", "coordinates": [ -0.1882512, 51.4609627 ] } },
{ "type": "Feature", "properties": { "name": "Merstham", "ref:crs": "MHM", "ref": null, "id": 1618 }, "geometry": { "type": "Point", "coordinates": [ -0.150065, 51.2641687 ] } },
{ "type": "Feature", "properties": { "name": "Berrylands", "ref:crs": "BRS", "ref": null, "id": 1619 }, "geometry": { "type": "Point", "coordinates": [ -0.2809105, 51.39900810000001 ] } },
{ "type": "Feature", "properties": { "name": "New Malden", "ref:crs": "NEM", "ref": null, "id": 1620 }, "geometry": { "type": "Point", "coordinates": [ -0.2557593, 51.4039615 ] } },
{ "type": "Feature", "properties": { "name": null, "ref:crs": null, "ref": null, "id": 1621 }, "geometry": { "type": "Point", "coordinates": [ 0.5454292, 51.270386 ] } },
{ "type": "Feature", "properties": { "name": "City Thameslink", "ref:crs": "CTK", "ref": null, "id": 1622 }, "geometry": { "type": "Point", "coordinates": [ -0.1035311, 51.5153401 ] } },
{ "type": "Feature", "properties": { "name": "Liverpool Street", "ref:crs": null, "ref": null, "id": 1623 }, "geometry": { "type": "Point", "coordinates": [ -0.0825205, 51.5176777 ] } },
{ "type": "Feature", "properties": { "name": "London Liverpool Street", "ref:crs": "LST", "ref": null, "id": 1624 }, "geometry": { "type": "Point", "coordinates": [ -0.0814269, 51.5182105 ] } },
{ "type": "Feature", "properties": { "name": "Cannon Street", "ref:crs": null, "ref": null, "id": 1625 }, "geometry": { "type": "Point", "coordinates": [ -0.0903632, 51.5113812 ] } },
{ "type": "Feature", "properties": { "name": "London Cannon Street", "ref:crs": "CST", "ref": null, "id": 1626 }, "geometry": { "type": "Point", "coordinates": [ -0.0906046, 51.5106685 ] } },
{ "type": "Feature", "properties": { "name": "Piccadilly Circus", "ref:crs": null, "ref": "ZPC", "id": 1627 }, "geometry": { "type": "Point", "coordinates": [ -0.1345484, 51.5098192 ] } },
{ "type": "Feature", "properties": { "name": "London Waterloo", "ref:crs": "WAT", "ref": null, "id": 1628 }, "geometry": { "type": "Point", "coordinates": [ -0.112801, 51.5028379 ] } },
{ "type": "Feature", "properties": { "name": "Waterloo", "ref:crs": null, "ref": "ZWA", "id": 1629 }, "geometry": { "type": "Point", "coordinates": [ -0.1139812, 51.503001500000011 ] } },
{ "type": "Feature", "properties": { "name": "Dundee", "ref:crs": "DEE", "ref": null, "id": 1630 }, "geometry": { "type": "Point", "coordinates": [ -2.9697488, 56.4571485 ] } },
{ "type": "Feature", "properties": { "name": "St Bees", "ref:crs": "SBS", "ref": null, "id": 1631 }, "geometry": { "type": "Point", "coordinates": [ -3.5912401, 54.49235310000001 ] } },
{ "type": "Feature", "properties": { "name": "Malden Manor", "ref:crs": "MAL", "ref": null, "id": 1632 }, "geometry": { "type": "Point", "coordinates": [ -0.2612451, 51.3847246 ] } },
{ "type": "Feature", "properties": { "name": "Tolworth", "ref:crs": "TOL", "ref": null, "id": 1633 }, "geometry": { "type": "Point", "coordinates": [ -0.2794424, 51.3768746 ] } },
{ "type": "Feature", "properties": { "name": "Chessington North", "ref:crs": "CSN", "ref": null, "id": 1634 }, "geometry": { "type": "Point", "coordinates": [ -0.3007319, 51.363982 ] } },
{ "type": "Feature", "properties": { "name": "Streatham", "ref:crs": "STE", "ref": null, "id": 1635 }, "geometry": { "type": "Point", "coordinates": [ -0.1313131, 51.425960899999986 ] } },
{ "type": "Feature", "properties": { "name": "Billingshurst", "ref:crs": "BIG", "ref": null, "id": 1636 }, "geometry": { "type": "Point", "coordinates": [ -0.4495061, 51.0151333 ] } },
{ "type": "Feature", "properties": { "name": "Charing Cross", "ref:crs": null, "ref": null, "id": 1637 }, "geometry": { "type": "Point", "coordinates": [ -0.1263945, 51.5079664 ] } },
{ "type": "Feature", "properties": { "name": "Elephant & Castle", "ref:crs": "EPH", "ref": null, "id": 1638 }, "geometry": { "type": "Point", "coordinates": [ -0.0987169, 51.4940431 ] } },
{ "type": "Feature", "properties": { "name": "Elephant & Castle", "ref:crs": null, "ref": "ZEL", "id": 1639 }, "geometry": { "type": "Point", "coordinates": [ -0.1005731, 51.4948884 ] } },
{ "type": "Feature", "properties": { "name": "Sutton", "ref:crs": "SUO", "ref": null, "id": 1640 }, "geometry": { "type": "Point", "coordinates": [ -0.1908861, 51.3596769 ] } },
{ "type": "Feature", "properties": { "name": "London St. Pancras International", "ref:crs": "STP", "ref": null, "id": 1641 }, "geometry": { "type": "Point", "coordinates": [ -0.1270027, 51.5327196 ] } },
{ "type": "Feature", "properties": { "name": "London Euston", "ref:crs": "EUS", "ref": null, "id": 1642 }, "geometry": { "type": "Point", "coordinates": [ -0.1341909, 51.5288526 ] } },
{ "type": "Feature", "properties": { "name": "Euston", "ref:crs": null, "ref": null, "id": 1643 }, "geometry": { "type": "Point", "coordinates": [ -0.1338745, 51.5282865 ] } },
{ "type": "Feature", "properties": { "name": "West Shore Halt", "ref:crs": null, "ref": null, "id": 1644 }, "geometry": { "type": "Point", "coordinates": [ -3.8417328, 53.3156622 ] } },
{ "type": "Feature", "properties": { "name": "Barnes", "ref:crs": "BNS", "ref": null, "id": 1645 }, "geometry": { "type": "Point", "coordinates": [ -0.2411817, 51.466783 ] } },
{ "type": "Feature", "properties": { "name": "Chilworth", "ref:crs": "CHL", "ref": null, "id": 1646 }, "geometry": { "type": "Point", "coordinates": [ -0.5250129, 51.2151195 ] } },
{ "type": "Feature", "properties": { "name": "Shalford", "ref:crs": "SFR", "ref": null, "id": 1647 }, "geometry": { "type": "Point", "coordinates": [ -0.566879, 51.2143603 ] } },
{ "type": "Feature", "properties": { "name": "Esher", "ref:crs": "ESH", "ref": null, "id": 1648 }, "geometry": { "type": "Point", "coordinates": [ -0.3532042, 51.38005290000001 ] } },
{ "type": "Feature", "properties": { "name": "Roby", "ref:crs": "ROB", "ref": null, "id": 1649 }, "geometry": { "type": "Point", "coordinates": [ -2.8555038, 53.4100591 ] } },
{ "type": "Feature", "properties": { "name": "St Helens Junction", "ref:crs": "SHJ", "ref": null, "id": 1650 }, "geometry": { "type": "Point", "coordinates": [ -2.7000869, 53.433783400000017 ] } },
{ "type": "Feature", "properties": { "name": "Darton", "ref:crs": "DRT", "ref": null, "id": 1651 }, "geometry": { "type": "Point", "coordinates": [ -1.5307942, 53.5880035 ] } },
{ "type": "Feature", "properties": { "name": "Hampton Wick", "ref:crs": "HMW", "ref": null, "id": 1652 }, "geometry": { "type": "Point", "coordinates": [ -0.3123501, 51.4145582 ] } },
{ "type": "Feature", "properties": { "name": "Farnham", "ref:crs": "FNH", "ref": null, "id": 1653 }, "geometry": { "type": "Point", "coordinates": [ -0.7924218, 51.2118094 ] } },
{ "type": "Feature", "properties": { "name": "Cheam", "ref:crs": "CHE", "ref": null, "id": 1654 }, "geometry": { "type": "Point", "coordinates": [ -0.2145128, 51.3556609 ] } },
{ "type": "Feature", "properties": { "name": "Holborn", "ref:crs": null, "ref": null, "id": 1655 }, "geometry": { "type": "Point", "coordinates": [ -0.1200657, 51.5171149 ] } },
{ "type": "Feature", "properties": { "name": "Seer Green and Jordans", "ref:crs": "SRG", "ref": null, "id": 1656 }, "geometry": { "type": "Point", "coordinates": [ -0.6077008, 51.6098353 ] } },
{ "type": "Feature", "properties": { "name": "Ince and Elton", "ref:crs": "INE", "ref": null, "id": 1657 }, "geometry": { "type": "Point", "coordinates": [ -2.8166827, 53.2766012 ] } },
{ "type": "Feature", "properties": { "name": "Stanlow and Thornton", "ref:crs": "SNT", "ref": null, "id": 1658 }, "geometry": { "type": "Point", "coordinates": [ -2.8411357, 53.2783095 ] } },
{ "type": "Feature", "properties": { "name": "Cuckoos Nest", "ref:crs": null, "ref": null, "id": 1659 }, "geometry": { "type": "Point", "coordinates": [ -1.6338558, 53.5949814 ] } },
{ "type": "Feature", "properties": { "name": "Heighington", "ref:crs": "HEI", "ref": null, "id": 1660 }, "geometry": { "type": "Point", "coordinates": [ -1.5817711, 54.5971316 ] } },
{ "type": "Feature", "properties": { "name": "Seaham", "ref:crs": "SEA", "ref": null, "id": 1661 }, "geometry": { "type": "Point", "coordinates": [ -1.346378, 54.839091 ] } },
{ "type": "Feature", "properties": { "name": "Seaton Carew", "ref:crs": "SEC", "ref": null, "id": 1662 }, "geometry": { "type": "Point", "coordinates": [ -1.200477, 54.6582066 ] } },
{ "type": "Feature", "properties": { "name": "Flowery Field", "ref:crs": "FLF", "ref": null, "id": 1663 }, "geometry": { "type": "Point", "coordinates": [ -2.0801143, 53.461390399999985 ] } },
{ "type": "Feature", "properties": { "name": "Bermuda Park", "ref:crs": "BEP", "ref": null, "id": 1664 }, "geometry": { "type": "Point", "coordinates": [ -1.4725898, 52.5033421 ] } },
{ "type": "Feature", "properties": { "name": "Wellington", "ref:crs": "WLN", "ref": null, "id": 1665 }, "geometry": { "type": "Point", "coordinates": [ -2.5167193, 52.7014362 ] } },
{ "type": "Feature", "properties": { "name": "Ben Rhydding", "ref:crs": "BEY", "ref": null, "id": 1666 }, "geometry": { "type": "Point", "coordinates": [ -1.7974707, 53.9257438 ] } },
{ "type": "Feature", "properties": { "name": "Burley-in-Wharfedale", "ref:crs": "BUW", "ref": null, "id": 1667 }, "geometry": { "type": "Point", "coordinates": [ -1.7531866, 53.9079756 ] } },
{ "type": "Feature", "properties": { "name": "Guiseley", "ref:crs": "GSY", "ref": null, "id": 1668 }, "geometry": { "type": "Point", "coordinates": [ -1.7151179, 53.8760658 ] } },
{ "type": "Feature", "properties": { "name": "Menston", "ref:crs": "MNN", "ref": null, "id": 1669 }, "geometry": { "type": "Point", "coordinates": [ -1.7354513, 53.8923633 ] } },
{ "type": "Feature", "properties": { "name": "Frizinghall", "ref:crs": "FZH", "ref": null, "id": 1670 }, "geometry": { "type": "Point", "coordinates": [ -1.7689584, 53.8203108 ] } },
{ "type": "Feature", "properties": { "name": "Brighouse", "ref:crs": "BGH", "ref": null, "id": 1671 }, "geometry": { "type": "Point", "coordinates": [ -1.7793363, 53.6981649 ] } },
{ "type": "Feature", "properties": { "name": "Shepley", "ref:crs": "SPY", "ref": null, "id": 1672 }, "geometry": { "type": "Point", "coordinates": [ -1.7048254, 53.5887533 ] } },
{ "type": "Feature", "properties": { "name": "Stocksmoor", "ref:crs": "SSM", "ref": null, "id": 1673 }, "geometry": { "type": "Point", "coordinates": [ -1.7232658, 53.5941495 ] } },
{ "type": "Feature", "properties": { "name": "Bamber Bridge", "ref:crs": "BMB", "ref": null, "id": 1674 }, "geometry": { "type": "Point", "coordinates": [ -2.6614198, 53.7269093 ] } },
{ "type": "Feature", "properties": { "name": "Pleasington", "ref:crs": "PLS", "ref": null, "id": 1675 }, "geometry": { "type": "Point", "coordinates": [ -2.5440104, 53.7310487 ] } },
{ "type": "Feature", "properties": { "name": "Bracknell", "ref:crs": "BCE", "ref": null, "id": 1676 }, "geometry": { "type": "Point", "coordinates": [ -0.7522572, 51.4130054 ] } },
{ "type": "Feature", "properties": { "name": "Runcorn East", "ref:crs": "RUE", "ref": null, "id": 1677 }, "geometry": { "type": "Point", "coordinates": [ -2.6654958, 53.3279397 ] } },
{ "type": "Feature", "properties": { "name": "Redcar Central", "ref:crs": "RCC", "ref": null, "id": 1678 }, "geometry": { "type": "Point", "coordinates": [ -1.0703222, 54.6159857 ] } },
{ "type": "Feature", "properties": { "name": "South Bank", "ref:crs": "SBK", "ref": null, "id": 1679 }, "geometry": { "type": "Point", "coordinates": [ -1.1762715, 54.5840107 ] } },
{ "type": "Feature", "properties": { "name": "Yarm", "ref:crs": "YRM", "ref": null, "id": 1680 }, "geometry": { "type": "Point", "coordinates": [ -1.3514668, 54.4937626 ] } },
{ "type": "Feature", "properties": { "name": "Longcross", "ref:crs": "LNG", "ref": null, "id": 1681 }, "geometry": { "type": "Point", "coordinates": [ -0.5950836, 51.385277 ] } },
{ "type": "Feature", "properties": { "name": "Arram", "ref:crs": "ARR", "ref": null, "id": 1682 }, "geometry": { "type": "Point", "coordinates": [ -0.4263681, 53.8841174 ] } },
{ "type": "Feature", "properties": { "name": "Beverley", "ref:crs": "BEV", "ref": null, "id": 1683 }, "geometry": { "type": "Point", "coordinates": [ -0.4228986, 53.8421612 ] } },
{ "type": "Feature", "properties": { "name": "Bridlington", "ref:crs": "BDT", "ref": null, "id": 1684 }, "geometry": { "type": "Point", "coordinates": [ -0.2003693, 54.0840651 ] } },
{ "type": "Feature", "properties": { "name": "Cottingham", "ref:crs": "CGM", "ref": null, "id": 1685 }, "geometry": { "type": "Point", "coordinates": [ -0.406219, 53.781315 ] } },
{ "type": "Feature", "properties": { "name": "Driffield", "ref:crs": "DRF", "ref": null, "id": 1686 }, "geometry": { "type": "Point", "coordinates": [ -0.4345405, 54.0014428 ] } },
{ "type": "Feature", "properties": { "name": "Filey", "ref:crs": "FIL", "ref": null, "id": 1687 }, "geometry": { "type": "Point", "coordinates": [ -0.2938604, 54.2098083 ] } },
{ "type": "Feature", "properties": { "name": "Hutton Cranswick", "ref:crs": "HUT", "ref": null, "id": 1688 }, "geometry": { "type": "Point", "coordinates": [ -0.4338384, 53.9561848 ] } },
{ "type": "Feature", "properties": { "name": "Nafferton", "ref:crs": "NFN", "ref": null, "id": 1689 }, "geometry": { "type": "Point", "coordinates": [ -0.3856241, 54.0113429 ] } },
{ "type": "Feature", "properties": { "name": "Seamer", "ref:crs": "SEM", "ref": null, "id": 1690 }, "geometry": { "type": "Point", "coordinates": [ -0.4169939, 54.2406582 ] } },
{ "type": "Feature", "properties": { "name": "Gilberdyke", "ref:crs": "GBD", "ref": null, "id": 1691 }, "geometry": { "type": "Point", "coordinates": [ -0.7316099, 53.7480234 ] } },
{ "type": "Feature", "properties": { "name": "Saltmarshe", "ref:crs": "SAM", "ref": null, "id": 1692 }, "geometry": { "type": "Point", "coordinates": [ -0.8091658, 53.7220658 ] } },
{ "type": "Feature", "properties": { "name": "Albrighton", "ref:crs": "ALB", "ref": null, "id": 1693 }, "geometry": { "type": "Point", "coordinates": [ -2.2692137, 52.6382346 ] } },
{ "type": "Feature", "properties": { "name": "Bilbrook", "ref:crs": "BBK", "ref": null, "id": 1694 }, "geometry": { "type": "Point", "coordinates": [ -2.1873052, 52.6239645 ] } },
{ "type": "Feature", "properties": { "name": "Codsall", "ref:crs": "CSL", "ref": null, "id": 1695 }, "geometry": { "type": "Point", "coordinates": [ -2.2016755, 52.6274199 ] } },
{ "type": "Feature", "properties": { "name": "Cosford", "ref:crs": "COS", "ref": null, "id": 1696 }, "geometry": { "type": "Point", "coordinates": [ -2.3006927, 52.6448458 ] } },
{ "type": "Feature", "properties": { "name": "Oakengates", "ref:crs": "OKN", "ref": null, "id": 1697 }, "geometry": { "type": "Point", "coordinates": [ -2.450188, 52.6930906 ] } },
{ "type": "Feature", "properties": { "name": "Shifnal", "ref:crs": "SFN", "ref": null, "id": 1698 }, "geometry": { "type": "Point", "coordinates": [ -2.3716887, 52.6660075 ] } },
{ "type": "Feature", "properties": { "name": "Telford Central", "ref:crs": "TFC", "ref": null, "id": 1699 }, "geometry": { "type": "Point", "coordinates": [ -2.441178, 52.6811135 ] } },
{ "type": "Feature", "properties": { "name": "Church Stretton", "ref:crs": "CTT", "ref": null, "id": 1700 }, "geometry": { "type": "Point", "coordinates": [ -2.8036843, 52.5373034 ] } },
{ "type": "Feature", "properties": { "name": "Gobowen", "ref:crs": "GOB", "ref": null, "id": 1701 }, "geometry": { "type": "Point", "coordinates": [ -3.0368846, 52.8933219 ] } },
{ "type": "Feature", "properties": { "name": "Knighton", "ref:crs": "KNI", "ref": null, "id": 1702 }, "geometry": { "type": "Point", "coordinates": [ -3.0423373, 52.3450164 ] } },
{ "type": "Feature", "properties": { "name": "Littleborough", "ref:crs": "LTL", "ref": null, "id": 1703 }, "geometry": { "type": "Point", "coordinates": [ -2.0950109, 53.6427541 ] } },
{ "type": "Feature", "properties": { "name": "Moston", "ref:crs": "MSO", "ref": null, "id": 1704 }, "geometry": { "type": "Point", "coordinates": [ -2.1710273, 53.5232522 ] } },
{ "type": "Feature", "properties": { "name": "Smithy Bridge", "ref:crs": "SMB", "ref": null, "id": 1705 }, "geometry": { "type": "Point", "coordinates": [ -2.1140606, 53.6328465 ] } },
{ "type": "Feature", "properties": { "name": "Walsden", "ref:crs": "WDN", "ref": null, "id": 1706 }, "geometry": { "type": "Point", "coordinates": [ -2.1047674, 53.6965305 ] } },
{ "type": "Feature", "properties": { "name": "Bescar Lane", "ref:crs": "BES", "ref": null, "id": 1707 }, "geometry": { "type": "Point", "coordinates": [ -2.9145518, 53.6238457 ] } },
{ "type": "Feature", "properties": { "name": "Burscough Bridge", "ref:crs": "BCB", "ref": null, "id": 1708 }, "geometry": { "type": "Point", "coordinates": [ -2.8416523, 53.6054245 ] } },
{ "type": "Feature", "properties": { "name": "New Lane", "ref:crs": "NLN", "ref": null, "id": 1709 }, "geometry": { "type": "Point", "coordinates": [ -2.8677436, 53.6116884 ] } },
{ "type": "Feature", "properties": { "name": "Parbold", "ref:crs": "PBL", "ref": null, "id": 1710 }, "geometry": { "type": "Point", "coordinates": [ -2.7711373, 53.5908551 ] } },
{ "type": "Feature", "properties": { "name": "Hoscar", "ref:crs": "HSC", "ref": null, "id": 1711 }, "geometry": { "type": "Point", "coordinates": [ -2.8046076, 53.597768799999983 ] } },
{ "type": "Feature", "properties": { "name": "Gathurst", "ref:crs": "GST", "ref": null, "id": 1712 }, "geometry": { "type": "Point", "coordinates": [ -2.6938146, 53.5593822 ] } },
{ "type": "Feature", "properties": { "name": "Appley Bridge", "ref:crs": "APB", "ref": null, "id": 1713 }, "geometry": { "type": "Point", "coordinates": [ -2.7195791, 53.578708 ] } },
{ "type": "Feature", "properties": { "name": "Bingley", "ref:crs": "BIY", "ref": null, "id": 1714 }, "geometry": { "type": "Point", "coordinates": [ -1.837164, 53.8487153 ] } },
{ "type": "Feature", "properties": { "name": "Crossflatts", "ref:crs": "CFL", "ref": null, "id": 1715 }, "geometry": { "type": "Point", "coordinates": [ -1.844476, 53.858299 ] } },
{ "type": "Feature", "properties": { "name": "Keighley", "ref:crs": "KEI", "ref": null, "id": 1716 }, "geometry": { "type": "Point", "coordinates": [ -1.9013628, 53.867932 ] } },
{ "type": "Feature", "properties": { "name": "Accrington", "ref:crs": "ACR", "ref": null, "id": 1717 }, "geometry": { "type": "Point", "coordinates": [ -2.3701201, 53.7527983 ] } },
{ "type": "Feature", "properties": { "name": "Bardon Mill", "ref:crs": "BLL", "ref": null, "id": 1718 }, "geometry": { "type": "Point", "coordinates": [ -2.3450711, 54.9745437 ] } },
{ "type": "Feature", "properties": { "name": "Brinnington", "ref:crs": "BNT", "ref": null, "id": 1719 }, "geometry": { "type": "Point", "coordinates": [ -2.1341235, 53.4319627 ] } },
{ "type": "Feature", "properties": { "name": "Burnley Manchester Road", "ref:crs": "BYM", "ref": null, "id": 1720 }, "geometry": { "type": "Point", "coordinates": [ -2.2493172, 53.7851712 ] } },
{ "type": "Feature", "properties": { "name": "Cattal", "ref:crs": "CTL", "ref": null, "id": 1721 }, "geometry": { "type": "Point", "coordinates": [ -1.3201962, 53.9974183 ] } },
{ "type": "Feature", "properties": { "name": "Church and Oswaldtwistle", "ref:crs": "CTW", "ref": null, "id": 1722 }, "geometry": { "type": "Point", "coordinates": [ -2.3908916, 53.7505427 ] } },
{ "type": "Feature", "properties": { "name": "Corbridge", "ref:crs": "CRB", "ref": null, "id": 1723 }, "geometry": { "type": "Point", "coordinates": [ -2.0190286, 54.9662648 ] } },
{ "type": "Feature", "properties": { "name": "Haltwhistle", "ref:crs": "HWH", "ref": null, "id": 1724 }, "geometry": { "type": "Point", "coordinates": [ -2.4627642, 54.9679903 ] } },
{ "type": "Feature", "properties": { "name": "Hammerton", "ref:crs": "HMM", "ref": null, "id": 1725 }, "geometry": { "type": "Point", "coordinates": [ -1.2840693, 53.996331 ] } },
{ "type": "Feature", "properties": { "name": "Hapton", "ref:crs": "HPN", "ref": null, "id": 1726 }, "geometry": { "type": "Point", "coordinates": [ -2.31732, 53.7815747 ] } },
{ "type": "Feature", "properties": { "name": "Haydon Bridge", "ref:crs": "HDB", "ref": null, "id": 1727 }, "geometry": { "type": "Point", "coordinates": [ -2.2472059, 54.9752903 ] } },
{ "type": "Feature", "properties": { "name": "Headingley", "ref:crs": "HDY", "ref": null, "id": 1728 }, "geometry": { "type": "Point", "coordinates": [ -1.5944828, 53.8180372 ] } },
{ "type": "Feature", "properties": { "name": "Hebden Bridge", "ref:crs": "HBD", "ref": null, "id": 1729 }, "geometry": { "type": "Point", "coordinates": [ -2.0088814, 53.737639899999976 ] } },
{ "type": "Feature", "properties": { "name": "Hornbeam Park", "ref:crs": "HBP", "ref": null, "id": 1730 }, "geometry": { "type": "Point", "coordinates": [ -1.5276765, 53.9803587 ] } },
{ "type": "Feature", "properties": { "name": "Horsforth", "ref:crs": "HRS", "ref": null, "id": 1731 }, "geometry": { "type": "Point", "coordinates": [ -1.6302169, 53.8477524 ] } },
{ "type": "Feature", "properties": { "name": "Huncoat", "ref:crs": "HCT", "ref": null, "id": 1732 }, "geometry": { "type": "Point", "coordinates": [ -2.3470472, 53.772243399999986 ] } },
{ "type": "Feature", "properties": { "name": "Knaresborough", "ref:crs": "KNA", "ref": null, "id": 1733 }, "geometry": { "type": "Point", "coordinates": [ -1.4703169, 54.0090258 ] } },
{ "type": "Feature", "properties": { "name": "Mytholmroyd", "ref:crs": "MYT", "ref": null, "id": 1734 }, "geometry": { "type": "Point", "coordinates": [ -1.9818234, 53.7290839 ] } },
{ "type": "Feature", "properties": { "name": "Pannal", "ref:crs": "PNL", "ref": null, "id": 1735 }, "geometry": { "type": "Point", "coordinates": [ -1.532787, 53.9585105 ] } },
{ "type": "Feature", "properties": { "name": "Poppleton", "ref:crs": "POP", "ref": null, "id": 1736 }, "geometry": { "type": "Point", "coordinates": [ -1.1484069, 53.9759597 ] } },
{ "type": "Feature", "properties": { "name": "Prudhoe", "ref:crs": "PRU", "ref": null, "id": 1737 }, "geometry": { "type": "Point", "coordinates": [ -1.8647367, 54.9658707 ] } },
{ "type": "Feature", "properties": { "name": "Reddish North", "ref:crs": "RDN", "ref": null, "id": 1738 }, "geometry": { "type": "Point", "coordinates": [ -2.1567562, 53.4497429 ] } },
{ "type": "Feature", "properties": { "name": "Riding Mill", "ref:crs": "RDM", "ref": null, "id": 1739 }, "geometry": { "type": "Point", "coordinates": [ -1.9719541, 54.9489331 ] } },
{ "type": "Feature", "properties": { "name": "Rishton", "ref:crs": "RIS", "ref": null, "id": 1740 }, "geometry": { "type": "Point", "coordinates": [ -2.4201859, 53.7638289 ] } },
{ "type": "Feature", "properties": { "name": "Saltaire", "ref:crs": "SAE", "ref": null, "id": 1741 }, "geometry": { "type": "Point", "coordinates": [ -1.7907973, 53.8385598 ] } },
{ "type": "Feature", "properties": { "name": "Sowerby Bridge", "ref:crs": "SOW", "ref": null, "id": 1742 }, "geometry": { "type": "Point", "coordinates": [ -1.9072266, 53.707848299999988 ] } },
{ "type": "Feature", "properties": { "name": "Starbeck", "ref:crs": "SBE", "ref": null, "id": 1743 }, "geometry": { "type": "Point", "coordinates": [ -1.5004755, 53.998881 ] } },
{ "type": "Feature", "properties": { "name": "Steeton and Silsden", "ref:crs": "SON", "ref": null, "id": 1744 }, "geometry": { "type": "Point", "coordinates": [ -1.9448075, 53.900051799999986 ] } },
{ "type": "Feature", "properties": { "name": "Stocksfield", "ref:crs": "SKS", "ref": null, "id": 1745 }, "geometry": { "type": "Point", "coordinates": [ -1.9171893, 54.946811 ] } },
{ "type": "Feature", "properties": { "name": "Weeton", "ref:crs": "WET", "ref": null, "id": 1746 }, "geometry": { "type": "Point", "coordinates": [ -1.5812986, 53.923285 ] } },
{ "type": "Feature", "properties": { "name": "Wennington", "ref:crs": "WNN", "ref": null, "id": 1747 }, "geometry": { "type": "Point", "coordinates": [ -2.5874211, 54.1236926 ] } },
{ "type": "Feature", "properties": { "name": "Wetheral", "ref:crs": "WRL", "ref": null, "id": 1748 }, "geometry": { "type": "Point", "coordinates": [ -2.8319642, 54.8837307 ] } },
{ "type": "Feature", "properties": { "name": "Wylam", "ref:crs": "WYM", "ref": null, "id": 1749 }, "geometry": { "type": "Point", "coordinates": [ -1.8143684, 54.9748735 ] } },
{ "type": "Feature", "properties": { "name": "Motherwell", "ref:crs": "MTH", "ref": null, "id": 1750 }, "geometry": { "type": "Point", "coordinates": [ -3.9946663, 55.79189 ] } },
{ "type": "Feature", "properties": { "name": "Whitby", "ref:crs": "WTB", "ref": null, "id": 1751 }, "geometry": { "type": "Point", "coordinates": [ -0.6145349, 54.4843244 ] } },
{ "type": "Feature", "properties": { "name": "Ruswarp", "ref:crs": "RUS", "ref": null, "id": 1752 }, "geometry": { "type": "Point", "coordinates": [ -0.6277753, 54.4699399 ] } },
{ "type": "Feature", "properties": { "name": "Kennett", "ref:crs": "KNE", "ref": null, "id": 1753 }, "geometry": { "type": "Point", "coordinates": [ 0.4900933, 52.2772508 ] } },
{ "type": "Feature", "properties": { "name": "Lostock Gralam", "ref:crs": "LTG", "ref": null, "id": 1754 }, "geometry": { "type": "Point", "coordinates": [ -2.4647767, 53.2677491 ] } },
{ "type": "Feature", "properties": { "name": "Stoke Mandeville", "ref:crs": "SKM", "ref": null, "id": 1755 }, "geometry": { "type": "Point", "coordinates": [ -0.7843417, 51.7878849 ] } },
{ "type": "Feature", "properties": { "name": "Sittingbourne", "ref:crs": "SIT", "ref": null, "id": 1756 }, "geometry": { "type": "Point", "coordinates": [ 0.7351464, 51.342078 ] } },
{ "type": "Feature", "properties": { "name": "Great Chesterford", "ref:crs": "GRC", "ref": null, "id": 1757 }, "geometry": { "type": "Point", "coordinates": [ 0.1932286, 52.059928299999989 ] } },
{ "type": "Feature", "properties": { "name": "Kingussie", "ref:crs": "KIN", "ref": null, "id": 1758 }, "geometry": { "type": "Point", "coordinates": [ -4.0532894, 57.0777785 ] } },
{ "type": "Feature", "properties": { "name": "Whitstable", "ref:crs": "WHI", "ref": null, "id": 1759 }, "geometry": { "type": "Point", "coordinates": [ 1.0343648, 51.3576861 ] } },
{ "type": "Feature", "properties": { "name": "Chestfield & Swalecliffe", "ref:crs": "CSW", "ref": null, "id": 1760 }, "geometry": { "type": "Point", "coordinates": [ 1.0674411, 51.3602828 ] } },
{ "type": "Feature", "properties": { "name": "Hednesford", "ref:crs": "HNF", "ref": null, "id": 1761 }, "geometry": { "type": "Point", "coordinates": [ -2.0019759, 52.7099433 ] } },
{ "type": "Feature", "properties": { "name": "Kirknewton", "ref:crs": "KKN", "ref": null, "id": 1762 }, "geometry": { "type": "Point", "coordinates": [ -3.4335165, 55.8889332 ] } },
{ "type": "Feature", "properties": { "name": "Landywood", "ref:crs": "LAW", "ref": null, "id": 1763 }, "geometry": { "type": "Point", "coordinates": [ -2.0207336, 52.656769 ] } },
{ "type": "Feature", "properties": { "name": "Lingfield", "ref:crs": "LFD", "ref": null, "id": 1764 }, "geometry": { "type": "Point", "coordinates": [ -0.0068029, 51.1761001 ] } },
{ "type": "Feature", "properties": { "name": "Otford", "ref:crs": "OTF", "ref": null, "id": 1765 }, "geometry": { "type": "Point", "coordinates": [ 0.1971759, 51.3129318 ] } },
{ "type": "Feature", "properties": { "name": "Walmer", "ref:crs": "WAM", "ref": null, "id": 1766 }, "geometry": { "type": "Point", "coordinates": [ 1.3825478, 51.2032233 ] } },
{ "type": "Feature", "properties": { "name": "Effingham Junction", "ref:crs": "EFF", "ref": null, "id": 1767 }, "geometry": { "type": "Point", "coordinates": [ -0.4200621, 51.2912974 ] } },
{ "type": "Feature", "properties": { "name": "Langley Mill", "ref:crs": "LGM", "ref": null, "id": 1768 }, "geometry": { "type": "Point", "coordinates": [ -1.3311974, 53.018474 ] } },
{ "type": "Feature", "properties": { "name": "Harling Road", "ref:crs": "HRD", "ref": null, "id": 1769 }, "geometry": { "type": "Point", "coordinates": [ 0.9093112, 52.4538578 ] } },
{ "type": "Feature", "properties": { "name": "Spooner Row", "ref:crs": "SPN", "ref": null, "id": 1770 }, "geometry": { "type": "Point", "coordinates": [ 1.0859995, 52.534920899999975 ] } },
{ "type": "Feature", "properties": { "name": "Alexandra Parade", "ref:crs": "AXP", "ref": null, "id": 1771 }, "geometry": { "type": "Point", "coordinates": [ -4.2106057, 55.8633135 ] } },
{ "type": "Feature", "properties": { "name": "Blairhill", "ref:crs": "BAI", "ref": null, "id": 1772 }, "geometry": { "type": "Point", "coordinates": [ -4.0427186, 55.8665156 ] } },
{ "type": "Feature", "properties": { "name": "Carfin", "ref:crs": "CRF", "ref": null, "id": 1773 }, "geometry": { "type": "Point", "coordinates": [ -3.956036, 55.8076817 ] } },
{ "type": "Feature", "properties": { "name": "Coatbridge Sunnyside", "ref:crs": "CBS", "ref": null, "id": 1774 }, "geometry": { "type": "Point", "coordinates": [ -4.0279569, 55.8669052 ] } },
{ "type": "Feature", "properties": { "name": "Cumbernauld", "ref:crs": "CUB", "ref": null, "id": 1775 }, "geometry": { "type": "Point", "coordinates": [ -3.9803047, 55.941902 ] } },
{ "type": "Feature", "properties": { "name": "Hamilton Central", "ref:crs": "HNC", "ref": null, "id": 1776 }, "geometry": { "type": "Point", "coordinates": [ -4.0388235, 55.7731462 ] } },
{ "type": "Feature", "properties": { "name": "Hartwood", "ref:crs": "HTW", "ref": null, "id": 1777 }, "geometry": { "type": "Point", "coordinates": [ -3.8389855, 55.8111759 ] } },
{ "type": "Feature", "properties": { "name": "Pollokshaws West", "ref:crs": "PWW", "ref": null, "id": 1778 }, "geometry": { "type": "Point", "coordinates": [ -4.3014144, 55.82385390000001 ] } },
{ "type": "Feature", "properties": { "name": "Shadwell", "ref:crs": "SDE", "ref": null, "id": 1779 }, "geometry": { "type": "Point", "coordinates": [ -0.0569241, 51.51125 ] } },
{ "type": "Feature", "properties": { "name": "Thanet Parkway", "ref:crs": "THP", "ref": null, "id": 1780 }, "geometry": { "type": "Point", "coordinates": [ 1.3614558, 51.3307843 ] } },
{ "type": "Feature", "properties": { "name": "Wimbledon Chase", "ref:crs": "WBO", "ref": null, "id": 1781 }, "geometry": { "type": "Point", "coordinates": [ -0.2147881, 51.410247 ] } },
{ "type": "Feature", "properties": { "name": "Rhoose Cardiff International Airport", "ref:crs": "RIA", "ref": null, "id": 1782 }, "geometry": { "type": "Point", "coordinates": [ -3.3494457, 51.387154700000011 ] } },
{ "type": "Feature", "properties": { "name": "High Street", "ref:crs": "HST", "ref": null, "id": 1783 }, "geometry": { "type": "Point", "coordinates": [ -4.2399263, 55.8593458 ] } },
{ "type": "Feature", "properties": { "name": "Saundersfoot", "ref:crs": "SDF", "ref": null, "id": 1784 }, "geometry": { "type": "Point", "coordinates": [ -4.7180532, 51.7220045 ] } },
{ "type": "Feature", "properties": { "name": "Shieldmuir", "ref:crs": "SDM", "ref": null, "id": 1785 }, "geometry": { "type": "Point", "coordinates": [ -3.9578629, 55.7774241 ] } },
{ "type": "Feature", "properties": { "name": "North Sheen", "ref:crs": "NSH", "ref": null, "id": 1786 }, "geometry": { "type": "Point", "coordinates": [ -0.2865821, 51.4653247 ] } },
{ "type": "Feature", "properties": { "name": "Coatbridge Central", "ref:crs": "CBC", "ref": null, "id": 1787 }, "geometry": { "type": "Point", "coordinates": [ -4.0320785, 55.8626694 ] } },
{ "type": "Feature", "properties": { "name": "Croy", "ref:crs": "CRO", "ref": null, "id": 1788 }, "geometry": { "type": "Point", "coordinates": [ -4.0361896, 55.9556386 ] } },
{ "type": "Feature", "properties": { "name": "Lenzie", "ref:crs": "LNZ", "ref": null, "id": 1789 }, "geometry": { "type": "Point", "coordinates": [ -4.1539264, 55.9213422 ] } },
{ "type": "Feature", "properties": { "name": "Alloa", "ref:crs": "ALO", "ref": null, "id": 1790 }, "geometry": { "type": "Point", "coordinates": [ -3.78886, 56.1179073 ] } },
{ "type": "Feature", "properties": { "name": "Wimbledon Park", "ref:crs": null, "ref": null, "id": 1791 }, "geometry": { "type": "Point", "coordinates": [ -0.1990432, 51.4340563 ] } },
{ "type": "Feature", "properties": { "name": "Ravenscourt Park", "ref:crs": null, "ref": null, "id": 1792 }, "geometry": { "type": "Point", "coordinates": [ -0.2357932, 51.4941293 ] } },
{ "type": "Feature", "properties": { "name": "Imperial Wharf", "ref:crs": "IMW", "ref": null, "id": 1793 }, "geometry": { "type": "Point", "coordinates": [ -0.1829268, 51.475103 ] } },
{ "type": "Feature", "properties": { "name": "Earlsfield", "ref:crs": "EAD", "ref": null, "id": 1794 }, "geometry": { "type": "Point", "coordinates": [ -0.1876937, 51.4424033 ] } },
{ "type": "Feature", "properties": { "name": "Carstairs", "ref:crs": "CRS", "ref": null, "id": 1795 }, "geometry": { "type": "Point", "coordinates": [ -3.6693685, 55.6913659 ] } },
{ "type": "Feature", "properties": { "name": "Cheshunt", "ref:crs": "CHN", "ref": null, "id": 1796 }, "geometry": { "type": "Point", "coordinates": [ -0.0238695, 51.7027036 ] } },
{ "type": "Feature", "properties": { "name": "Hildenborough", "ref:crs": "HLB", "ref": null, "id": 1797 }, "geometry": { "type": "Point", "coordinates": [ 0.2278823, 51.2145812 ] } },
{ "type": "Feature", "properties": { "name": "Betchworth", "ref:crs": "BTO", "ref": null, "id": 1798 }, "geometry": { "type": "Point", "coordinates": [ -0.2674721, 51.247941 ] } },
{ "type": "Feature", "properties": { "name": "Woking", "ref:crs": "WOK", "ref": null, "id": 1799 }, "geometry": { "type": "Point", "coordinates": [ -0.5573085, 51.3184492 ] } },
{ "type": "Feature", "properties": { "name": "West Byfleet", "ref:crs": "WBY", "ref": null, "id": 1800 }, "geometry": { "type": "Point", "coordinates": [ -0.505218, 51.3396192 ] } },
{ "type": "Feature", "properties": { "name": "Newark Northgate", "ref:crs": "NNG", "ref": null, "id": 1801 }, "geometry": { "type": "Point", "coordinates": [ -0.7994939, 53.0813745 ] } },
{ "type": "Feature", "properties": { "name": "Tooting", "ref:crs": "TOO", "ref": null, "id": 1802 }, "geometry": { "type": "Point", "coordinates": [ -0.1613148, 51.4198567 ] } },
{ "type": "Feature", "properties": { "name": "Haydons Road", "ref:crs": "HYR", "ref": null, "id": 1803 }, "geometry": { "type": "Point", "coordinates": [ -0.1883425, 51.4253627 ] } },
{ "type": "Feature", "properties": { "name": "Alderley Edge", "ref:crs": "ALD", "ref": null, "id": 1804 }, "geometry": { "type": "Point", "coordinates": [ -2.2366228, 53.3038625 ] } },
{ "type": "Feature", "properties": { "name": "Bentham", "ref:crs": "BEN", "ref": null, "id": 1805 }, "geometry": { "type": "Point", "coordinates": [ -2.5106193, 54.1154922 ] } },
{ "type": "Feature", "properties": { "name": "Clapham", "ref:crs": "CPY", "ref": null, "id": 1806 }, "geometry": { "type": "Point", "coordinates": [ -2.4104509, 54.105416 ] } },
{ "type": "Feature", "properties": { "name": "Cononley", "ref:crs": "CEY", "ref": null, "id": 1807 }, "geometry": { "type": "Point", "coordinates": [ -2.0118034, 53.917160799999984 ] } },
{ "type": "Feature", "properties": { "name": "Gargrave", "ref:crs": "GGV", "ref": null, "id": 1808 }, "geometry": { "type": "Point", "coordinates": [ -2.1050692, 53.9782539 ] } },
{ "type": "Feature", "properties": { "name": "Goostrey", "ref:crs": "GTR", "ref": null, "id": 1809 }, "geometry": { "type": "Point", "coordinates": [ -2.3263394, 53.2225699 ] } },
{ "type": "Feature", "properties": { "name": "Ryder Brow", "ref:crs": "RRB", "ref": null, "id": 1810 }, "geometry": { "type": "Point", "coordinates": [ -2.1739555, 53.4569538 ] } },
{ "type": "Feature", "properties": { "name": "Wandsworth Common", "ref:crs": "WSW", "ref": null, "id": 1811 }, "geometry": { "type": "Point", "coordinates": [ -0.1635168, 51.4461242 ] } },
{ "type": "Feature", "properties": { "name": "Blackfriars", "ref:crs": null, "ref": null, "id": 1812 }, "geometry": { "type": "Point", "coordinates": [ -0.1037671, 51.5115854 ] } },
{ "type": "Feature", "properties": { "name": "London Victoria", "ref:crs": "VIC", "ref": null, "id": 1813 }, "geometry": { "type": "Point", "coordinates": [ -0.1445802, 51.4947328 ] } },
{ "type": "Feature", "properties": { "name": "Harrogate", "ref:crs": "HGT", "ref": null, "id": 1814 }, "geometry": { "type": "Point", "coordinates": [ -1.5374305, 53.9934045 ] } },
{ "type": "Feature", "properties": { "name": "Bromborough Rake", "ref:crs": "BMR", "ref": null, "id": 1815 }, "geometry": { "type": "Point", "coordinates": [ -2.9902234, 53.3302771 ] } },
{ "type": "Feature", "properties": { "name": "Aughton Park", "ref:crs": "AUG", "ref": null, "id": 1816 }, "geometry": { "type": "Point", "coordinates": [ -2.8953003, 53.554164299999989 ] } },
{ "type": "Feature", "properties": { "name": "Old Roan", "ref:crs": "ORN", "ref": null, "id": 1817 }, "geometry": { "type": "Point", "coordinates": [ -2.9506755, 53.48691860000001 ] } },
{ "type": "Feature", "properties": { "name": "Orrell Park", "ref:crs": "OPK", "ref": null, "id": 1818 }, "geometry": { "type": "Point", "coordinates": [ -2.9628816, 53.4617054 ] } },
{ "type": "Feature", "properties": { "name": "Town Green", "ref:crs": "TWN", "ref": null, "id": 1819 }, "geometry": { "type": "Point", "coordinates": [ -2.9044304, 53.5430207 ] } },
{ "type": "Feature", "properties": { "name": "Walton", "ref:crs": "WAO", "ref": null, "id": 1820 }, "geometry": { "type": "Point", "coordinates": [ -2.9660572, 53.4563903 ] } },
{ "type": "Feature", "properties": { "name": "Lambeth North", "ref:crs": null, "ref": null, "id": 1821 }, "geometry": { "type": "Point", "coordinates": [ -0.1120142, 51.4989328 ] } },
{ "type": "Feature", "properties": { "name": "Rice Lane", "ref:crs": "RIL", "ref": null, "id": 1822 }, "geometry": { "type": "Point", "coordinates": [ -2.9630946, 53.4575059 ] } },
{ "type": "Feature", "properties": { "name": "Birkdale", "ref:crs": "BDL", "ref": null, "id": 1823 }, "geometry": { "type": "Point", "coordinates": [ -3.0146159, 53.6338886 ] } },
{ "type": "Feature", "properties": { "name": "Freshfield", "ref:crs": "FRE", "ref": null, "id": 1824 }, "geometry": { "type": "Point", "coordinates": [ -3.0718907, 53.5662108 ] } },
{ "type": "Feature", "properties": { "name": "Hall Road", "ref:crs": "HLR", "ref": null, "id": 1825 }, "geometry": { "type": "Point", "coordinates": [ -3.0497373, 53.4976204 ] } },
{ "type": "Feature", "properties": { "name": "Hightown", "ref:crs": "HTO", "ref": null, "id": 1826 }, "geometry": { "type": "Point", "coordinates": [ -3.057184, 53.5253852 ] } },
{ "type": "Feature", "properties": { "name": "Hillside", "ref:crs": "HIL", "ref": null, "id": 1827 }, "geometry": { "type": "Point", "coordinates": [ -3.0254312, 53.6215448 ] } },
{ "type": "Feature", "properties": { "name": "Eccleston Park", "ref:crs": "ECL", "ref": null, "id": 1828 }, "geometry": { "type": "Point", "coordinates": [ -2.7803346, 53.4307355 ] } },
{ "type": "Feature", "properties": { "name": "Prescot", "ref:crs": "PSC", "ref": null, "id": 1829 }, "geometry": { "type": "Point", "coordinates": [ -2.7989869, 53.4235274 ] } },
{ "type": "Feature", "properties": { "name": "Fazakerley", "ref:crs": "FAZ", "ref": null, "id": 1830 }, "geometry": { "type": "Point", "coordinates": [ -2.9369705, 53.468984 ] } },
{ "type": "Feature", "properties": { "name": "Taunton", "ref:crs": "TAU", "ref": null, "id": 1831 }, "geometry": { "type": "Point", "coordinates": [ -3.102674, 51.0232945 ] } },
{ "type": "Feature", "properties": { "name": "Dorking", "ref:crs": "DKG", "ref": null, "id": 1832 }, "geometry": { "type": "Point", "coordinates": [ -0.3241359, 51.2411653 ] } },
{ "type": "Feature", "properties": { "name": "Pugneys Central", "ref:crs": null, "ref": null, "id": 1833 }, "geometry": { "type": "Point", "coordinates": [ -1.5091855, 53.6536471 ] } },
{ "type": "Feature", "properties": { "name": "Pugneys Lakeside", "ref:crs": null, "ref": null, "id": 1834 }, "geometry": { "type": "Point", "coordinates": [ -1.5116661, 53.6564954 ] } },
{ "type": "Feature", "properties": { "name": "Aldgate", "ref:crs": null, "ref": "ZAD", "id": 1835 }, "geometry": { "type": "Point", "coordinates": [ -0.0757186, 51.5142477 ] } },
{ "type": "Feature", "properties": { "name": "Bury St Edmunds", "ref:crs": "BSE", "ref": null, "id": 1836 }, "geometry": { "type": "Point", "coordinates": [ 0.7125888, 52.2536353 ] } },
{ "type": "Feature", "properties": { "name": "Elmswell", "ref:crs": "ESW", "ref": null, "id": 1837 }, "geometry": { "type": "Point", "coordinates": [ 0.9125333, 52.2381588 ] } },
{ "type": "Feature", "properties": { "name": "Thurston", "ref:crs": "TRS", "ref": null, "id": 1838 }, "geometry": { "type": "Point", "coordinates": [ 0.8086544, 52.2499275 ] } },
{ "type": "Feature", "properties": { "name": "Needham Market", "ref:crs": "NMT", "ref": null, "id": 1839 }, "geometry": { "type": "Point", "coordinates": [ 1.0555379, 52.1526149 ] } },
{ "type": "Feature", "properties": { "name": "Stowmarket", "ref:crs": "SMK", "ref": null, "id": 1840 }, "geometry": { "type": "Point", "coordinates": [ 1.000257, 52.1897991 ] } },
{ "type": "Feature", "properties": { "name": "Seven Sisters", "ref:crs": "SVS", "ref": null, "id": 1841 }, "geometry": { "type": "Point", "coordinates": [ -0.0749325, 51.5824738 ] } },
{ "type": "Feature", "properties": { "name": "Bishop's Stortford", "ref:crs": "BIS", "ref": null, "id": 1842 }, "geometry": { "type": "Point", "coordinates": [ 0.1654013, 51.866426599999969 ] } },
{ "type": "Feature", "properties": { "name": "Gates A1-A23", "ref:crs": null, "ref": null, "id": 1843 }, "geometry": { "type": "Point", "coordinates": [ -0.4859786, 51.4709832 ] } },
{ "type": "Feature", "properties": { "name": "Gates B32-B48", "ref:crs": null, "ref": null, "id": 1844 }, "geometry": { "type": "Point", "coordinates": [ -0.4812712, 51.4709999 ] } },
{ "type": "Feature", "properties": { "name": "Gates C52-C66", "ref:crs": null, "ref": null, "id": 1845 }, "geometry": { "type": "Point", "coordinates": [ -0.476074, 51.470982 ] } },
{ "type": "Feature", "properties": { "name": "Southfields", "ref:crs": null, "ref": null, "id": 1846 }, "geometry": { "type": "Point", "coordinates": [ -0.2066142, 51.4457751 ] } },
{ "type": "Feature", "properties": { "name": "Manors", "ref:crs": null, "ref": null, "id": 1847 }, "geometry": { "type": "Point", "coordinates": [ -1.6043794, 54.9739092 ] } },
{ "type": "Feature", "properties": { "name": "Fawdon", "ref:crs": null, "ref": null, "id": 1848 }, "geometry": { "type": "Point", "coordinates": [ -1.6443016, 55.0135968 ] } },
{ "type": "Feature", "properties": { "name": "Wansbeck Road", "ref:crs": null, "ref": null, "id": 1849 }, "geometry": { "type": "Point", "coordinates": [ -1.6356886, 55.0142915 ] } },
{ "type": "Feature", "properties": { "name": "Ashtead", "ref:crs": "AHD", "ref": null, "id": 1850 }, "geometry": { "type": "Point", "coordinates": [ -0.3073912, 51.3179225 ] } },
{ "type": "Feature", "properties": { "name": "Vauxhall", "ref:crs": null, "ref": null, "id": 1851 }, "geometry": { "type": "Point", "coordinates": [ -0.1248604, 51.4860091 ] } },
{ "type": "Feature", "properties": { "name": "Manor Station", "ref:crs": null, "ref": null, "id": 1852 }, "geometry": { "type": "Point", "coordinates": [ -1.9402265, 53.4472118 ] } },
{ "type": "Feature", "properties": { "name": "Oxford Parkway", "ref:crs": "OXP", "ref": null, "id": 1853 }, "geometry": { "type": "Point", "coordinates": [ -1.275093, 51.80374710000001 ] } },
{ "type": "Feature", "properties": { "name": "Orpington", "ref:crs": "ORP", "ref": null, "id": 1854 }, "geometry": { "type": "Point", "coordinates": [ 0.0887195, 51.3736037 ] } },
{ "type": "Feature", "properties": { "name": "Herne Hill", "ref:crs": "HNH", "ref": null, "id": 1855 }, "geometry": { "type": "Point", "coordinates": [ -0.1022835, 51.4534691 ] } },
{ "type": "Feature", "properties": { "name": "Partick", "ref:crs": null, "ref": null, "id": 1856 }, "geometry": { "type": "Point", "coordinates": [ -4.3087568, 55.8697504 ] } },
{ "type": "Feature", "properties": { "name": "Cobham & Stoke d'Abernon", "ref:crs": "CSD", "ref": null, "id": 1857 }, "geometry": { "type": "Point", "coordinates": [ -0.3894128, 51.3179185 ] } },
{ "type": "Feature", "properties": { "name": "Dorking Deepdene", "ref:crs": "DPD", "ref": null, "id": 1858 }, "geometry": { "type": "Point", "coordinates": [ -0.3239805, 51.2388155 ] } },
{ "type": "Feature", "properties": { "name": "Redhill", "ref:crs": "RDH", "ref": null, "id": 1859 }, "geometry": { "type": "Point", "coordinates": [ -0.165577, 51.2400546 ] } },
{ "type": "Feature", "properties": { "name": "Epsom Downs", "ref:crs": "EPD", "ref": null, "id": 1860 }, "geometry": { "type": "Point", "coordinates": [ -0.2384351, 51.32425079999998 ] } },
{ "type": "Feature", "properties": { "name": "Oxford Road", "ref:crs": null, "ref": null, "id": 1861 }, "geometry": { "type": "Point", "coordinates": [ -1.2453816, 51.6175522 ] } },
{ "type": "Feature", "properties": { "name": "Byfleet and New Haw", "ref:crs": "BFN", "ref": null, "id": 1862 }, "geometry": { "type": "Point", "coordinates": [ -0.48122, 51.3496809 ] } },
{ "type": "Feature", "properties": { "name": "Bexley", "ref:crs": "BXY", "ref": null, "id": 1863 }, "geometry": { "type": "Point", "coordinates": [ 0.1479494, 51.4402375 ] } },
{ "type": "Feature", "properties": { "name": "Weybridge", "ref:crs": "WYB", "ref": null, "id": 1864 }, "geometry": { "type": "Point", "coordinates": [ -0.4580837, 51.3614381 ] } },
{ "type": "Feature", "properties": { "name": "Apperley Bridge", "ref:crs": "APY", "ref": null, "id": 1865 }, "geometry": { "type": "Point", "coordinates": [ -1.7070712, 53.842044199999989 ] } },
{ "type": "Feature", "properties": { "name": "Stopham Road", "ref:crs": null, "ref": null, "id": 1866 }, "geometry": { "type": "Point", "coordinates": [ -0.5303248, 50.954768799999989 ] } },
{ "type": "Feature", "properties": { "name": "Chelmsford", "ref:crs": "CHM", "ref": null, "id": 1867 }, "geometry": { "type": "Point", "coordinates": [ 0.4686521, 51.736512 ] } },
{ "type": "Feature", "properties": { "name": "Balham", "ref:crs": "BAL", "ref": null, "id": 1868 }, "geometry": { "type": "Point", "coordinates": [ -0.1514426, 51.4428285 ] } },
{ "type": "Feature", "properties": { "name": "Mortlake", "ref:crs": "MTL", "ref": null, "id": 1869 }, "geometry": { "type": "Point", "coordinates": [ -0.2673708, 51.4680644 ] } },
{ "type": "Feature", "properties": { "name": "Cheddington", "ref:crs": "CED", "ref": null, "id": 1870 }, "geometry": { "type": "Point", "coordinates": [ -0.6619813, 51.8582898 ] } },
{ "type": "Feature", "properties": { "name": "Berkhamsted", "ref:crs": "BKM", "ref": null, "id": 1871 }, "geometry": { "type": "Point", "coordinates": [ -0.5630828, 51.763646 ] } },
{ "type": "Feature", "properties": { "name": "Brookmans Park", "ref:crs": "BPK", "ref": null, "id": 1872 }, "geometry": { "type": "Point", "coordinates": [ -0.2048356, 51.7211572 ] } },
{ "type": "Feature", "properties": { "name": "Flitwick", "ref:crs": "FLT", "ref": null, "id": 1873 }, "geometry": { "type": "Point", "coordinates": [ -0.4949825, 52.0037912 ] } },
{ "type": "Feature", "properties": { "name": "Harlington", "ref:crs": "HLN", "ref": null, "id": 1874 }, "geometry": { "type": "Point", "coordinates": [ -0.4953396, 51.9614072 ] } },
{ "type": "Feature", "properties": { "name": "Hitchin", "ref:crs": "HIT", "ref": null, "id": 1875 }, "geometry": { "type": "Point", "coordinates": [ -0.263035, 51.9531709 ] } },
{ "type": "Feature", "properties": { "name": "South Ealing", "ref:crs": null, "ref": null, "id": 1876 }, "geometry": { "type": "Point", "coordinates": [ -0.3076815, 51.5008623 ] } },
{ "type": "Feature", "properties": { "name": "Knebworth", "ref:crs": "KBW", "ref": null, "id": 1877 }, "geometry": { "type": "Point", "coordinates": [ -0.187051, 51.8670421 ] } },
{ "type": "Feature", "properties": { "name": "East Kilbride", "ref:crs": "EKL", "ref": null, "id": 1878 }, "geometry": { "type": "Point", "coordinates": [ -4.1809174, 55.7659902 ] } },
{ "type": "Feature", "properties": { "name": "Hairmyres", "ref:crs": "HMY", "ref": null, "id": 1879 }, "geometry": { "type": "Point", "coordinates": [ -4.2206478, 55.7618887 ] } },
{ "type": "Feature", "properties": { "name": "Busby", "ref:crs": "BUS", "ref": null, "id": 1880 }, "geometry": { "type": "Point", "coordinates": [ -4.2622278, 55.7803927 ] } },
{ "type": "Feature", "properties": { "name": "Torpantau", "ref:crs": null, "ref": null, "id": 1881 }, "geometry": { "type": "Point", "coordinates": [ -3.3807981, 51.8403136 ] } },
{ "type": "Feature", "properties": { "name": "Tilbury Town", "ref:crs": "TIL", "ref": null, "id": 1882 }, "geometry": { "type": "Point", "coordinates": [ 0.3538289, 51.4624598 ] } },
{ "type": "Feature", "properties": { "name": "Truro", "ref:crs": "TRU", "ref": null, "id": 1883 }, "geometry": { "type": "Point", "coordinates": [ -5.0642026, 50.2639862 ] } },
{ "type": "Feature", "properties": { "name": "Plymouth", "ref:crs": "PLY", "ref": null, "id": 1884 }, "geometry": { "type": "Point", "coordinates": [ -4.1433925, 50.3780967 ] } },
{ "type": "Feature", "properties": { "name": "Hammersmith", "ref:crs": null, "ref": null, "id": 1885 }, "geometry": { "type": "Point", "coordinates": [ -1.4090029, 53.0629839 ] } },
{ "type": "Feature", "properties": { "name": "Dore and Totley", "ref:crs": "DOR", "ref": null, "id": 1886 }, "geometry": { "type": "Point", "coordinates": [ -1.5153161, 53.3275706 ] } },
{ "type": "Feature", "properties": { "name": "Brough", "ref:crs": "BUH", "ref": null, "id": 1887 }, "geometry": { "type": "Point", "coordinates": [ -0.5781491, 53.7269328 ] } },
{ "type": "Feature", "properties": { "name": "Halifax", "ref:crs": "HFX", "ref": null, "id": 1888 }, "geometry": { "type": "Point", "coordinates": [ -1.8536277, 53.7208399 ] } },
{ "type": "Feature", "properties": { "name": "Stirling", "ref:crs": "STG", "ref": null, "id": 1889 }, "geometry": { "type": "Point", "coordinates": [ -3.9342962, 56.1196512 ] } },
{ "type": "Feature", "properties": { "name": "Dalmuir", "ref:crs": "DMR", "ref": null, "id": 1890 }, "geometry": { "type": "Point", "coordinates": [ -4.4268526, 55.9120066 ] } },
{ "type": "Feature", "properties": { "name": "London Bridge", "ref:crs": "LBG", "ref": null, "id": 1891 }, "geometry": { "type": "Point", "coordinates": [ -0.0851473, 51.5048764 ] } },
{ "type": "Feature", "properties": { "name": "Leicester", "ref:crs": "LEI", "ref": null, "id": 1892 }, "geometry": { "type": "Point", "coordinates": [ -1.1236065, 52.6321088 ] } },
{ "type": "Feature", "properties": { "name": "Bedford", "ref:crs": "BDM", "ref": null, "id": 1893 }, "geometry": { "type": "Point", "coordinates": [ -0.4797291, 52.136182599999984 ] } },
{ "type": "Feature", "properties": { "name": "Beeston", "ref:crs": "BEE", "ref": null, "id": 1894 }, "geometry": { "type": "Point", "coordinates": [ -1.2075065, 52.9207938 ] } },
{ "type": "Feature", "properties": { "name": "Kilpatrick", "ref:crs": "KPT", "ref": null, "id": 1895 }, "geometry": { "type": "Point", "coordinates": [ -4.452836, 55.9241104 ] } },
{ "type": "Feature", "properties": { "name": "Westerton", "ref:crs": "WES", "ref": null, "id": 1896 }, "geometry": { "type": "Point", "coordinates": [ -4.3351335, 55.9048265 ] } },
{ "type": "Feature", "properties": { "name": "Drumchapel", "ref:crs": "DMC", "ref": null, "id": 1897 }, "geometry": { "type": "Point", "coordinates": [ -4.363032, 55.9047342 ] } },
{ "type": "Feature", "properties": { "name": "Dumbarton Central", "ref:crs": "DBC", "ref": null, "id": 1898 }, "geometry": { "type": "Point", "coordinates": [ -4.5676104, 55.946524699999983 ] } },
{ "type": "Feature", "properties": { "name": "Dalreoch", "ref:crs": "DLR", "ref": null, "id": 1899 }, "geometry": { "type": "Point", "coordinates": [ -4.577251, 55.9472801 ] } },
{ "type": "Feature", "properties": { "name": "Airdrie", "ref:crs": "ADR", "ref": null, "id": 1900 }, "geometry": { "type": "Point", "coordinates": [ -3.9822547, 55.8640839 ] } },
{ "type": "Feature", "properties": { "name": "Hyndland", "ref:crs": "HYN", "ref": null, "id": 1901 }, "geometry": { "type": "Point", "coordinates": [ -4.3144853, 55.8796122 ] } },
{ "type": "Feature", "properties": { "name": "Jordanhill", "ref:crs": "JOR", "ref": null, "id": 1902 }, "geometry": { "type": "Point", "coordinates": [ -4.3249413, 55.8826725 ] } },
{ "type": "Feature", "properties": { "name": "Anniesland", "ref:crs": "ANL", "ref": null, "id": 1903 }, "geometry": { "type": "Point", "coordinates": [ -4.3215698, 55.8899452 ] } },
{ "type": "Feature", "properties": { "name": "Garscadden", "ref:crs": "GRS", "ref": null, "id": 1904 }, "geometry": { "type": "Point", "coordinates": [ -4.3644049, 55.887515200000017 ] } },
{ "type": "Feature", "properties": { "name": "Yoker", "ref:crs": "YOK", "ref": null, "id": 1905 }, "geometry": { "type": "Point", "coordinates": [ -4.3863668, 55.8925796 ] } },
{ "type": "Feature", "properties": { "name": "Clydebank", "ref:crs": "CYK", "ref": null, "id": 1906 }, "geometry": { "type": "Point", "coordinates": [ -4.4041552, 55.9005667 ] } },
{ "type": "Feature", "properties": { "name": "Scotstounhill", "ref:crs": "SCH", "ref": null, "id": 1907 }, "geometry": { "type": "Point", "coordinates": [ -4.3529637, 55.8850022 ] } },
{ "type": "Feature", "properties": { "name": "Springburn", "ref:crs": "SPR", "ref": null, "id": 1908 }, "geometry": { "type": "Point", "coordinates": [ -4.2301653, 55.8818527 ] } },
{ "type": "Feature", "properties": { "name": "Greenfaulds", "ref:crs": "GRL", "ref": null, "id": 1909 }, "geometry": { "type": "Point", "coordinates": [ -3.9935101, 55.934965 ] } },
{ "type": "Feature", "properties": { "name": "Lawley Village", "ref:crs": null, "ref": null, "id": 1910 }, "geometry": { "type": "Point", "coordinates": [ -2.4799836, 52.6714844 ] } },
{ "type": "Feature", "properties": { "name": "Helensburgh Upper", "ref:crs": "HLU", "ref": null, "id": 1911 }, "geometry": { "type": "Point", "coordinates": [ -4.7307717, 56.0124414 ] } },
{ "type": "Feature", "properties": { "name": "Cookham", "ref:crs": "COO", "ref": null, "id": 1912 }, "geometry": { "type": "Point", "coordinates": [ -0.7222499, 51.5573685 ] } },
{ "type": "Feature", "properties": { "name": "Tulloch", "ref:crs": "TUL", "ref": null, "id": 1913 }, "geometry": { "type": "Point", "coordinates": [ -4.701135, 56.8840987 ] } },
{ "type": "Feature", "properties": { "name": "Kingsknowe", "ref:crs": "KGE", "ref": null, "id": 1914 }, "geometry": { "type": "Point", "coordinates": [ -3.2648569, 55.9189091 ] } },
{ "type": "Feature", "properties": { "name": "Slateford", "ref:crs": "SLA", "ref": null, "id": 1915 }, "geometry": { "type": "Point", "coordinates": [ -3.243746, 55.9266156 ] } },
{ "type": "Feature", "properties": { "name": "Wester Hailes", "ref:crs": "WTA", "ref": null, "id": 1916 }, "geometry": { "type": "Point", "coordinates": [ -3.2838201, 55.9143713 ] } },
{ "type": "Feature", "properties": { "name": "West Sutton", "ref:crs": "WSU", "ref": null, "id": 1917 }, "geometry": { "type": "Point", "coordinates": [ -0.2044835, 51.3662613 ] } },
{ "type": "Feature", "properties": { "name": "Bat & Ball", "ref:crs": "BBL", "ref": null, "id": 1918 }, "geometry": { "type": "Point", "coordinates": [ 0.1941812, 51.2901134 ] } },
{ "type": "Feature", "properties": { "name": "Eynsford", "ref:crs": "EYN", "ref": null, "id": 1919 }, "geometry": { "type": "Point", "coordinates": [ 0.2042149, 51.3623288 ] } },
{ "type": "Feature", "properties": { "name": "Ashley", "ref:crs": "ASY", "ref": null, "id": 1920 }, "geometry": { "type": "Point", "coordinates": [ -2.341439, 53.3557218 ] } },
{ "type": "Feature", "properties": { "name": "High Brooms", "ref:crs": "HIB", "ref": null, "id": 1921 }, "geometry": { "type": "Point", "coordinates": [ 0.2779622, 51.1497792 ] } },
{ "type": "Feature", "properties": { "name": "Tring", "ref:crs": "TRI", "ref": null, "id": 1922 }, "geometry": { "type": "Point", "coordinates": [ -0.6224578, 51.800672 ] } },
{ "type": "Feature", "properties": { "name": "Chinley", "ref:crs": "CLY", "ref": null, "id": 1923 }, "geometry": { "type": "Point", "coordinates": [ -1.9445158, 53.3401158 ] } },
{ "type": "Feature", "properties": { "name": "Woolwich", "ref:crs": "WWC", "ref": null, "id": 1924 }, "geometry": { "type": "Point", "coordinates": [ 0.0705576, 51.4918947 ] } },
{ "type": "Feature", "properties": { "name": "Upton Park", "ref:crs": null, "ref": null, "id": 1925 }, "geometry": { "type": "Point", "coordinates": [ 0.0339842, 51.5351062 ] } },
{ "type": "Feature", "properties": { "name": "Bangor", "ref:crs": "BNG", "ref": null, "id": 1926 }, "geometry": { "type": "Point", "coordinates": [ -4.135518, 53.2226448 ] } },
{ "type": "Feature", "properties": { "name": "Tackley", "ref:crs": "TAC", "ref": null, "id": 1927 }, "geometry": { "type": "Point", "coordinates": [ -1.297508, 51.8814551 ] } },
{ "type": "Feature", "properties": { "name": "Chillingham Road", "ref:crs": null, "ref": null, "id": 1928 }, "geometry": { "type": "Point", "coordinates": [ -1.5720557, 54.9829136 ] } },
{ "type": "Feature", "properties": { "name": "Felling", "ref:crs": null, "ref": null, "id": 1929 }, "geometry": { "type": "Point", "coordinates": [ -1.571771, 54.9531464 ] } },
{ "type": "Feature", "properties": { "name": "Gateshead Stadium", "ref:crs": null, "ref": null, "id": 1930 }, "geometry": { "type": "Point", "coordinates": [ -1.5881587, 54.9576691 ] } },
{ "type": "Feature", "properties": { "name": "Haymarket", "ref:crs": null, "ref": null, "id": 1931 }, "geometry": { "type": "Point", "coordinates": [ -1.6139281, 54.9775027 ] } },
{ "type": "Feature", "properties": { "name": "Heworth", "ref:crs": null, "ref": "HEW", "id": 1932 }, "geometry": { "type": "Point", "coordinates": [ -1.5562892, 54.9515142 ] } },
{ "type": "Feature", "properties": { "name": "Heworth", "ref:crs": "HEW", "ref": null, "id": 1933 }, "geometry": { "type": "Point", "coordinates": [ -1.5575801, 54.9515942 ] } },
{ "type": "Feature", "properties": { "name": "Ilford Road", "ref:crs": null, "ref": null, "id": 1934 }, "geometry": { "type": "Point", "coordinates": [ -1.6108627, 55.0000112 ] } },
{ "type": "Feature", "properties": { "name": "Jesmond", "ref:crs": null, "ref": null, "id": 1935 }, "geometry": { "type": "Point", "coordinates": [ -1.6055777, 54.983064400000011 ] } },
{ "type": "Feature", "properties": { "name": "Millfield", "ref:crs": null, "ref": null, "id": 1936 }, "geometry": { "type": "Point", "coordinates": [ -1.4010132, 54.9064665 ] } },
{ "type": "Feature", "properties": { "name": "Central Station", "ref:crs": null, "ref": "CEN", "id": 1937 }, "geometry": { "type": "Point", "coordinates": [ -1.6167186, 54.9693665 ] } },
{ "type": "Feature", "properties": { "name": "Pallion", "ref:crs": null, "ref": null, "id": 1938 }, "geometry": { "type": "Point", "coordinates": [ -1.4178547, 54.9127413 ] } },
{ "type": "Feature", "properties": { "name": "Regent Centre", "ref:crs": null, "ref": null, "id": 1939 }, "geometry": { "type": "Point", "coordinates": [ -1.6216284, 55.0119539 ] } },
{ "type": "Feature", "properties": { "name": "South Gosforth", "ref:crs": null, "ref": "SGF", "id": 1940 }, "geometry": { "type": "Point", "coordinates": [ -1.6083021, 55.0057849 ] } },
{ "type": "Feature", "properties": { "name": "South Hylton", "ref:crs": null, "ref": "SHL", "id": 1941 }, "geometry": { "type": "Point", "coordinates": [ -1.4476867, 54.9042829 ] } },
{ "type": "Feature", "properties": { "name": "St Peter's", "ref:crs": null, "ref": null, "id": 1942 }, "geometry": { "type": "Point", "coordinates": [ -1.3837588, 54.9110683 ] } },
{ "type": "Feature", "properties": { "name": "Stadium of Light", "ref:crs": null, "ref": null, "id": 1943 }, "geometry": { "type": "Point", "coordinates": [ -1.3829516, 54.9181372 ] } },
{ "type": "Feature", "properties": { "name": "Sunderland", "ref:crs": "SUN", "ref": null, "id": 1944 }, "geometry": { "type": "Point", "coordinates": [ -1.3824404, 54.9061115 ] } },
{ "type": "Feature", "properties": { "name": "West Jesmond", "ref:crs": null, "ref": null, "id": 1945 }, "geometry": { "type": "Point", "coordinates": [ -1.6098034, 54.993435 ] } },
{ "type": "Feature", "properties": { "name": "Clapham Common", "ref:crs": null, "ref": null, "id": 1946 }, "geometry": { "type": "Point", "coordinates": [ -0.1373589, 51.4620748 ] } },
{ "type": "Feature", "properties": { "name": "White City", "ref:crs": null, "ref": null, "id": 1947 }, "geometry": { "type": "Point", "coordinates": [ -0.2242361, 51.5119347 ] } },
{ "type": "Feature", "properties": { "name": "Pelaw", "ref:crs": null, "ref": null, "id": 1948 }, "geometry": { "type": "Point", "coordinates": [ -1.542051, 54.952663800000018 ] } },
{ "type": "Feature", "properties": { "name": "Gateshead", "ref:crs": null, "ref": null, "id": 1949 }, "geometry": { "type": "Point", "coordinates": [ -1.6044065, 54.9617219 ] } },
{ "type": "Feature", "properties": { "name": "Bank Foot", "ref:crs": null, "ref": null, "id": 1950 }, "geometry": { "type": "Point", "coordinates": [ -1.6780732, 55.0139176 ] } },
{ "type": "Feature", "properties": { "name": "Callerton Parkway", "ref:crs": null, "ref": null, "id": 1951 }, "geometry": { "type": "Point", "coordinates": [ -1.7034114, 55.0277062 ] } },
{ "type": "Feature", "properties": { "name": "Airport", "ref:crs": null, "ref": null, "id": 1952 }, "geometry": { "type": "Point", "coordinates": [ -1.7110967, 55.0356373 ] } },
{ "type": "Feature", "properties": { "name": "Benton", "ref:crs": null, "ref": null, "id": 1953 }, "geometry": { "type": "Point", "coordinates": [ -1.5676297, 55.0139029 ] } },
{ "type": "Feature", "properties": { "name": "East Boldon", "ref:crs": null, "ref": null, "id": 1954 }, "geometry": { "type": "Point", "coordinates": [ -1.4201545, 54.946345 ] } },
{ "type": "Feature", "properties": { "name": "Four Lane Ends", "ref:crs": null, "ref": null, "id": 1955 }, "geometry": { "type": "Point", "coordinates": [ -1.5785049, 55.010164 ] } },
{ "type": "Feature", "properties": { "name": "Bede", "ref:crs": null, "ref": null, "id": 1956 }, "geometry": { "type": "Point", "coordinates": [ -1.4656764, 54.9742849 ] } },
{ "type": "Feature", "properties": { "name": "Jarrow", "ref:crs": null, "ref": null, "id": 1957 }, "geometry": { "type": "Point", "coordinates": [ -1.493592, 54.9795929 ] } },
{ "type": "Feature", "properties": { "name": "Hebburn", "ref:crs": null, "ref": null, "id": 1958 }, "geometry": { "type": "Point", "coordinates": [ -1.5212236, 54.9752922 ] } },
{ "type": "Feature", "properties": { "name": "Brockley Whins", "ref:crs": null, "ref": "BNR", "id": 1959 }, "geometry": { "type": "Point", "coordinates": [ -1.460684, 54.9595193 ] } },
{ "type": "Feature", "properties": { "name": "Seaburn", "ref:crs": null, "ref": null, "id": 1960 }, "geometry": { "type": "Point", "coordinates": [ -1.3865039, 54.9295618 ] } },
{ "type": "Feature", "properties": { "name": "University", "ref:crs": null, "ref": null, "id": 1961 }, "geometry": { "type": "Point", "coordinates": [ -1.392096, 54.9027916 ] } },
{ "type": "Feature", "properties": { "name": "St James", "ref:crs": null, "ref": null, "id": 1962 }, "geometry": { "type": "Point", "coordinates": [ -1.6210905, 54.974347 ] } },
{ "type": "Feature", "properties": { "name": "Manors", "ref:crs": "MAS", "ref": null, "id": 1963 }, "geometry": { "type": "Point", "coordinates": [ -1.6056318, 54.972671 ] } },
{ "type": "Feature", "properties": { "name": "Walkergate", "ref:crs": null, "ref": null, "id": 1964 }, "geometry": { "type": "Point", "coordinates": [ -1.5594732, 54.9853512 ] } },
{ "type": "Feature", "properties": { "name": "Byker", "ref:crs": null, "ref": null, "id": 1965 }, "geometry": { "type": "Point", "coordinates": [ -1.580344, 54.9760388 ] } },
{ "type": "Feature", "properties": { "name": "Wallsend", "ref:crs": null, "ref": null, "id": 1966 }, "geometry": { "type": "Point", "coordinates": [ -1.5327361, 54.989598399999984 ] } },
{ "type": "Feature", "properties": { "name": "Hadrian Road", "ref:crs": null, "ref": null, "id": 1967 }, "geometry": { "type": "Point", "coordinates": [ -1.5159676, 54.9922694 ] } },
{ "type": "Feature", "properties": { "name": "Howdon", "ref:crs": null, "ref": null, "id": 1968 }, "geometry": { "type": "Point", "coordinates": [ -1.4941598, 54.995906599999969 ] } },
{ "type": "Feature", "properties": { "name": "Percy Main", "ref:crs": null, "ref": null, "id": 1969 }, "geometry": { "type": "Point", "coordinates": [ -1.4746255, 54.9995678 ] } },
{ "type": "Feature", "properties": { "name": "Meadow Well", "ref:crs": null, "ref": null, "id": 1970 }, "geometry": { "type": "Point", "coordinates": [ -1.4656759, 55.001562 ] } },
{ "type": "Feature", "properties": { "name": "Shiremoor", "ref:crs": null, "ref": null, "id": 1971 }, "geometry": { "type": "Point", "coordinates": [ -1.5054224, 55.036958799999979 ] } },
{ "type": "Feature", "properties": { "name": "Northumberland Park", "ref:crs": null, "ref": null, "id": 1972 }, "geometry": { "type": "Point", "coordinates": [ -1.5195618, 55.0332093 ] } },
{ "type": "Feature", "properties": { "name": "Longbenton", "ref:crs": null, "ref": null, "id": 1973 }, "geometry": { "type": "Point", "coordinates": [ -1.5916006, 55.0089239 ] } },
{ "type": "Feature", "properties": { "name": "Palmersville", "ref:crs": null, "ref": null, "id": 1974 }, "geometry": { "type": "Point", "coordinates": [ -1.5411852, 55.023693699999988 ] } },
{ "type": "Feature", "properties": { "name": "Kingston Park", "ref:crs": null, "ref": null, "id": 1975 }, "geometry": { "type": "Point", "coordinates": [ -1.6658823, 55.0144242 ] } },
{ "type": "Feature", "properties": { "name": "Allens West", "ref:crs": "ALW", "ref": null, "id": 1976 }, "geometry": { "type": "Point", "coordinates": [ -1.3616516, 54.524557 ] } },
{ "type": "Feature", "properties": { "name": "Tilehurst", "ref:crs": "TLH", "ref": null, "id": 1977 }, "geometry": { "type": "Point", "coordinates": [ -1.0296647, 51.4716513 ] } },
{ "type": "Feature", "properties": { "name": "Lewisham DLR", "ref:crs": null, "ref": null, "id": 1978 }, "geometry": { "type": "Point", "coordinates": [ -0.0130109, 51.4649887 ] } },
{ "type": "Feature", "properties": { "name": "Norton Fitzwarren", "ref:crs": null, "ref": null, "id": 1979 }, "geometry": { "type": "Point", "coordinates": [ -3.1570253, 51.0246094 ] } },
{ "type": "Feature", "properties": { "name": "Paddington (Circle and Hammersmith & City lines)", "ref:crs": null, "ref": null, "id": 1980 }, "geometry": { "type": "Point", "coordinates": [ -0.1787546, 51.5185075 ] } },
{ "type": "Feature", "properties": { "name": "Beech Hurst Miniature Railway Station", "ref:crs": null, "ref": null, "id": 1981 }, "geometry": { "type": "Point", "coordinates": [ -0.11547, 50.9981184 ] } },
{ "type": "Feature", "properties": { "name": "Seaford", "ref:crs": "SEF", "ref": null, "id": 1982 }, "geometry": { "type": "Point", "coordinates": [ 0.1000064, 50.7729203 ] } },
{ "type": "Feature", "properties": { "name": "Low Moor", "ref:crs": "LMR", "ref": null, "id": 1983 }, "geometry": { "type": "Point", "coordinates": [ -1.7523839, 53.750136699999985 ] } },
{ "type": "Feature", "properties": { "name": "Hunts Cross", "ref:crs": "HNX", "ref": null, "id": 1984 }, "geometry": { "type": "Point", "coordinates": [ -2.8554087, 53.3607333 ] } },
{ "type": "Feature", "properties": { "name": "Farncombe", "ref:crs": "FNC", "ref": null, "id": 1985 }, "geometry": { "type": "Point", "coordinates": [ -0.6043738, 51.1971446 ] } },
{ "type": "Feature", "properties": { "name": "Godalming", "ref:crs": "GOD", "ref": null, "id": 1986 }, "geometry": { "type": "Point", "coordinates": [ -0.6189563, 51.1865224 ] } },
{ "type": "Feature", "properties": { "name": "Feltham", "ref:crs": "FEL", "ref": null, "id": 1987 }, "geometry": { "type": "Point", "coordinates": [ -0.4102826, 51.4478377 ] } },
{ "type": "Feature", "properties": { "name": "St Margarets", "ref:crs": "SMG", "ref": null, "id": 1988 }, "geometry": { "type": "Point", "coordinates": [ -0.3202187, 51.4551535 ] } },
{ "type": "Feature", "properties": { "name": "Blundellsands & Crosby", "ref:crs": "BLN", "ref": null, "id": 1989 }, "geometry": { "type": "Point", "coordinates": [ -3.0404348, 53.4877265 ] } },
{ "type": "Feature", "properties": { "name": "Frodingham", "ref:crs": null, "ref": null, "id": 1990 }, "geometry": { "type": "Point", "coordinates": [ -0.6309736, 53.58642780000001 ] } },
{ "type": "Feature", "properties": { "name": "Newbury", "ref:crs": "NBY", "ref": null, "id": 1991 }, "geometry": { "type": "Point", "coordinates": [ -1.322751, 51.3975325 ] } },
{ "type": "Feature", "properties": { "name": "Oxshott", "ref:crs": "OXS", "ref": null, "id": 1992 }, "geometry": { "type": "Point", "coordinates": [ -0.3625418, 51.3361004 ] } },
{ "type": "Feature", "properties": { "name": "Claygate", "ref:crs": "CLG", "ref": null, "id": 1993 }, "geometry": { "type": "Point", "coordinates": [ -0.3484109, 51.3610578 ] } },
{ "type": "Feature", "properties": { "name": "Chesham", "ref:crs": null, "ref": "ZCM", "id": 1994 }, "geometry": { "type": "Point", "coordinates": [ -0.611116, 51.7052231 ] } },
{ "type": "Feature", "properties": { "name": "Wadhurst", "ref:crs": "WAD", "ref": null, "id": 1995 }, "geometry": { "type": "Point", "coordinates": [ 0.3130406, 51.0733883 ] } },
{ "type": "Feature", "properties": { "name": "Frant", "ref:crs": "FRT", "ref": null, "id": 1996 }, "geometry": { "type": "Point", "coordinates": [ 0.2943374, 51.1040897 ] } },
{ "type": "Feature", "properties": { "name": "South Woodford", "ref:crs": null, "ref": null, "id": 1997 }, "geometry": { "type": "Point", "coordinates": [ 0.0274276, 51.591779799999969 ] } },
{ "type": "Feature", "properties": { "name": "West Ruislip", "ref:crs": "WRU", "ref": null, "id": 1998 }, "geometry": { "type": "Point", "coordinates": [ -0.4370447, 51.56950470000001 ] } },
{ "type": "Feature", "properties": { "name": "Box Hill & Westhumble", "ref:crs": "BXW", "ref": null, "id": 1999 }, "geometry": { "type": "Point", "coordinates": [ -0.3286723, 51.253987100000018 ] } },
{ "type": "Feature", "properties": { "name": "Hampton Court", "ref:crs": "HMC", "ref": null, "id": 2000 }, "geometry": { "type": "Point", "coordinates": [ -0.3425203, 51.4020159 ] } },
{ "type": "Feature", "properties": { "name": "Hayles Abbey Halt", "ref:crs": null, "ref": null, "id": 2001 }, "geometry": { "type": "Point", "coordinates": [ -1.9330953, 51.9753255 ] } },
{ "type": "Feature", "properties": { "name": "Bognor Regis", "ref:crs": "BOG", "ref": null, "id": 2002 }, "geometry": { "type": "Point", "coordinates": [ -0.6757482, 50.7876895 ] } },
{ "type": "Feature", "properties": { "name": "Royden Park Minature Railway", "ref:crs": null, "ref": null, "id": 2003 }, "geometry": { "type": "Point", "coordinates": [ -3.1330833, 53.3630039 ] } },
{ "type": "Feature", "properties": { "name": "Tadworth", "ref:crs": "TAD", "ref": null, "id": 2004 }, "geometry": { "type": "Point", "coordinates": [ -0.2358629, 51.2914245 ] } },
{ "type": "Feature", "properties": { "name": "Polegate Oaks", "ref:crs": null, "ref": null, "id": 2005 }, "geometry": { "type": "Point", "coordinates": [ 0.2520124, 50.8184187 ] } },
{ "type": "Feature", "properties": { "name": "Rannoch", "ref:crs": "RAN", "ref": null, "id": 2006 }, "geometry": { "type": "Point", "coordinates": [ -4.5769511, 56.6861502 ] } },
{ "type": "Feature", "properties": { "name": "Lincoln", "ref:crs": "LCN", "ref": null, "id": 2007 }, "geometry": { "type": "Point", "coordinates": [ -0.5398447, 53.2261066 ] } },
{ "type": "Feature", "properties": { "name": "Todmorden", "ref:crs": "TOD", "ref": null, "id": 2008 }, "geometry": { "type": "Point", "coordinates": [ -2.0997573, 53.713858 ] } },
{ "type": "Feature", "properties": { "name": "Blackburn", "ref:crs": "BBN", "ref": null, "id": 2009 }, "geometry": { "type": "Point", "coordinates": [ -2.4788573, 53.7465347 ] } },
{ "type": "Feature", "properties": { "name": "Rose Grove", "ref:crs": "RSG", "ref": null, "id": 2010 }, "geometry": { "type": "Point", "coordinates": [ -2.2823158, 53.7862655 ] } },
{ "type": "Feature", "properties": { "name": "Lostock Hall", "ref:crs": "LOH", "ref": null, "id": 2011 }, "geometry": { "type": "Point", "coordinates": [ -2.6870008, 53.7243497 ] } },
{ "type": "Feature", "properties": { "name": "Cherry Tree", "ref:crs": "CYT", "ref": null, "id": 2012 }, "geometry": { "type": "Point", "coordinates": [ -2.5186399, 53.7331819 ] } },
{ "type": "Feature", "properties": { "name": "Mill Hill", "ref:crs": "MLH", "ref": null, "id": 2013 }, "geometry": { "type": "Point", "coordinates": [ -2.5019404, 53.735339 ] } },
{ "type": "Feature", "properties": { "name": "Castleton", "ref:crs": "CAS", "ref": null, "id": 2014 }, "geometry": { "type": "Point", "coordinates": [ -2.1777231, 53.5927444 ] } },
{ "type": "Feature", "properties": { "name": "Aldgate East", "ref:crs": null, "ref": "ZAE", "id": 2015 }, "geometry": { "type": "Point", "coordinates": [ -0.070839, 51.5156185 ] } },
{ "type": "Feature", "properties": { "name": "Littlehampton", "ref:crs": "LIT", "ref": null, "id": 2016 }, "geometry": { "type": "Point", "coordinates": [ -0.5462574, 50.8101746 ] } },
{ "type": "Feature", "properties": { "name": "Dovebrook", "ref:crs": null, "ref": null, "id": 2017 }, "geometry": { "type": "Point", "coordinates": [ 1.1228264, 52.2502347 ] } },
{ "type": "Feature", "properties": { "name": "Wildmill", "ref:crs": "WMI", "ref": null, "id": 2018 }, "geometry": { "type": "Point", "coordinates": [ -3.5802725, 51.519805099999985 ] } },
{ "type": "Feature", "properties": { "name": null, "ref:crs": null, "ref": null, "id": 2019 }, "geometry": { "type": "Point", "coordinates": [ -1.0980757, 53.9597833 ] } },
{ "type": "Feature", "properties": { "name": "Blaydon", "ref:crs": "BLO", "ref": null, "id": 2020 }, "geometry": { "type": "Point", "coordinates": [ -1.7128813, 54.9659633 ] } },
{ "type": "Feature", "properties": { "name": "Chester", "ref:crs": "CTR", "ref": null, "id": 2021 }, "geometry": { "type": "Point", "coordinates": [ -2.8795296, 53.1967494 ] } },
{ "type": "Feature", "properties": { "name": "Buxton", "ref:crs": "BUX", "ref": null, "id": 2022 }, "geometry": { "type": "Point", "coordinates": [ -1.9131016, 53.2607853 ] } },
{ "type": "Feature", "properties": { "name": "Skipton", "ref:crs": "SKI", "ref": null, "id": 2023 }, "geometry": { "type": "Point", "coordinates": [ -2.0260314, 53.9584308 ] } },
{ "type": "Feature", "properties": { "name": "Kirkstall Forge", "ref:crs": "KLF", "ref": null, "id": 2024 }, "geometry": { "type": "Point", "coordinates": [ -1.627075, 53.8253007 ] } },
{ "type": "Feature", "properties": { "name": "Ilkley", "ref:crs": "ILK", "ref": null, "id": 2025 }, "geometry": { "type": "Point", "coordinates": [ -1.8212877, 53.9247929 ] } },
{ "type": "Feature", "properties": { "name": "Bradford Forster Square", "ref:crs": "BDQ", "ref": null, "id": 2026 }, "geometry": { "type": "Point", "coordinates": [ -1.7532149, 53.7974731 ] } },
{ "type": "Feature", "properties": { "name": "Colne", "ref:crs": "CNE", "ref": null, "id": 2027 }, "geometry": { "type": "Point", "coordinates": [ -2.181886, 53.8549144 ] } },
{ "type": "Feature", "properties": { "name": "Clitheroe", "ref:crs": "CLH", "ref": null, "id": 2028 }, "geometry": { "type": "Point", "coordinates": [ -2.3944323, 53.8735624 ] } },
{ "type": "Feature", "properties": { "name": "Whalley", "ref:crs": "WHE", "ref": null, "id": 2029 }, "geometry": { "type": "Point", "coordinates": [ -2.4118943, 53.82448740000001 ] } },
{ "type": "Feature", "properties": { "name": "Manchester Piccadilly", "ref:crs": "MAN", "ref": null, "id": 2030 }, "geometry": { "type": "Point", "coordinates": [ -2.2301402, 53.477219699999985 ] } },
{ "type": "Feature", "properties": { "name": "Manchester Oxford Road", "ref:crs": "MCO", "ref": null, "id": 2031 }, "geometry": { "type": "Point", "coordinates": [ -2.2422762, 53.4737777 ] } },
{ "type": "Feature", "properties": { "name": "Deansgate", "ref:crs": "DGT", "ref": null, "id": 2032 }, "geometry": { "type": "Point", "coordinates": [ -2.251063, 53.4740961 ] } },
{ "type": "Feature", "properties": { "name": "Salford Central", "ref:crs": "SFD", "ref": null, "id": 2033 }, "geometry": { "type": "Point", "coordinates": [ -2.2555159, 53.4828774 ] } },
{ "type": "Feature", "properties": { "name": "Manchester Victoria", "ref:crs": "MCV", "ref": null, "id": 2034 }, "geometry": { "type": "Point", "coordinates": [ -2.2424846, 53.4879748 ] } },
{ "type": "Feature", "properties": { "name": "Barrow-in-Furness", "ref:crs": "BIF", "ref": null, "id": 2035 }, "geometry": { "type": "Point", "coordinates": [ -3.2260261, 54.1191205 ] } },
{ "type": "Feature", "properties": { "name": "Chorley", "ref:crs": "CRL", "ref": null, "id": 2036 }, "geometry": { "type": "Point", "coordinates": [ -2.626934, 53.6529842 ] } },
{ "type": "Feature", "properties": { "name": "Ravenglass", "ref:crs": "RAV", "ref": null, "id": 2037 }, "geometry": { "type": "Point", "coordinates": [ -3.4088794, 54.3556605 ] } },
{ "type": "Feature", "properties": { "name": "Whitehaven", "ref:crs": "WTH", "ref": null, "id": 2038 }, "geometry": { "type": "Point", "coordinates": [ -3.5871793, 54.5532204 ] } },
{ "type": "Feature", "properties": { "name": "Shrewsbury", "ref:crs": "SHR", "ref": null, "id": 2039 }, "geometry": { "type": "Point", "coordinates": [ -2.7494043, 52.7118509 ] } },
{ "type": "Feature", "properties": { "name": "Nunthorpe", "ref:crs": "NNT", "ref": null, "id": 2040 }, "geometry": { "type": "Point", "coordinates": [ -1.1697897, 54.5280386 ] } },
{ "type": "Feature", "properties": { "name": "Tywyn", "ref:crs": "TYW", "ref": null, "id": 2041 }, "geometry": { "type": "Point", "coordinates": [ -4.0933648, 52.5853794 ] } },
{ "type": "Feature", "properties": { "name": "Pwllheli", "ref:crs": "PWL", "ref": null, "id": 2042 }, "geometry": { "type": "Point", "coordinates": [ -4.4161558, 52.8881946 ] } },
{ "type": "Feature", "properties": { "name": "Barmouth", "ref:crs": "BRM", "ref": null, "id": 2043 }, "geometry": { "type": "Point", "coordinates": [ -4.0567929, 52.7224212 ] } },
{ "type": "Feature", "properties": { "name": "Muggles Meet", "ref:crs": null, "ref": null, "id": 2044 }, "geometry": { "type": "Point", "coordinates": [ -3.6483346, 56.4349395 ] } },
{ "type": "Feature", "properties": { "name": "Geoff's Halt", "ref:crs": null, "ref": null, "id": 2045 }, "geometry": { "type": "Point", "coordinates": [ -3.6490029, 56.4353156 ] } },
{ "type": "Feature", "properties": { "name": "Parsons Green", "ref:crs": null, "ref": null, "id": 2046 }, "geometry": { "type": "Point", "coordinates": [ -0.201549, 51.475083699999971 ] } },
{ "type": "Feature", "properties": { "name": "London Fenchurch Street", "ref:crs": "FST", "ref": null, "id": 2047 }, "geometry": { "type": "Point", "coordinates": [ -0.0774191, 51.5113281 ] } },
{ "type": "Feature", "properties": { "name": "Amnerfield Miniature Railway", "ref:crs": null, "ref": null, "id": 2048 }, "geometry": { "type": "Point", "coordinates": [ -1.0218192, 51.419190499999985 ] } },
{ "type": "Feature", "properties": { "name": "Fulham Broadway", "ref:crs": null, "ref": null, "id": 2049 }, "geometry": { "type": "Point", "coordinates": [ -0.1943493, 51.4808834 ] } },
{ "type": "Feature", "properties": { "name": "Clarkston", "ref:crs": "CKS", "ref": null, "id": 2050 }, "geometry": { "type": "Point", "coordinates": [ -4.2755195, 55.7894168 ] } },
{ "type": "Feature", "properties": { "name": "Hayle", "ref:crs": "HYL", "ref": null, "id": 2051 }, "geometry": { "type": "Point", "coordinates": [ -5.4199282, 50.1855434 ] } },
{ "type": "Feature", "properties": { "name": "Forres", "ref:crs": "FOR", "ref": null, "id": 2052 }, "geometry": { "type": "Point", "coordinates": [ -3.6243246, 57.6111092 ] } },
{ "type": "Feature", "properties": { "name": "Matlock Riverside", "ref:crs": null, "ref": null, "id": 2053 }, "geometry": { "type": "Point", "coordinates": [ -1.5668186, 53.1411575 ] } },
{ "type": "Feature", "properties": { "name": "Plaistow", "ref:crs": null, "ref": "ZPS", "id": 2054 }, "geometry": { "type": "Point", "coordinates": [ 0.0166833, 51.5311544 ] } },
{ "type": "Feature", "properties": { "name": "Bow Road", "ref:crs": null, "ref": null, "id": 2055 }, "geometry": { "type": "Point", "coordinates": [ -0.024789, 51.5268535 ] } },
{ "type": "Feature", "properties": { "name": "Stepney Green", "ref:crs": null, "ref": null, "id": 2056 }, "geometry": { "type": "Point", "coordinates": [ -0.0467147, 51.5217026 ] } },
{ "type": "Feature", "properties": { "name": "Oakwood", "ref:crs": null, "ref": "ZOA", "id": 2057 }, "geometry": { "type": "Point", "coordinates": [ -0.1312548, 51.6473302 ] } },
{ "type": "Feature", "properties": { "name": "West Kensington", "ref:crs": null, "ref": null, "id": 2058 }, "geometry": { "type": "Point", "coordinates": [ -0.2059442, 51.4907023 ] } },
{ "type": "Feature", "properties": { "name": "West Brompton", "ref:crs": "WBP", "ref": null, "id": 2059 }, "geometry": { "type": "Point", "coordinates": [ -0.1951854, 51.4869765 ] } },
{ "type": "Feature", "properties": { "name": "Boston Manor", "ref:crs": null, "ref": "ZBM", "id": 2060 }, "geometry": { "type": "Point", "coordinates": [ -0.3254399, 51.4953386 ] } },
{ "type": "Feature", "properties": { "name": "Knightsbridge", "ref:crs": null, "ref": null, "id": 2061 }, "geometry": { "type": "Point", "coordinates": [ -0.160937, 51.5015961 ] } },
{ "type": "Feature", "properties": { "name": "Hounslow West", "ref:crs": null, "ref": null, "id": 2062 }, "geometry": { "type": "Point", "coordinates": [ -0.3858181, 51.4735822 ] } },
{ "type": "Feature", "properties": { "name": "Mornington Crescent", "ref:crs": null, "ref": null, "id": 2063 }, "geometry": { "type": "Point", "coordinates": [ -0.1380918, 51.5340608 ] } },
{ "type": "Feature", "properties": { "name": "Hounslow East", "ref:crs": null, "ref": null, "id": 2064 }, "geometry": { "type": "Point", "coordinates": [ -0.3558944, 51.4734727 ] } },
{ "type": "Feature", "properties": { "name": "Hounslow Central", "ref:crs": null, "ref": null, "id": 2065 }, "geometry": { "type": "Point", "coordinates": [ -0.3662332, 51.471307 ] } },
{ "type": "Feature", "properties": { "name": "Southgate", "ref:crs": null, "ref": null, "id": 2066 }, "geometry": { "type": "Point", "coordinates": [ -0.1277858, 51.6323183 ] } },
{ "type": "Feature", "properties": { "name": "Cockfosters", "ref:crs": null, "ref": "ZCK", "id": 2067 }, "geometry": { "type": "Point", "coordinates": [ -0.1485149, 51.651366 ] } },
{ "type": "Feature", "properties": { "name": "Burnt Oak", "ref:crs": null, "ref": null, "id": 2068 }, "geometry": { "type": "Point", "coordinates": [ -0.2640125, 51.6028082 ] } },
{ "type": "Feature", "properties": { "name": "Putney Bridge", "ref:crs": null, "ref": null, "id": 2069 }, "geometry": { "type": "Point", "coordinates": [ -0.2087947, 51.4682995 ] } },
{ "type": "Feature", "properties": { "name": "Northfields", "ref:crs": null, "ref": null, "id": 2070 }, "geometry": { "type": "Point", "coordinates": [ -0.312979, 51.4996647 ] } },
{ "type": "Feature", "properties": { "name": "London Bridge", "ref:crs": null, "ref": null, "id": 2071 }, "geometry": { "type": "Point", "coordinates": [ -0.0886993, 51.5054118 ] } },
{ "type": "Feature", "properties": { "name": "Chorleywood", "ref:crs": "CLW", "ref": null, "id": 2072 }, "geometry": { "type": "Point", "coordinates": [ -0.5183558, 51.6541757 ] } },
{ "type": "Feature", "properties": { "name": "Hyde Park Corner", "ref:crs": null, "ref": null, "id": 2073 }, "geometry": { "type": "Point", "coordinates": [ -0.1543249, 51.5027264 ] } },
{ "type": "Feature", "properties": { "name": "Lancaster Gate", "ref:crs": null, "ref": null, "id": 2074 }, "geometry": { "type": "Point", "coordinates": [ -0.175108, 51.5118458 ] } },
{ "type": "Feature", "properties": { "name": "Newbury Park", "ref:crs": null, "ref": "ZNP", "id": 2075 }, "geometry": { "type": "Point", "coordinates": [ 0.0899693, 51.5754985 ] } },
{ "type": "Feature", "properties": { "name": "Moor Park", "ref:crs": null, "ref": "ZMP", "id": 2076 }, "geometry": { "type": "Point", "coordinates": [ -0.4321576, 51.6297793 ] } },
{ "type": "Feature", "properties": { "name": "Rickmansworth", "ref:crs": "RIC", "ref": null, "id": 2077 }, "geometry": { "type": "Point", "coordinates": [ -0.4734045, 51.6401841 ] } },
{ "type": "Feature", "properties": { "name": "Ealing Common", "ref:crs": null, "ref": null, "id": 2078 }, "geometry": { "type": "Point", "coordinates": [ -0.2881658, 51.5097107 ] } },
{ "type": "Feature", "properties": { "name": "Kingsbury", "ref:crs": null, "ref": null, "id": 2079 }, "geometry": { "type": "Point", "coordinates": [ -0.2787137, 51.5843174 ] } },
{ "type": "Feature", "properties": { "name": "Queensbury", "ref:crs": null, "ref": null, "id": 2080 }, "geometry": { "type": "Point", "coordinates": [ -0.286181, 51.5941903 ] } },
{ "type": "Feature", "properties": { "name": "Northwick Park", "ref:crs": null, "ref": null, "id": 2081 }, "geometry": { "type": "Point", "coordinates": [ -0.3176997, 51.578491 ] } },
{ "type": "Feature", "properties": { "name": "Preston Road", "ref:crs": null, "ref": null, "id": 2082 }, "geometry": { "type": "Point", "coordinates": [ -0.2958081, 51.5722732 ] } },
{ "type": "Feature", "properties": { "name": "Finchley Road", "ref:crs": null, "ref": "ZFR", "id": 2083 }, "geometry": { "type": "Point", "coordinates": [ -0.1806964, 51.547230699999986 ] } },
{ "type": "Feature", "properties": { "name": "West Harrow", "ref:crs": null, "ref": null, "id": 2084 }, "geometry": { "type": "Point", "coordinates": [ -0.3531364, 51.5795991 ] } },
{ "type": "Feature", "properties": { "name": "Eastcote", "ref:crs": null, "ref": null, "id": 2085 }, "geometry": { "type": "Point", "coordinates": [ -0.3965092, 51.5766614 ] } },
{ "type": "Feature", "properties": { "name": "Ickenham", "ref:crs": null, "ref": null, "id": 2086 }, "geometry": { "type": "Point", "coordinates": [ -0.4423513, 51.5615698 ] } },
{ "type": "Feature", "properties": { "name": "Pinner", "ref:crs": null, "ref": null, "id": 2087 }, "geometry": { "type": "Point", "coordinates": [ -0.380635, 51.5926589 ] } },
{ "type": "Feature", "properties": { "name": "Northwood Hills", "ref:crs": null, "ref": null, "id": 2088 }, "geometry": { "type": "Point", "coordinates": [ -0.4084575, 51.6001534 ] } },
{ "type": "Feature", "properties": { "name": "Northwood", "ref:crs": null, "ref": "ZND", "id": 2089 }, "geometry": { "type": "Point", "coordinates": [ -0.4237072, 51.6107965 ] } },
{ "type": "Feature", "properties": { "name": "Croxley", "ref:crs": null, "ref": "ZCO", "id": 2090 }, "geometry": { "type": "Point", "coordinates": [ -0.4410785, 51.6475825 ] } },
{ "type": "Feature", "properties": { "name": "Watford", "ref:crs": null, "ref": "ZWT", "id": 2091 }, "geometry": { "type": "Point", "coordinates": [ -0.4183683, 51.6570048 ] } },
{ "type": "Feature", "properties": { "name": "Leytonstone", "ref:crs": null, "ref": null, "id": 2092 }, "geometry": { "type": "Point", "coordinates": [ 0.0086166, 51.5688027 ] } },
{ "type": "Feature", "properties": { "name": "Harrow-on-the-Hill", "ref:crs": "HOH", "ref": null, "id": 2093 }, "geometry": { "type": "Point", "coordinates": [ -0.3366561, 51.5792702 ] } },
{ "type": "Feature", "properties": { "name": "Acton Town", "ref:crs": null, "ref": "ZAT", "id": 2094 }, "geometry": { "type": "Point", "coordinates": [ -0.2799643, 51.5027051 ] } },
{ "type": "Feature", "properties": { "name": "South Kensington", "ref:crs": null, "ref": "ZSK", "id": 2095 }, "geometry": { "type": "Point", "coordinates": [ -0.1729072, 51.4940799 ] } },
{ "type": "Feature", "properties": { "name": "Derbyshire Dales Narrow Gauge Railway", "ref:crs": null, "ref": null, "id": 2096 }, "geometry": { "type": "Point", "coordinates": [ -1.610193, 53.1758282 ] } },
{ "type": "Feature", "properties": { "name": "Edgware Road (Bakerloo line)", "ref:crs": null, "ref": null, "id": 2097 }, "geometry": { "type": "Point", "coordinates": [ -0.1702993, 51.5204575 ] } },
{ "type": "Feature", "properties": { "name": "Marylebone", "ref:crs": null, "ref": null, "id": 2098 }, "geometry": { "type": "Point", "coordinates": [ -0.1635046, 51.52223630000001 ] } },
{ "type": "Feature", "properties": { "name": "Embankment", "ref:crs": null, "ref": "ZEK", "id": 2099 }, "geometry": { "type": "Point", "coordinates": [ -0.1222409, 51.5072143 ] } },
{ "type": "Feature", "properties": { "name": "Notting Hill Gate", "ref:crs": null, "ref": null, "id": 2100 }, "geometry": { "type": "Point", "coordinates": [ -0.1961978, 51.5089252 ] } },
{ "type": "Feature", "properties": { "name": "Dilton Marsh", "ref:crs": "DMH", "ref": null, "id": 2101 }, "geometry": { "type": "Point", "coordinates": [ -2.2078188, 51.2488801 ] } },
{ "type": "Feature", "properties": { "name": "Caterham", "ref:crs": "CAT", "ref": null, "id": 2102 }, "geometry": { "type": "Point", "coordinates": [ -0.0783882, 51.2822065 ] } },
{ "type": "Feature", "properties": { "name": "Brunstane", "ref:crs": "BSU", "ref": null, "id": 2103 }, "geometry": { "type": "Point", "coordinates": [ -3.1008498, 55.9420651 ] } },
{ "type": "Feature", "properties": { "name": "West Ham", "ref:crs": "WEH", "ref": null, "id": 2104 }, "geometry": { "type": "Point", "coordinates": [ 0.0045685, 51.5280966 ] } },
{ "type": "Feature", "properties": { "name": "Stratford", "ref:crs": "SRA", "ref": null, "id": 2105 }, "geometry": { "type": "Point", "coordinates": [ -0.0035472, 51.541289 ] } },
{ "type": "Feature", "properties": { "name": "Kenley", "ref:crs": "KLY", "ref": null, "id": 2106 }, "geometry": { "type": "Point", "coordinates": [ -0.100844, 51.3247757 ] } },
{ "type": "Feature", "properties": { "name": "Purley", "ref:crs": "PUR", "ref": null, "id": 2107 }, "geometry": { "type": "Point", "coordinates": [ -0.1139278, 51.3374869 ] } },
{ "type": "Feature", "properties": { "name": "Whyteleafe South", "ref:crs": "WHS", "ref": null, "id": 2108 }, "geometry": { "type": "Point", "coordinates": [ -0.0772314, 51.3037508 ] } },
{ "type": "Feature", "properties": { "name": "Whyteleafe", "ref:crs": "WHY", "ref": null, "id": 2109 }, "geometry": { "type": "Point", "coordinates": [ -0.0810163, 51.309920899999987 ] } },
{ "type": "Feature", "properties": { "name": "Upper Warlingham", "ref:crs": "UWL", "ref": null, "id": 2110 }, "geometry": { "type": "Point", "coordinates": [ -0.0778344, 51.3085512 ] } },
{ "type": "Feature", "properties": { "name": "Woldingham", "ref:crs": "WOH", "ref": null, "id": 2111 }, "geometry": { "type": "Point", "coordinates": [ -0.0516667, 51.2896975 ] } },
{ "type": "Feature", "properties": { "name": "Langley", "ref:crs": "LNY", "ref": null, "id": 2112 }, "geometry": { "type": "Point", "coordinates": [ -0.5409049, 51.507818 ] } },
{ "type": "Feature", "properties": { "name": "Mudchute", "ref:crs": null, "ref": null, "id": 2113 }, "geometry": { "type": "Point", "coordinates": [ -0.0149135, 51.4915188 ] } },
{ "type": "Feature", "properties": { "name": "South Milford", "ref:crs": "SOM", "ref": null, "id": 2114 }, "geometry": { "type": "Point", "coordinates": [ -1.2511292, 53.7823824 ] } },
{ "type": "Feature", "properties": { "name": "Mobberley", "ref:crs": "MOB", "ref": null, "id": 2115 }, "geometry": { "type": "Point", "coordinates": [ -2.3336005, 53.3295673 ] } },
{ "type": "Feature", "properties": { "name": "Widnes", "ref:crs": "WID", "ref": null, "id": 2116 }, "geometry": { "type": "Point", "coordinates": [ -2.7341997, 53.3786146 ] } },
{ "type": "Feature", "properties": { "name": "Rochdale", "ref:crs": "RCD", "ref": null, "id": 2117 }, "geometry": { "type": "Point", "coordinates": [ -2.1528351, 53.6105726 ] } },
{ "type": "Feature", "properties": { "name": "Southwark", "ref:crs": null, "ref": "ZSO", "id": 2118 }, "geometry": { "type": "Point", "coordinates": [ -0.1049663, 51.503925 ] } },
{ "type": "Feature", "properties": { "name": "Edinburgh Gateway", "ref:crs": "EGY", "ref": null, "id": 2119 }, "geometry": { "type": "Point", "coordinates": [ -3.3201335, 55.9409388 ] } },
{ "type": "Feature", "properties": { "name": "Edgware", "ref:crs": null, "ref": "ZED", "id": 2120 }, "geometry": { "type": "Point", "coordinates": [ -0.2749555, 51.6136623 ] } },
{ "type": "Feature", "properties": { "name": "Stockport", "ref:crs": "SPT", "ref": null, "id": 2121 }, "geometry": { "type": "Point", "coordinates": [ -2.1630435, 53.4054501 ] } },
{ "type": "Feature", "properties": { "name": "Wakefield Kirkgate", "ref:crs": "WKK", "ref": null, "id": 2122 }, "geometry": { "type": "Point", "coordinates": [ -1.4886398, 53.6786558 ] } },
{ "type": "Feature", "properties": { "name": "Kentish Town", "ref:crs": "KTN", "ref": null, "id": 2123 }, "geometry": { "type": "Point", "coordinates": [ -0.1388654, 51.5501727 ] } },
{ "type": "Feature", "properties": { "name": "Discovery Station", "ref:crs": null, "ref": null, "id": 2124 }, "geometry": { "type": "Point", "coordinates": [ -1.5432771, 52.7409495 ] } },
{ "type": "Feature", "properties": { "name": "Guide Bridge", "ref:crs": "GUI", "ref": null, "id": 2125 }, "geometry": { "type": "Point", "coordinates": [ -2.1132396, 53.4745643 ] } },
{ "type": "Feature", "properties": { "name": "Newton for Hyde", "ref:crs": "NWN", "ref": null, "id": 2126 }, "geometry": { "type": "Point", "coordinates": [ -2.067531, 53.4567001 ] } },
{ "type": "Feature", "properties": { "name": "New Pudsey", "ref:crs": "NPD", "ref": null, "id": 2127 }, "geometry": { "type": "Point", "coordinates": [ -1.6805365, 53.80467130000001 ] } },
{ "type": "Feature", "properties": { "name": "Pontefract Baghill", "ref:crs": "PFR", "ref": null, "id": 2128 }, "geometry": { "type": "Point", "coordinates": [ -1.3034033, 53.6917363 ] } },
{ "type": "Feature", "properties": { "name": "Broadway", "ref:crs": null, "ref": null, "id": 2129 }, "geometry": { "type": "Point", "coordinates": [ -1.8720529, 52.043006 ] } },
{ "type": "Feature", "properties": { "name": "James Cook", "ref:crs": "JCH", "ref": null, "id": 2130 }, "geometry": { "type": "Point", "coordinates": [ -1.2085253, 54.5519996 ] } },
{ "type": "Feature", "properties": { "name": "Miteside Halt", "ref:crs": null, "ref": null, "id": 2131 }, "geometry": { "type": "Point", "coordinates": [ -3.3840418, 54.3711279 ] } },
{ "type": "Feature", "properties": { "name": "Lostock", "ref:crs": "LOT", "ref": null, "id": 2132 }, "geometry": { "type": "Point", "coordinates": [ -2.494764, 53.5727921 ] } },
{ "type": "Feature", "properties": { "name": "Adlington", "ref:crs": "ADL", "ref": null, "id": 2133 }, "geometry": { "type": "Point", "coordinates": [ -2.6028597, 53.6130719 ] } },
{ "type": "Feature", "properties": { "name": "Lakeside", "ref:crs": null, "ref": null, "id": 2134 }, "geometry": { "type": "Point", "coordinates": [ -2.9554994, 54.2777237 ] } },
{ "type": "Feature", "properties": { "name": "Burneside", "ref:crs": "BUD", "ref": null, "id": 2135 }, "geometry": { "type": "Point", "coordinates": [ -2.767351, 54.3555182 ] } },
{ "type": "Feature", "properties": { "name": "Hope", "ref:crs": "HOP", "ref": null, "id": 2136 }, "geometry": { "type": "Point", "coordinates": [ -1.7296279, 53.3459832 ] } },
{ "type": "Feature", "properties": { "name": "Goose Glen Halt", "ref:crs": null, "ref": null, "id": 2137 }, "geometry": { "type": "Point", "coordinates": [ -3.6624367, 50.5556975 ] } },
{ "type": "Feature", "properties": { "name": "Kents Bank", "ref:crs": "KBK", "ref": null, "id": 2138 }, "geometry": { "type": "Point", "coordinates": [ -2.9252051, 54.1728754 ] } },
{ "type": "Feature", "properties": { "name": "Burlescombe", "ref:crs": null, "ref": null, "id": 2139 }, "geometry": { "type": "Point", "coordinates": [ -1.2459129, 51.6174907 ] } },
{ "type": "Feature", "properties": { "name": "Ulverston", "ref:crs": "ULV", "ref": null, "id": 2140 }, "geometry": { "type": "Point", "coordinates": [ -3.0979329, 54.1917155 ] } },
{ "type": "Feature", "properties": { "name": "Warwick Avenue", "ref:crs": null, "ref": "ZWV", "id": 2141 }, "geometry": { "type": "Point", "coordinates": [ -0.1833083, 51.5229834 ] } },
{ "type": "Feature", "properties": { "name": "Brampton", "ref:crs": "BMP", "ref": null, "id": 2142 }, "geometry": { "type": "Point", "coordinates": [ -2.7038502, 54.9321536 ] } },
{ "type": "Feature", "properties": { "name": "Tottenham Court Road", "ref:crs": null, "ref": null, "id": 2143 }, "geometry": { "type": "Point", "coordinates": [ -0.1305125, 51.5159715 ] } },
{ "type": "Feature", "properties": { "name": "Greenwich", "ref:crs": "GNW", "ref": null, "id": 2144 }, "geometry": { "type": "Point", "coordinates": [ -0.0154152, 51.4781086 ] } },
{ "type": "Feature", "properties": { "name": "West India Quay", "ref:crs": null, "ref": null, "id": 2145 }, "geometry": { "type": "Point", "coordinates": [ -0.0204833, 51.5067417 ] } },
{ "type": "Feature", "properties": { "name": "All Saints", "ref:crs": null, "ref": null, "id": 2146 }, "geometry": { "type": "Point", "coordinates": [ -0.0130551, 51.5108398 ] } },
{ "type": "Feature", "properties": { "name": "Abbey Road", "ref:crs": null, "ref": null, "id": 2147 }, "geometry": { "type": "Point", "coordinates": [ 0.0036092, 51.5325414 ] } },
{ "type": "Feature", "properties": { "name": "Stratford High Street", "ref:crs": null, "ref": null, "id": 2148 }, "geometry": { "type": "Point", "coordinates": [ -0.0001288, 51.5376469 ] } },
{ "type": "Feature", "properties": { "name": "Bow Church", "ref:crs": null, "ref": null, "id": 2149 }, "geometry": { "type": "Point", "coordinates": [ -0.0206424, 51.5274411 ] } },
{ "type": "Feature", "properties": { "name": "Limehouse DLR", "ref:crs": null, "ref": null, "id": 2150 }, "geometry": { "type": "Point", "coordinates": [ -0.0394662, 51.5123504 ] } },
{ "type": "Feature", "properties": { "name": "Limehouse", "ref:crs": "LHS", "ref": null, "id": 2151 }, "geometry": { "type": "Point", "coordinates": [ -0.0390456, 51.5128705 ] } },
{ "type": "Feature", "properties": { "name": "Bounds Green", "ref:crs": null, "ref": "ZBG", "id": 2152 }, "geometry": { "type": "Point", "coordinates": [ -0.1249047, 51.607376 ] } },
{ "type": "Feature", "properties": { "name": "Hammersmith (Circle and Hammersmith & City lines)", "ref:crs": null, "ref": null, "id": 2153 }, "geometry": { "type": "Point", "coordinates": [ -0.2250607, 51.494109 ] } },
{ "type": "Feature", "properties": { "name": "St. Paul's", "ref:crs": null, "ref": null, "id": 2154 }, "geometry": { "type": "Point", "coordinates": [ -0.0975883, 51.5149144 ] } },
{ "type": "Feature", "properties": { "name": "Knockholt", "ref:crs": "KCK", "ref": null, "id": 2155 }, "geometry": { "type": "Point", "coordinates": [ 0.1308295, 51.3457689 ] } },
{ "type": "Feature", "properties": { "name": "Hampstead", "ref:crs": null, "ref": null, "id": 2156 }, "geometry": { "type": "Point", "coordinates": [ -0.1784251, 51.5565973 ] } },
{ "type": "Feature", "properties": { "name": "Belsize Park", "ref:crs": null, "ref": null, "id": 2157 }, "geometry": { "type": "Point", "coordinates": [ -0.1646146, 51.5503088 ] } },
{ "type": "Feature", "properties": { "name": "Holloway Road", "ref:crs": null, "ref": "ZHR", "id": 2158 }, "geometry": { "type": "Point", "coordinates": [ -0.1130095, 51.5528674 ] } },
{ "type": "Feature", "properties": { "name": "Stratford International DLR", "ref:crs": null, "ref": null, "id": 2159 }, "geometry": { "type": "Point", "coordinates": [ -0.009359, 51.5457077 ] } },
{ "type": "Feature", "properties": { "name": "Swiss Cottage", "ref:crs": null, "ref": null, "id": 2160 }, "geometry": { "type": "Point", "coordinates": [ -0.174982, 51.543722 ] } },
{ "type": "Feature", "properties": { "name": "Park Royal", "ref:crs": null, "ref": null, "id": 2161 }, "geometry": { "type": "Point", "coordinates": [ -0.2839348, 51.526434099999975 ] } },
{ "type": "Feature", "properties": { "name": "Chichester", "ref:crs": "CCH", "ref": null, "id": 2162 }, "geometry": { "type": "Point", "coordinates": [ -0.781845, 50.8318805 ] } },
{ "type": "Feature", "properties": { "name": "Wood Lane", "ref:crs": null, "ref": null, "id": 2163 }, "geometry": { "type": "Point", "coordinates": [ -0.2237557, 51.5101068 ] } },
{ "type": "Feature", "properties": { "name": "Turnpike Lane", "ref:crs": null, "ref": "ZTL", "id": 2164 }, "geometry": { "type": "Point", "coordinates": [ -0.1027442, 51.5901482 ] } },
{ "type": "Feature", "properties": { "name": "Acklington", "ref:crs": "ACK", "ref": null, "id": 2165 }, "geometry": { "type": "Point", "coordinates": [ -1.6517687, 55.3072171 ] } },
{ "type": "Feature", "properties": { "name": "Ancaster", "ref:crs": "ANC", "ref": null, "id": 2166 }, "geometry": { "type": "Point", "coordinates": [ -0.5353535, 52.987708 ] } },
{ "type": "Feature", "properties": { "name": "Apsley", "ref:crs": "APS", "ref": null, "id": 2167 }, "geometry": { "type": "Point", "coordinates": [ -0.4629888, 51.732365 ] } },
{ "type": "Feature", "properties": { "name": "Ashchurch for Tewkesbury", "ref:crs": "ASC", "ref": null, "id": 2168 }, "geometry": { "type": "Point", "coordinates": [ -2.1087299, 51.9990255 ] } },
{ "type": "Feature", "properties": { "name": "Hadley Wood", "ref:crs": "HDW", "ref": null, "id": 2169 }, "geometry": { "type": "Point", "coordinates": [ -0.1761376, 51.6686291 ] } },
{ "type": "Feature", "properties": { "name": "Micklefield", "ref:crs": "MIK", "ref": null, "id": 2170 }, "geometry": { "type": "Point", "coordinates": [ -1.3261163, 53.7887921 ] } },
{ "type": "Feature", "properties": { "name": "Welham Green", "ref:crs": "WMG", "ref": null, "id": 2171 }, "geometry": { "type": "Point", "coordinates": [ -0.2105454, 51.736419 ] } },
{ "type": "Feature", "properties": { "name": "Thirsk", "ref:crs": "THI", "ref": null, "id": 2172 }, "geometry": { "type": "Point", "coordinates": [ -1.3732622, 54.2286468 ] } },
{ "type": "Feature", "properties": { "name": "Shiplake", "ref:crs": "SHI", "ref": null, "id": 2173 }, "geometry": { "type": "Point", "coordinates": [ -0.8824136, 51.5111653 ] } },
{ "type": "Feature", "properties": { "name": "Twyford", "ref:crs": "TWY", "ref": null, "id": 2174 }, "geometry": { "type": "Point", "coordinates": [ -0.8631386, 51.47539 ] } },
{ "type": "Feature", "properties": { "name": "Cholsey", "ref:crs": "CHO", "ref": null, "id": 2175 }, "geometry": { "type": "Point", "coordinates": [ -1.1586983, 51.5704082 ] } },
{ "type": "Feature", "properties": { "name": "Mitcham Eastfields", "ref:crs": "MTC", "ref": null, "id": 2176 }, "geometry": { "type": "Point", "coordinates": [ -0.154872, 51.4073954 ] } },
{ "type": "Feature", "properties": { "name": "Morden", "ref:crs": null, "ref": null, "id": 2177 }, "geometry": { "type": "Point", "coordinates": [ -0.1947552, 51.4027615 ] } },
{ "type": "Feature", "properties": { "name": "Morden South", "ref:crs": "MDS", "ref": null, "id": 2178 }, "geometry": { "type": "Point", "coordinates": [ -0.1992399, 51.395678 ] } },
{ "type": "Feature", "properties": { "name": "Blackheath", "ref:crs": "BKH", "ref": null, "id": 2179 }, "geometry": { "type": "Point", "coordinates": [ 0.0089218, 51.46579890000001 ] } },
{ "type": "Feature", "properties": { "name": "Deptford", "ref:crs": "DEP", "ref": null, "id": 2180 }, "geometry": { "type": "Point", "coordinates": [ -0.0266353, 51.4789824 ] } },
{ "type": "Feature", "properties": { "name": "Canning Town", "ref:crs": null, "ref": null, "id": 2181 }, "geometry": { "type": "Point", "coordinates": [ 0.0082987, 51.5139887 ] } },
{ "type": "Feature", "properties": { "name": "Ealing Broadway", "ref:crs": "EAL", "ref": null, "id": 2182 }, "geometry": { "type": "Point", "coordinates": [ -0.3004067, 51.5149803 ] } },
{ "type": "Feature", "properties": { "name": "Russell Square", "ref:crs": null, "ref": null, "id": 2183 }, "geometry": { "type": "Point", "coordinates": [ -0.1242529, 51.5230529 ] } },
{ "type": "Feature", "properties": { "name": "Caledonian Road", "ref:crs": null, "ref": null, "id": 2184 }, "geometry": { "type": "Point", "coordinates": [ -0.1183585, 51.548482 ] } },
{ "type": "Feature", "properties": { "name": "Totteridge & Whetstone", "ref:crs": null, "ref": null, "id": 2185 }, "geometry": { "type": "Point", "coordinates": [ -0.1791837, 51.6307163 ] } },
{ "type": "Feature", "properties": { "name": "Chalk Farm", "ref:crs": null, "ref": null, "id": 2186 }, "geometry": { "type": "Point", "coordinates": [ -0.1534811, 51.5441141 ] } },
{ "type": "Feature", "properties": { "name": "Melton Mowbray", "ref:crs": "MMO", "ref": null, "id": 2187 }, "geometry": { "type": "Point", "coordinates": [ -0.8857875, 52.7610228 ] } },
{ "type": "Feature", "properties": { "name": "Whitwell", "ref:crs": "WWL", "ref": null, "id": 2188 }, "geometry": { "type": "Point", "coordinates": [ -1.2002363, 53.279966299999984 ] } },
{ "type": "Feature", "properties": { "name": "Hathersage", "ref:crs": "HSG", "ref": null, "id": 2189 }, "geometry": { "type": "Point", "coordinates": [ -1.6521354, 53.3259212 ] } },
{ "type": "Feature", "properties": { "name": "Balcombe", "ref:crs": "BAB", "ref": null, "id": 2190 }, "geometry": { "type": "Point", "coordinates": [ -0.137032, 51.0555957 ] } },
{ "type": "Feature", "properties": { "name": "Oxford Circus", "ref:crs": null, "ref": null, "id": 2191 }, "geometry": { "type": "Point", "coordinates": [ -0.1419563, 51.515441799999984 ] } },
{ "type": "Feature", "properties": { "name": "Westonzoyland", "ref:crs": null, "ref": null, "id": 2192 }, "geometry": { "type": "Point", "coordinates": [ -2.943542, 51.0909357 ] } },
{ "type": "Feature", "properties": { "name": "North Station", "ref:crs": null, "ref": null, "id": 2193 }, "geometry": { "type": "Point", "coordinates": [ -1.4540783, 50.8238061 ] } },
{ "type": "Feature", "properties": { "name": "Hexham", "ref:crs": "HEX", "ref": null, "id": 2194 }, "geometry": { "type": "Point", "coordinates": [ -2.0947934, 54.9735335 ] } },
{ "type": "Feature", "properties": { "name": "North Greenwich", "ref:crs": null, "ref": null, "id": 2195 }, "geometry": { "type": "Point", "coordinates": [ 0.0043201, 51.500574 ] } },
{ "type": "Feature", "properties": { "name": "Canada Water", "ref:crs": "ZCW", "ref": null, "id": 2196 }, "geometry": { "type": "Point", "coordinates": [ -0.0498405, 51.49792990000001 ] } },
{ "type": "Feature", "properties": { "name": "Maghull North", "ref:crs": "MNS", "ref": null, "id": 2197 }, "geometry": { "type": "Point", "coordinates": [ -2.9212339, 53.5167407 ] } },
{ "type": "Feature", "properties": { "name": "Moorgate", "ref:crs": "MOG", "ref": null, "id": 2198 }, "geometry": { "type": "Point", "coordinates": [ -0.0890625, 51.5182516 ] } },
{ "type": "Feature", "properties": { "name": "Kintore", "ref:crs": "KTR", "ref": null, "id": 2199 }, "geometry": { "type": "Point", "coordinates": [ -2.3502092, 57.2433565 ] } },
{ "type": "Feature", "properties": { "name": "Long Buckby", "ref:crs": "LBK", "ref": null, "id": 2200 }, "geometry": { "type": "Point", "coordinates": [ -1.0860534, 52.2944171 ] } },
{ "type": "Feature", "properties": { "name": "Clapham Junction", "ref:crs": "CLJ", "ref": null, "id": 2201 }, "geometry": { "type": "Point", "coordinates": [ -0.1705184, 51.4644589 ] } },
{ "type": "Feature", "properties": { "name": "York", "ref:crs": "YRK", "ref": null, "id": 2202 }, "geometry": { "type": "Point", "coordinates": [ -1.0937301, 53.9577037 ] } },
{ "type": "Feature", "properties": { "name": "Reeds Road", "ref:crs": null, "ref": null, "id": 2203 }, "geometry": { "type": "Point", "coordinates": [ -0.77289, 51.182294400000011 ] } },
{ "type": "Feature", "properties": { "name": "Old Kiln Halt", "ref:crs": null, "ref": null, "id": 2204 }, "geometry": { "type": "Point", "coordinates": [ -0.7746116, 51.1836582 ] } },
{ "type": "Feature", "properties": { "name": "Oatlands", "ref:crs": null, "ref": null, "id": 2205 }, "geometry": { "type": "Point", "coordinates": [ -0.7739411, 51.1843885 ] } },
{ "type": "Feature", "properties": { "name": "London Marylebone", "ref:crs": "MYB", "ref": null, "id": 2206 }, "geometry": { "type": "Point", "coordinates": [ -0.163592, 51.524371199999983 ] } },
{ "type": "Feature", "properties": { "name": "Little Kimble", "ref:crs": "LTK", "ref": null, "id": 2207 }, "geometry": { "type": "Point", "coordinates": [ -0.8085107, 51.7522425 ] } },
{ "type": "Feature", "properties": { "name": "Main Line Platform", "ref:crs": null, "ref": null, "id": 2208 }, "geometry": { "type": "Point", "coordinates": [ -1.2419808, 51.6118363 ] } },
{ "type": "Feature", "properties": { "name": "Didcot Halt", "ref:crs": null, "ref": null, "id": 2209 }, "geometry": { "type": "Point", "coordinates": [ -1.2458686, 51.614394599999983 ] } },
{ "type": "Feature", "properties": { "name": "Kidderminster", "ref:crs": "KID", "ref": null, "id": 2210 }, "geometry": { "type": "Point", "coordinates": [ -2.2384792, 52.3843587 ] } },
{ "type": "Feature", "properties": { "name": "Sheffield", "ref:crs": "SHF", "ref": "SHF", "id": 2211 }, "geometry": { "type": "Point", "coordinates": [ -1.4621381, 53.3783713 ] } },
{ "type": "Feature", "properties": { "name": "Crystal Palace", "ref:crs": "CYP", "ref": null, "id": 2212 }, "geometry": { "type": "Point", "coordinates": [ -0.0712666, 51.4176595 ] } },
{ "type": "Feature", "properties": { "name": "North Road", "ref:crs": "NRD", "ref": null, "id": 2213 }, "geometry": { "type": "Point", "coordinates": [ -1.5539294, 54.5357302 ] } },
{ "type": "Feature", "properties": { "name": "Bookham", "ref:crs": "BKA", "ref": null, "id": 2214 }, "geometry": { "type": "Point", "coordinates": [ -0.3838753, 51.2888353 ] } },
{ "type": "Feature", "properties": { "name": "Hook", "ref:crs": "HOK", "ref": null, "id": 2215 }, "geometry": { "type": "Point", "coordinates": [ -0.9614163, 51.2798793 ] } },
{ "type": "Feature", "properties": { "name": "Winchfield", "ref:crs": "WNF", "ref": null, "id": 2216 }, "geometry": { "type": "Point", "coordinates": [ -0.9070163, 51.284733899999985 ] } },
{ "type": "Feature", "properties": { "name": "Fleet", "ref:crs": "FLE", "ref": null, "id": 2217 }, "geometry": { "type": "Point", "coordinates": [ -0.8313789, 51.2906158 ] } },
{ "type": "Feature", "properties": { "name": "Brookwood", "ref:crs": "BKO", "ref": null, "id": 2218 }, "geometry": { "type": "Point", "coordinates": [ -0.6359925, 51.3035819 ] } },
{ "type": "Feature", "properties": { "name": "Hersham", "ref:crs": "HER", "ref": null, "id": 2219 }, "geometry": { "type": "Point", "coordinates": [ -0.3895797, 51.3769063 ] } },
{ "type": "Feature", "properties": { "name": "Raynes Park", "ref:crs": "RAY", "ref": null, "id": 2220 }, "geometry": { "type": "Point", "coordinates": [ -0.23054, 51.408966 ] } },
{ "type": "Feature", "properties": { "name": "Worcester Park", "ref:crs": "WCP", "ref": null, "id": 2221 }, "geometry": { "type": "Point", "coordinates": [ -0.244985, 51.3814192 ] } },
{ "type": "Feature", "properties": { "name": "Stoneleigh", "ref:crs": "SNL", "ref": null, "id": 2222 }, "geometry": { "type": "Point", "coordinates": [ -0.2479641, 51.3638988 ] } },
{ "type": "Feature", "properties": { "name": "Leatherhead", "ref:crs": "LHD", "ref": null, "id": 2223 }, "geometry": { "type": "Point", "coordinates": [ -0.3330413, 51.2991137 ] } },
{ "type": "Feature", "properties": { "name": "Horsley", "ref:crs": "HSY", "ref": null, "id": 2224 }, "geometry": { "type": "Point", "coordinates": [ -0.4352969, 51.2795154 ] } },
{ "type": "Feature", "properties": { "name": "Clandon", "ref:crs": "CLA", "ref": null, "id": 2225 }, "geometry": { "type": "Point", "coordinates": [ -0.5028629, 51.2640346 ] } },
{ "type": "Feature", "properties": { "name": "London Road (Guildford)", "ref:crs": "LRD", "ref": null, "id": 2226 }, "geometry": { "type": "Point", "coordinates": [ -0.565161, 51.2407385 ] } },
{ "type": "Feature", "properties": { "name": "Guildford", "ref:crs": "GLD", "ref": null, "id": 2227 }, "geometry": { "type": "Point", "coordinates": [ -0.5811391, 51.2372003 ] } },
{ "type": "Feature", "properties": { "name": "Carshalton", "ref:crs": "CSH", "ref": null, "id": 2228 }, "geometry": { "type": "Point", "coordinates": [ -0.1663814, 51.3685771 ] } },
{ "type": "Feature", "properties": { "name": "Ewell East", "ref:crs": "EWE", "ref": null, "id": 2229 }, "geometry": { "type": "Point", "coordinates": [ -0.2412882, 51.345292599999979 ] } },
{ "type": "Feature", "properties": { "name": "Holmwood", "ref:crs": "HLM", "ref": null, "id": 2230 }, "geometry": { "type": "Point", "coordinates": [ -0.320874, 51.1811282 ] } },
{ "type": "Feature", "properties": { "name": "Ockley", "ref:crs": "OLY", "ref": null, "id": 2231 }, "geometry": { "type": "Point", "coordinates": [ -0.3361686, 51.1515691 ] } },
{ "type": "Feature", "properties": { "name": "Warnham", "ref:crs": "WNH", "ref": null, "id": 2232 }, "geometry": { "type": "Point", "coordinates": [ -0.3296073, 51.0930387 ] } },
{ "type": "Feature", "properties": { "name": "Horsham", "ref:crs": "HRH", "ref": null, "id": 2233 }, "geometry": { "type": "Point", "coordinates": [ -0.318921, 51.0659838 ] } },
{ "type": "Feature", "properties": { "name": "Arundel", "ref:crs": "ARU", "ref": null, "id": 2234 }, "geometry": { "type": "Point", "coordinates": [ -0.5462656, 50.8480121 ] } },
{ "type": "Feature", "properties": { "name": "Amberley", "ref:crs": "AMY", "ref": null, "id": 2235 }, "geometry": { "type": "Point", "coordinates": [ -0.5419326, 50.8966534 ] } },
{ "type": "Feature", "properties": { "name": "Pulborough", "ref:crs": "PUL", "ref": null, "id": 2236 }, "geometry": { "type": "Point", "coordinates": [ -0.5164713, 50.957590499999966 ] } },
{ "type": "Feature", "properties": { "name": "Christ's Hospital", "ref:crs": "CHH", "ref": null, "id": 2237 }, "geometry": { "type": "Point", "coordinates": [ -0.3638616, 51.0508094 ] } },
{ "type": "Feature", "properties": { "name": "Ford", "ref:crs": "FOD", "ref": null, "id": 2238 }, "geometry": { "type": "Point", "coordinates": [ -0.578301, 50.8293642 ] } },
{ "type": "Feature", "properties": { "name": "Barnham", "ref:crs": "BAA", "ref": null, "id": 2239 }, "geometry": { "type": "Point", "coordinates": [ -0.6402044, 50.8307449 ] } },
{ "type": "Feature", "properties": { "name": "Three Bridges", "ref:crs": "TBD", "ref": null, "id": 2240 }, "geometry": { "type": "Point", "coordinates": [ -0.1610653, 51.1174709 ] } },
{ "type": "Feature", "properties": { "name": "Crawley", "ref:crs": "CRW", "ref": null, "id": 2241 }, "geometry": { "type": "Point", "coordinates": [ -0.1865249, 51.1120247 ] } },
{ "type": "Feature", "properties": { "name": "Sydenham", "ref:crs": "SYD", "ref": null, "id": 2242 }, "geometry": { "type": "Point", "coordinates": [ -0.0542215, 51.427742 ] } },
{ "type": "Feature", "properties": { "name": "Forest Hill", "ref:crs": "FOH", "ref": null, "id": 2243 }, "geometry": { "type": "Point", "coordinates": [ -0.0530903, 51.4392419 ] } },
{ "type": "Feature", "properties": { "name": "Honor Oak Park", "ref:crs": "HPA", "ref": null, "id": 2244 }, "geometry": { "type": "Point", "coordinates": [ -0.0450199, 51.4504605 ] } },
{ "type": "Feature", "properties": { "name": "New Cross Gate", "ref:crs": "NXG", "ref": null, "id": 2245 }, "geometry": { "type": "Point", "coordinates": [ -0.0404289, 51.4752983 ] } },
{ "type": "Feature", "properties": { "name": "New Cross", "ref:crs": "NWX", "ref": null, "id": 2246 }, "geometry": { "type": "Point", "coordinates": [ -0.0326237, 51.4763706 ] } },
{ "type": "Feature", "properties": { "name": "St Johns", "ref:crs": "SAJ", "ref": null, "id": 2247 }, "geometry": { "type": "Point", "coordinates": [ -0.0221846, 51.4690905 ] } },
{ "type": "Feature", "properties": { "name": "Westcombe Park", "ref:crs": "WCB", "ref": null, "id": 2248 }, "geometry": { "type": "Point", "coordinates": [ 0.0186204, 51.4842403 ] } },
{ "type": "Feature", "properties": { "name": "Woolwich Dockyard", "ref:crs": "WWD", "ref": null, "id": 2249 }, "geometry": { "type": "Point", "coordinates": [ 0.0548824, 51.491092399999985 ] } },
{ "type": "Feature", "properties": { "name": "Woolwich Arsenal", "ref:crs": "WWA", "ref": null, "id": 2250 }, "geometry": { "type": "Point", "coordinates": [ 0.0703782, 51.4896184 ] } },
{ "type": "Feature", "properties": { "name": "Plumstead", "ref:crs": "PLU", "ref": null, "id": 2251 }, "geometry": { "type": "Point", "coordinates": [ 0.0840176, 51.4897681 ] } },
{ "type": "Feature", "properties": { "name": "Abbey Wood", "ref:crs": "ABW", "ref": null, "id": 2252 }, "geometry": { "type": "Point", "coordinates": [ 0.1204062, 51.491078099999974 ] } },
{ "type": "Feature", "properties": { "name": "Slade Green", "ref:crs": "SGR", "ref": null, "id": 2253 }, "geometry": { "type": "Point", "coordinates": [ 0.1903098, 51.4676731 ] } },
{ "type": "Feature", "properties": { "name": "Dartford", "ref:crs": "DFD", "ref": null, "id": 2254 }, "geometry": { "type": "Point", "coordinates": [ 0.2191164, 51.4474203 ] } },
{ "type": "Feature", "properties": { "name": "Derby", "ref:crs": "DBY", "ref": null, "id": 2255 }, "geometry": { "type": "Point", "coordinates": [ -1.462612, 52.9165243 ] } },
{ "type": "Feature", "properties": { "name": "Grove Park", "ref:crs": "GRP", "ref": null, "id": 2256 }, "geometry": { "type": "Point", "coordinates": [ 0.0220245, 51.4307645 ] } },
{ "type": "Feature", "properties": { "name": "Hither Green", "ref:crs": "HGR", "ref": null, "id": 2257 }, "geometry": { "type": "Point", "coordinates": [ -0.0006473, 51.4515872 ] } },
{ "type": "Feature", "properties": { "name": "Elmstead Woods", "ref:crs": "ESD", "ref": null, "id": 2258 }, "geometry": { "type": "Point", "coordinates": [ 0.0446574, 51.4167981 ] } },
{ "type": "Feature", "properties": { "name": "Chislehurst", "ref:crs": "CIT", "ref": null, "id": 2259 }, "geometry": { "type": "Point", "coordinates": [ 0.0578673, 51.4051626 ] } },
{ "type": "Feature", "properties": { "name": "Petts Wood", "ref:crs": "PET", "ref": null, "id": 2260 }, "geometry": { "type": "Point", "coordinates": [ 0.0745614, 51.388626 ] } },
{ "type": "Feature", "properties": { "name": "Chelsfield", "ref:crs": "CLD", "ref": null, "id": 2261 }, "geometry": { "type": "Point", "coordinates": [ 0.1083284, 51.3566115 ] } },
{ "type": "Feature", "properties": { "name": "Dunton Green", "ref:crs": "DNG", "ref": null, "id": 2262 }, "geometry": { "type": "Point", "coordinates": [ 0.171318, 51.296617 ] } },
{ "type": "Feature", "properties": { "name": "Uckfield", "ref:crs": "UCK", "ref": null, "id": 2263 }, "geometry": { "type": "Point", "coordinates": [ 0.0966299, 50.9687382 ] } },
{ "type": "Feature", "properties": { "name": "Eridge", "ref:crs": "ERI", "ref": null, "id": 2264 }, "geometry": { "type": "Point", "coordinates": [ 0.2009551, 51.0892394 ] } },
{ "type": "Feature", "properties": { "name": "Hurst Green", "ref:crs": "HUR", "ref": null, "id": 2265 }, "geometry": { "type": "Point", "coordinates": [ 0.0042319, 51.2442817 ] } },
{ "type": "Feature", "properties": { "name": "Edenbridge Town", "ref:crs": "EBT", "ref": null, "id": 2266 }, "geometry": { "type": "Point", "coordinates": [ 0.067215, 51.2001369 ] } },
{ "type": "Feature", "properties": { "name": "Hever", "ref:crs": "HEV", "ref": null, "id": 2267 }, "geometry": { "type": "Point", "coordinates": [ 0.0948105, 51.1813846 ] } },
{ "type": "Feature", "properties": { "name": "Cowden", "ref:crs": "CWN", "ref": null, "id": 2268 }, "geometry": { "type": "Point", "coordinates": [ 0.1098981, 51.1556295 ] } },
{ "type": "Feature", "properties": { "name": "Crowborough", "ref:crs": "COH", "ref": null, "id": 2269 }, "geometry": { "type": "Point", "coordinates": [ 0.1880389, 51.046237199999986 ] } },
{ "type": "Feature", "properties": { "name": "Buxted", "ref:crs": "BXD", "ref": null, "id": 2270 }, "geometry": { "type": "Point", "coordinates": [ 0.1313783, 50.9901183 ] } },
{ "type": "Feature", "properties": { "name": "Oxted", "ref:crs": "OXT", "ref": null, "id": 2271 }, "geometry": { "type": "Point", "coordinates": [ -0.0045745, 51.2578327 ] } },
{ "type": "Feature", "properties": { "name": "Norwood Junction", "ref:crs": "NWD", "ref": null, "id": 2272 }, "geometry": { "type": "Point", "coordinates": [ -0.0746988, 51.3971695 ] } },
{ "type": "Feature", "properties": { "name": "Dormans", "ref:crs": "DMS", "ref": null, "id": 2273 }, "geometry": { "type": "Point", "coordinates": [ -0.0042265, 51.1558675 ] } },
{ "type": "Feature", "properties": { "name": "East Grinstead", "ref:crs": "EGR", "ref": null, "id": 2274 }, "geometry": { "type": "Point", "coordinates": [ -0.0178578, 51.1264031 ] } },
{ "type": "Feature", "properties": { "name": "South Croydon", "ref:crs": "SCY", "ref": null, "id": 2275 }, "geometry": { "type": "Point", "coordinates": [ -0.0933556, 51.3629173 ] } },
{ "type": "Feature", "properties": { "name": "Sanderstead", "ref:crs": "SNR", "ref": null, "id": 2276 }, "geometry": { "type": "Point", "coordinates": [ -0.0934589, 51.348394 ] } },
{ "type": "Feature", "properties": { "name": "Riddlesdown", "ref:crs": "RDD", "ref": null, "id": 2277 }, "geometry": { "type": "Point", "coordinates": [ -0.0997037, 51.3329352 ] } },
{ "type": "Feature", "properties": { "name": "Ladywell", "ref:crs": "LAD", "ref": null, "id": 2278 }, "geometry": { "type": "Point", "coordinates": [ -0.0191917, 51.4560257 ] } },
{ "type": "Feature", "properties": { "name": "Catford Bridge", "ref:crs": "CFB", "ref": null, "id": 2279 }, "geometry": { "type": "Point", "coordinates": [ -0.0249226, 51.4445909 ] } },
{ "type": "Feature", "properties": { "name": "Lower Sydenham", "ref:crs": "LSY", "ref": null, "id": 2280 }, "geometry": { "type": "Point", "coordinates": [ -0.0332998, 51.4247446 ] } },
{ "type": "Feature", "properties": { "name": "New Beckenham", "ref:crs": "NBC", "ref": null, "id": 2281 }, "geometry": { "type": "Point", "coordinates": [ -0.0352069, 51.4169395 ] } },
{ "type": "Feature", "properties": { "name": "Clock House", "ref:crs": "CLK", "ref": null, "id": 2282 }, "geometry": { "type": "Point", "coordinates": [ -0.0408182, 51.4083449 ] } },
{ "type": "Feature", "properties": { "name": "West Wickham", "ref:crs": "WWI", "ref": null, "id": 2283 }, "geometry": { "type": "Point", "coordinates": [ -0.0147334, 51.3815143 ] } },
{ "type": "Feature", "properties": { "name": "Eden Park", "ref:crs": "EDN", "ref": null, "id": 2284 }, "geometry": { "type": "Point", "coordinates": [ -0.0263691, 51.3901801 ] } },
{ "type": "Feature", "properties": { "name": "Elmers End", "ref:crs": "ELE", "ref": null, "id": 2285 }, "geometry": { "type": "Point", "coordinates": [ -0.0497025, 51.398012 ] } },
{ "type": "Feature", "properties": { "name": "Chepstow", "ref:crs": "CPW", "ref": null, "id": 2286 }, "geometry": { "type": "Point", "coordinates": [ -2.6710867, 51.6399688 ] } },
{ "type": "Feature", "properties": { "name": "Main Terminal Building (Departures)", "ref:crs": null, "ref": null, "id": 2287 }, "geometry": { "type": "Point", "coordinates": [ 0.2601274, 51.89024340000001 ] } },
{ "type": "Feature", "properties": { "name": "Gates 1-19", "ref:crs": null, "ref": null, "id": 2288 }, "geometry": { "type": "Point", "coordinates": [ 0.2541483, 51.8892206 ] } },
{ "type": "Feature", "properties": { "name": "Gates 20-39", "ref:crs": null, "ref": null, "id": 2289 }, "geometry": { "type": "Point", "coordinates": [ 0.2569959, 51.8911228 ] } },
{ "type": "Feature", "properties": { "name": "Aston", "ref:crs": "AST", "ref": null, "id": 2290 }, "geometry": { "type": "Point", "coordinates": [ -1.8720459, 52.5044169 ] } },
{ "type": "Feature", "properties": { "name": "Darley Dale", "ref:crs": null, "ref": null, "id": 2291 }, "geometry": { "type": "Point", "coordinates": [ -1.594606, 53.1606459 ] } },
{ "type": "Feature", "properties": { "name": "Aldershot", "ref:crs": "AHT", "ref": null, "id": 2292 }, "geometry": { "type": "Point", "coordinates": [ -0.7599088, 51.2462832 ] } },
{ "type": "Feature", "properties": { "name": "Ash Vale", "ref:crs": "AHV", "ref": null, "id": 2293 }, "geometry": { "type": "Point", "coordinates": [ -0.7214571, 51.2725337 ] } },
{ "type": "Feature", "properties": { "name": "Camberley", "ref:crs": "CAM", "ref": null, "id": 2294 }, "geometry": { "type": "Point", "coordinates": [ -0.7438865, 51.3363364 ] } },
{ "type": "Feature", "properties": { "name": "Bagshot", "ref:crs": "BAG", "ref": null, "id": 2295 }, "geometry": { "type": "Point", "coordinates": [ -0.6885039, 51.3643336 ] } },
{ "type": "Feature", "properties": { "name": "Percy Main", "ref:crs": null, "ref": null, "id": 2296 }, "geometry": { "type": "Point", "coordinates": [ -1.4780506, 54.9977941 ] } },
{ "type": "Feature", "properties": { "name": "Newton-le-Willows", "ref:crs": "NLW", "ref": null, "id": 2297 }, "geometry": { "type": "Point", "coordinates": [ -2.6128853, 53.453145099999986 ] } },
{ "type": "Feature", "properties": { "name": "Earlestown", "ref:crs": "ERL", "ref": null, "id": 2298 }, "geometry": { "type": "Point", "coordinates": [ -2.6376153, 53.4512184 ] } },
{ "type": "Feature", "properties": { "name": "Runcorn", "ref:crs": "RUN", "ref": null, "id": 2299 }, "geometry": { "type": "Point", "coordinates": [ -2.7393871, 53.338559899999986 ] } },
{ "type": "Feature", "properties": { "name": "Crewe", "ref:crs": "CRE", "ref": null, "id": 2300 }, "geometry": { "type": "Point", "coordinates": [ -2.4326364, 53.0889629 ] } },
{ "type": "Feature", "properties": { "name": "Portsmouth Harbour", "ref:crs": "PMH", "ref": null, "id": 2301 }, "geometry": { "type": "Point", "coordinates": [ -1.1087807, 50.7967035 ] } },
{ "type": "Feature", "properties": { "name": "Milford", "ref:crs": "MLF", "ref": null, "id": 2302 }, "geometry": { "type": "Point", "coordinates": [ -0.6368939, 51.163179 ] } },
{ "type": "Feature", "properties": { "name": "Witley", "ref:crs": "WTY", "ref": null, "id": 2303 }, "geometry": { "type": "Point", "coordinates": [ -0.6459792, 51.1331013 ] } },
{ "type": "Feature", "properties": { "name": "Haslemere", "ref:crs": "HSL", "ref": null, "id": 2304 }, "geometry": { "type": "Point", "coordinates": [ -0.7194871, 51.088775699999985 ] } },
{ "type": "Feature", "properties": { "name": "Liphook", "ref:crs": "LIP", "ref": null, "id": 2305 }, "geometry": { "type": "Point", "coordinates": [ -0.8001257, 51.0712216 ] } },
{ "type": "Feature", "properties": { "name": "Liss", "ref:crs": "LIS", "ref": null, "id": 2306 }, "geometry": { "type": "Point", "coordinates": [ -0.8926226, 51.0439274 ] } },
{ "type": "Feature", "properties": { "name": "Worplesdon", "ref:crs": "WPL", "ref": null, "id": 2307 }, "geometry": { "type": "Point", "coordinates": [ -0.5824209, 51.2878849 ] } },
{ "type": "Feature", "properties": { "name": "Petersfield", "ref:crs": "PTR", "ref": null, "id": 2308 }, "geometry": { "type": "Point", "coordinates": [ -0.9417209, 51.0065237 ] } },
{ "type": "Feature", "properties": { "name": "Rowlands Castle", "ref:crs": "RLN", "ref": null, "id": 2309 }, "geometry": { "type": "Point", "coordinates": [ -0.9572878, 50.8924725 ] } },
{ "type": "Feature", "properties": { "name": "Bedhampton", "ref:crs": "BDH", "ref": null, "id": 2310 }, "geometry": { "type": "Point", "coordinates": [ -0.9962717, 50.853984599999983 ] } },
{ "type": "Feature", "properties": { "name": "Havant", "ref:crs": "HAV", "ref": null, "id": 2311 }, "geometry": { "type": "Point", "coordinates": [ -0.9815624, 50.8544413 ] } },
{ "type": "Feature", "properties": { "name": "Portsmouth and Southsea", "ref:crs": "PMS", "ref": null, "id": 2312 }, "geometry": { "type": "Point", "coordinates": [ -1.0906787, 50.7982014 ] } },
{ "type": "Feature", "properties": { "name": "Tisbury", "ref:crs": "TIS", "ref": null, "id": 2313 }, "geometry": { "type": "Point", "coordinates": [ -2.0787884, 51.061005 ] } },
{ "type": "Feature", "properties": { "name": "Andover", "ref:crs": "ADV", "ref": null, "id": 2314 }, "geometry": { "type": "Point", "coordinates": [ -1.4927767, 51.211559 ] } },
{ "type": "Feature", "properties": { "name": "Templecombe", "ref:crs": "TMC", "ref": null, "id": 2315 }, "geometry": { "type": "Point", "coordinates": [ -2.4172852, 51.001594 ] } },
{ "type": "Feature", "properties": { "name": "Salisbury", "ref:crs": "SAL", "ref": null, "id": 2316 }, "geometry": { "type": "Point", "coordinates": [ -1.8064141, 51.070570600000011 ] } },
{ "type": "Feature", "properties": { "name": "Gillingham", "ref:crs": "GIL", "ref": null, "id": 2317 }, "geometry": { "type": "Point", "coordinates": [ -2.2720765, 51.0340876 ] } },
{ "type": "Feature", "properties": { "name": "East Garforth", "ref:crs": "EGF", "ref": null, "id": 2318 }, "geometry": { "type": "Point", "coordinates": [ -1.3715945, 53.7922376 ] } },
{ "type": "Feature", "properties": { "name": "Selby", "ref:crs": "SBY", "ref": null, "id": 2319 }, "geometry": { "type": "Point", "coordinates": [ -1.0634228, 53.7829146 ] } },
{ "type": "Feature", "properties": { "name": "Wressle", "ref:crs": "WRS", "ref": null, "id": 2320 }, "geometry": { "type": "Point", "coordinates": [ -0.9236723, 53.77282629999997 ] } },
{ "type": "Feature", "properties": { "name": "Howden", "ref:crs": "HOW", "ref": null, "id": 2321 }, "geometry": { "type": "Point", "coordinates": [ -0.8606411, 53.7647567 ] } },
{ "type": "Feature", "properties": { "name": "Broomfleet", "ref:crs": "BMF", "ref": null, "id": 2322 }, "geometry": { "type": "Point", "coordinates": [ -0.6730092, 53.74036730000001 ] } },
{ "type": "Feature", "properties": { "name": "Ferriby", "ref:crs": "FRY", "ref": null, "id": 2323 }, "geometry": { "type": "Point", "coordinates": [ -0.5077294, 53.7170509 ] } },
{ "type": "Feature", "properties": { "name": "Hessle", "ref:crs": "HES", "ref": null, "id": 2324 }, "geometry": { "type": "Point", "coordinates": [ -0.4421011, 53.71736880000001 ] } },
{ "type": "Feature", "properties": { "name": "Cross Gates", "ref:crs": "CRG", "ref": null, "id": 2325 }, "geometry": { "type": "Point", "coordinates": [ -1.450353, 53.8050605 ] } },
{ "type": "Feature", "properties": { "name": "Eastrington", "ref:crs": "EGN", "ref": null, "id": 2326 }, "geometry": { "type": "Point", "coordinates": [ -0.7870775, 53.755235 ] } },
{ "type": "Feature", "properties": { "name": "Hull Paragon Interchange", "ref:crs": "HUL", "ref": null, "id": 2327 }, "geometry": { "type": "Point", "coordinates": [ -0.3475977, 53.7438351 ] } },
{ "type": "Feature", "properties": { "name": "Stalybridge", "ref:crs": "SYB", "ref": null, "id": 2328 }, "geometry": { "type": "Point", "coordinates": [ -2.0642227, 53.4841386 ] } },
{ "type": "Feature", "properties": { "name": "Slaithwaite", "ref:crs": "SWT", "ref": null, "id": 2329 }, "geometry": { "type": "Point", "coordinates": [ -1.8806027, 53.6241585 ] } },
{ "type": "Feature", "properties": { "name": "Huddersfield", "ref:crs": "HUD", "ref": null, "id": 2330 }, "geometry": { "type": "Point", "coordinates": [ -1.7847509, 53.64849 ] } },
{ "type": "Feature", "properties": { "name": "Dewsbury", "ref:crs": "DEW", "ref": null, "id": 2331 }, "geometry": { "type": "Point", "coordinates": [ -1.6332735, 53.692016 ] } },
{ "type": "Feature", "properties": { "name": "Batley", "ref:crs": "BTL", "ref": null, "id": 2332 }, "geometry": { "type": "Point", "coordinates": [ -1.6230114, 53.7102081 ] } },
{ "type": "Feature", "properties": { "name": "Exeter St Davids", "ref:crs": "EXD", "ref": null, "id": 2333 }, "geometry": { "type": "Point", "coordinates": [ -3.5435703, 50.7292155 ] } },
{ "type": "Feature", "properties": { "name": "Exeter Central", "ref:crs": "EXC", "ref": null, "id": 2334 }, "geometry": { "type": "Point", "coordinates": [ -3.5322829, 50.7269097 ] } },
{ "type": "Feature", "properties": { "name": "Pinhoe", "ref:crs": "PIN", "ref": null, "id": 2335 }, "geometry": { "type": "Point", "coordinates": [ -3.4700849, 50.7377934 ] } },
{ "type": "Feature", "properties": { "name": "Cranbrook", "ref:crs": "CBK", "ref": null, "id": 2336 }, "geometry": { "type": "Point", "coordinates": [ -3.4209803, 50.7500196 ] } },
{ "type": "Feature", "properties": { "name": "Whimple", "ref:crs": "WHM", "ref": null, "id": 2337 }, "geometry": { "type": "Point", "coordinates": [ -3.3542794, 50.7679282 ] } },
{ "type": "Feature", "properties": { "name": "Feniton", "ref:crs": "FNT", "ref": null, "id": 2338 }, "geometry": { "type": "Point", "coordinates": [ -3.285205, 50.7865525 ] } },
{ "type": "Feature", "properties": { "name": "Honiton", "ref:crs": "HON", "ref": null, "id": 2339 }, "geometry": { "type": "Point", "coordinates": [ -3.1868994, 50.7967239 ] } },
{ "type": "Feature", "properties": { "name": "Axminster", "ref:crs": "AXM", "ref": null, "id": 2340 }, "geometry": { "type": "Point", "coordinates": [ -3.0049453, 50.7790074 ] } },
{ "type": "Feature", "properties": { "name": "Sherborne", "ref:crs": "SHE", "ref": null, "id": 2341 }, "geometry": { "type": "Point", "coordinates": [ -2.5129696, 50.943979 ] } },
{ "type": "Feature", "properties": { "name": "Yeovil Junction", "ref:crs": "YVJ", "ref": null, "id": 2342 }, "geometry": { "type": "Point", "coordinates": [ -2.6122447, 50.9248143 ] } },
{ "type": "Feature", "properties": { "name": "Crewkerne", "ref:crs": "CKN", "ref": null, "id": 2343 }, "geometry": { "type": "Point", "coordinates": [ -2.7784344, 50.8735853 ] } },
{ "type": "Feature", "properties": { "name": "Sunningdale", "ref:crs": "SNG", "ref": null, "id": 2344 }, "geometry": { "type": "Point", "coordinates": [ -0.6332427, 51.3921459 ] } },
{ "type": "Feature", "properties": { "name": "Winnersh Triangle", "ref:crs": "WTI", "ref": null, "id": 2345 }, "geometry": { "type": "Point", "coordinates": [ -0.8918298, 51.4367674 ] } },
{ "type": "Feature", "properties": { "name": "Winnersh", "ref:crs": "WNS", "ref": null, "id": 2346 }, "geometry": { "type": "Point", "coordinates": [ -0.8779199, 51.4307527 ] } },
{ "type": "Feature", "properties": { "name": "Egham", "ref:crs": "EGH", "ref": null, "id": 2347 }, "geometry": { "type": "Point", "coordinates": [ -0.5465778, 51.4294065 ] } },
{ "type": "Feature", "properties": { "name": "Staines", "ref:crs": "SNS", "ref": null, "id": 2348 }, "geometry": { "type": "Point", "coordinates": [ -0.5029086, 51.432328 ] } },
{ "type": "Feature", "properties": { "name": "Twickenham", "ref:crs": "TWI", "ref": null, "id": 2349 }, "geometry": { "type": "Point", "coordinates": [ -0.3288402, 51.4505786 ] } },
{ "type": "Feature", "properties": { "name": "Datchet", "ref:crs": "DAT", "ref": null, "id": 2350 }, "geometry": { "type": "Point", "coordinates": [ -0.5793863, 51.48289710000001 ] } },
{ "type": "Feature", "properties": { "name": "Sunnymeads", "ref:crs": "SNY", "ref": null, "id": 2351 }, "geometry": { "type": "Point", "coordinates": [ -0.558857, 51.46994930000001 ] } },
{ "type": "Feature", "properties": { "name": "Wraysbury", "ref:crs": "WRY", "ref": null, "id": 2352 }, "geometry": { "type": "Point", "coordinates": [ -0.541994, 51.4579278 ] } },
{ "type": "Feature", "properties": { "name": "Whitton", "ref:crs": "WTN", "ref": null, "id": 2353 }, "geometry": { "type": "Point", "coordinates": [ -0.3577822, 51.4494981 ] } },
{ "type": "Feature", "properties": { "name": "Barnes Bridge", "ref:crs": "BNI", "ref": null, "id": 2354 }, "geometry": { "type": "Point", "coordinates": [ -0.2526332, 51.4720123 ] } },
{ "type": "Feature", "properties": { "name": "Chiswick", "ref:crs": "CHK", "ref": null, "id": 2355 }, "geometry": { "type": "Point", "coordinates": [ -0.2681753, 51.4811465 ] } },
{ "type": "Feature", "properties": { "name": "Kew Bridge", "ref:crs": "KWB", "ref": null, "id": 2356 }, "geometry": { "type": "Point", "coordinates": [ -0.287225, 51.4895024 ] } },
{ "type": "Feature", "properties": { "name": "Brentford", "ref:crs": "BFD", "ref": null, "id": 2357 }, "geometry": { "type": "Point", "coordinates": [ -0.3096825, 51.4876569 ] } },
{ "type": "Feature", "properties": { "name": "Syon Lane", "ref:crs": "SYL", "ref": null, "id": 2358 }, "geometry": { "type": "Point", "coordinates": [ -0.32478, 51.4818147 ] } },
{ "type": "Feature", "properties": { "name": "Isleworth", "ref:crs": "ISL", "ref": null, "id": 2359 }, "geometry": { "type": "Point", "coordinates": [ -0.3368946, 51.4748823 ] } },
{ "type": "Feature", "properties": { "name": "Hounslow", "ref:crs": "HOU", "ref": null, "id": 2360 }, "geometry": { "type": "Point", "coordinates": [ -0.3617294, 51.4620974 ] } },
{ "type": "Feature", "properties": { "name": "Chertsey", "ref:crs": "CHY", "ref": null, "id": 2361 }, "geometry": { "type": "Point", "coordinates": [ -0.5094641, 51.3871309 ] } },
{ "type": "Feature", "properties": { "name": "Addlestone", "ref:crs": "ASN", "ref": null, "id": 2362 }, "geometry": { "type": "Point", "coordinates": [ -0.4845082, 51.3731128 ] } },
{ "type": "Feature", "properties": { "name": "Norbiton", "ref:crs": "NBT", "ref": null, "id": 2363 }, "geometry": { "type": "Point", "coordinates": [ -0.2840976, 51.4123032 ] } },
{ "type": "Feature", "properties": { "name": "Teddington", "ref:crs": "TED", "ref": null, "id": 2364 }, "geometry": { "type": "Point", "coordinates": [ -0.3325731, 51.4244662 ] } },
{ "type": "Feature", "properties": { "name": "Narberth", "ref:crs": "NAR", "ref": null, "id": 2365 }, "geometry": { "type": "Point", "coordinates": [ -4.7270443, 51.7994674 ] } },
{ "type": "Feature", "properties": { "name": "Dawlish", "ref:crs": "DWL", "ref": null, "id": 2366 }, "geometry": { "type": "Point", "coordinates": [ -3.4644482, 50.5806101 ] } },
{ "type": "Feature", "properties": { "name": "Fareham", "ref:crs": "FRM", "ref": null, "id": 2367 }, "geometry": { "type": "Point", "coordinates": [ -1.1923427, 50.8534057 ] } },
{ "type": "Feature", "properties": { "name": "St Denys", "ref:crs": "SDN", "ref": null, "id": 2368 }, "geometry": { "type": "Point", "coordinates": [ -1.3878591, 50.9222702 ] } },
{ "type": "Feature", "properties": { "name": "Millbrook", "ref:crs": "MBK", "ref": null, "id": 2369 }, "geometry": { "type": "Point", "coordinates": [ -1.4336981, 50.9114285 ] } },
{ "type": "Feature", "properties": { "name": "Brockenhurst", "ref:crs": "BCU", "ref": null, "id": 2370 }, "geometry": { "type": "Point", "coordinates": [ -1.5734094, 50.816746 ] } },
{ "type": "Feature", "properties": { "name": "Burgess Hill", "ref:crs": "BUG", "ref": null, "id": 2371 }, "geometry": { "type": "Point", "coordinates": [ -0.1274304, 50.9536081 ] } },
{ "type": "Feature", "properties": { "name": "Askam", "ref:crs": "ASK", "ref": null, "id": 2372 }, "geometry": { "type": "Point", "coordinates": [ -3.2045609, 54.1891252 ] } },
{ "type": "Feature", "properties": { "name": "Green Road", "ref:crs": "GNR", "ref": null, "id": 2373 }, "geometry": { "type": "Point", "coordinates": [ -3.2453885, 54.244423399999988 ] } },
{ "type": "Feature", "properties": { "name": "Millom", "ref:crs": "MLM", "ref": null, "id": 2374 }, "geometry": { "type": "Point", "coordinates": [ -3.2706093, 54.2110036 ] } },
{ "type": "Feature", "properties": { "name": "Bootle", "ref:crs": "BOC", "ref": null, "id": 2375 }, "geometry": { "type": "Point", "coordinates": [ -3.3938356, 54.2911815 ] } },
{ "type": "Feature", "properties": { "name": "Sellafield", "ref:crs": "SEL", "ref": null, "id": 2376 }, "geometry": { "type": "Point", "coordinates": [ -3.5104538, 54.4166451 ] } },
{ "type": "Feature", "properties": { "name": "Drigg", "ref:crs": "DRI", "ref": null, "id": 2377 }, "geometry": { "type": "Point", "coordinates": [ -3.4435811, 54.3768581 ] } },
{ "type": "Feature", "properties": { "name": "Braystones", "ref:crs": "BYS", "ref": null, "id": 2378 }, "geometry": { "type": "Point", "coordinates": [ -3.5419705, 54.4395084 ] } },
{ "type": "Feature", "properties": { "name": "Nairn", "ref:crs": "NRN", "ref": null, "id": 2379 }, "geometry": { "type": "Point", "coordinates": [ -3.8718304, 57.5802452 ] } },
{ "type": "Feature", "properties": { "name": "Lichfield Trent Valley", "ref:crs": "LTV", "ref": null, "id": 2380 }, "geometry": { "type": "Point", "coordinates": [ -1.7998262, 52.6868262 ] } },
{ "type": "Feature", "properties": { "name": "Kenilworth", "ref:crs": "KNW", "ref": null, "id": 2381 }, "geometry": { "type": "Point", "coordinates": [ -1.5724185, 52.3428168 ] } },
{ "type": "Feature", "properties": { "name": "Southend Airport", "ref:crs": "SIA", "ref": null, "id": 2382 }, "geometry": { "type": "Point", "coordinates": [ 0.7052992, 51.569686 ] } },
{ "type": "Feature", "properties": { "name": "Minster", "ref:crs": "MSR", "ref": null, "id": 2383 }, "geometry": { "type": "Point", "coordinates": [ 1.3171057, 51.3291668 ] } },
{ "type": "Feature", "properties": { "name": "Westgate-on-Sea", "ref:crs": "WGA", "ref": null, "id": 2384 }, "geometry": { "type": "Point", "coordinates": [ 1.3382306, 51.3812842 ] } },
{ "type": "Feature", "properties": { "name": "Blackpool North", "ref:crs": "BPN", "ref": null, "id": 2385 }, "geometry": { "type": "Point", "coordinates": [ -3.048373, 53.8229372 ] } },
{ "type": "Feature", "properties": { "name": "Hackbridge", "ref:crs": "HCB", "ref": null, "id": 2386 }, "geometry": { "type": "Point", "coordinates": [ -0.1537197, 51.3780278 ] } },
{ "type": "Feature", "properties": { "name": "Kensington (Olympia)", "ref:crs": "KPA", "ref": null, "id": 2387 }, "geometry": { "type": "Point", "coordinates": [ -0.2094954, 51.497437 ] } },
{ "type": "Feature", "properties": { "name": "South Ruislip", "ref:crs": "SRU", "ref": null, "id": 2388 }, "geometry": { "type": "Point", "coordinates": [ -0.3990635, 51.55699090000001 ] } },
{ "type": "Feature", "properties": { "name": "Pier Head", "ref:crs": null, "ref": null, "id": 2389 }, "geometry": { "type": "Point", "coordinates": [ 0.7213426, 51.5164752 ] } },
{ "type": "Feature", "properties": { "name": "Glasgow Central", "ref:crs": "GLC", "ref": null, "id": 2390 }, "geometry": { "type": "Point", "coordinates": [ -4.2584361, 55.858313199999969 ] } },
{ "type": "Feature", "properties": { "name": "Glasgow Queen Street", "ref:crs": "GLQ", "ref": null, "id": 2391 }, "geometry": { "type": "Point", "coordinates": [ -4.2512371, 55.8625793 ] } },
{ "type": "Feature", "properties": { "name": "Retford", "ref:crs": "RET", "ref": null, "id": 2392 }, "geometry": { "type": "Point", "coordinates": [ -0.9459845, 53.313993600000011 ] } },
{ "type": "Feature", "properties": { "name": "Warwick Parkway", "ref:crs": "WRP", "ref": null, "id": 2393 }, "geometry": { "type": "Point", "coordinates": [ -1.6122733, 52.2860143 ] } },
{ "type": "Feature", "properties": { "name": "Brownhills West", "ref:crs": null, "ref": null, "id": 2394 }, "geometry": { "type": "Point", "coordinates": [ -1.9529961, 52.66269 ] } },
{ "type": "Feature", "properties": { "name": "Kings Norton", "ref:crs": "KNN", "ref": null, "id": 2395 }, "geometry": { "type": "Point", "coordinates": [ -1.932615, 52.4142407 ] } },
{ "type": "Feature", "properties": { "name": "White Hart Lane", "ref:crs": "WHL", "ref": null, "id": 2396 }, "geometry": { "type": "Point", "coordinates": [ -0.0707508, 51.6045787 ] } },
{ "type": "Feature", "properties": { "name": "Turkey Street", "ref:crs": "TUR", "ref": null, "id": 2397 }, "geometry": { "type": "Point", "coordinates": [ -0.0471452, 51.6727314 ] } },
{ "type": "Feature", "properties": { "name": "Theobalds Grove", "ref:crs": "TEO", "ref": null, "id": 2398 }, "geometry": { "type": "Point", "coordinates": [ -0.0356103, 51.6919835 ] } },
{ "type": "Feature", "properties": { "name": "Stamford Hill", "ref:crs": "SMH", "ref": null, "id": 2399 }, "geometry": { "type": "Point", "coordinates": [ -0.0762903, 51.5748867 ] } },
{ "type": "Feature", "properties": { "name": "Stoke Newington", "ref:crs": "SKW", "ref": null, "id": 2400 }, "geometry": { "type": "Point", "coordinates": [ -0.0727844, 51.5651868 ] } },
{ "type": "Feature", "properties": { "name": "Bruce Grove", "ref:crs": "BCV", "ref": null, "id": 2401 }, "geometry": { "type": "Point", "coordinates": [ -0.070011, 51.5937122 ] } },
{ "type": "Feature", "properties": { "name": "Rectory Road", "ref:crs": "REC", "ref": null, "id": 2402 }, "geometry": { "type": "Point", "coordinates": [ -0.0686408, 51.5591049 ] } },
{ "type": "Feature", "properties": { "name": "Northumberland Park", "ref:crs": "NUM", "ref": null, "id": 2403 }, "geometry": { "type": "Point", "coordinates": [ -0.0538985, 51.6019134 ] } },
{ "type": "Feature", "properties": { "name": "Clapton", "ref:crs": "CPT", "ref": null, "id": 2404 }, "geometry": { "type": "Point", "coordinates": [ -0.0568709, 51.5616555 ] } },
{ "type": "Feature", "properties": { "name": "Brimsdown", "ref:crs": "BMD", "ref": null, "id": 2405 }, "geometry": { "type": "Point", "coordinates": [ -0.0308093, 51.6555713 ] } },
{ "type": "Feature", "properties": { "name": "Enfield Lock", "ref:crs": "ENL", "ref": null, "id": 2406 }, "geometry": { "type": "Point", "coordinates": [ -0.0286058, 51.670612399999982 ] } },
{ "type": "Feature", "properties": { "name": "Waltham Cross", "ref:crs": "WLC", "ref": null, "id": 2407 }, "geometry": { "type": "Point", "coordinates": [ -0.0264841, 51.6847637 ] } },
{ "type": "Feature", "properties": { "name": "Broxbourne", "ref:crs": "BXB", "ref": null, "id": 2408 }, "geometry": { "type": "Point", "coordinates": [ -0.0106626, 51.7468426 ] } },
{ "type": "Feature", "properties": { "name": "Roydon", "ref:crs": "RYN", "ref": null, "id": 2409 }, "geometry": { "type": "Point", "coordinates": [ 0.0355326, 51.775456 ] } },
{ "type": "Feature", "properties": { "name": "Harlow Town", "ref:crs": "HWN", "ref": null, "id": 2410 }, "geometry": { "type": "Point", "coordinates": [ 0.0950305, 51.781287 ] } },
{ "type": "Feature", "properties": { "name": "Harlow Mill", "ref:crs": "HWM", "ref": null, "id": 2411 }, "geometry": { "type": "Point", "coordinates": [ 0.1321036, 51.7904439 ] } },
{ "type": "Feature", "properties": { "name": "Sawbridgeworth", "ref:crs": "SAW", "ref": null, "id": 2412 }, "geometry": { "type": "Point", "coordinates": [ 0.16054, 51.8146205 ] } },
{ "type": "Feature", "properties": { "name": "Stansted Mountfitchet", "ref:crs": "SST", "ref": null, "id": 2413 }, "geometry": { "type": "Point", "coordinates": [ 0.199248, 51.9012646 ] } },
{ "type": "Feature", "properties": { "name": "Elsenham", "ref:crs": "ESM", "ref": null, "id": 2414 }, "geometry": { "type": "Point", "coordinates": [ 0.2277995, 51.9206948 ] } },
{ "type": "Feature", "properties": { "name": "Newport", "ref:crs": "NWE", "ref": null, "id": 2415 }, "geometry": { "type": "Point", "coordinates": [ 0.215334, 51.9798629 ] } },
{ "type": "Feature", "properties": { "name": "Audley End", "ref:crs": "AUD", "ref": null, "id": 2416 }, "geometry": { "type": "Point", "coordinates": [ 0.2071507, 52.0044551 ] } },
{ "type": "Feature", "properties": { "name": "Whittlesford Parkway", "ref:crs": "WLF", "ref": null, "id": 2417 }, "geometry": { "type": "Point", "coordinates": [ 0.1657359, 52.1035739 ] } },
{ "type": "Feature", "properties": { "name": "Shelford", "ref:crs": "SED", "ref": null, "id": 2418 }, "geometry": { "type": "Point", "coordinates": [ 0.1398447, 52.1494347 ] } },
{ "type": "Feature", "properties": { "name": "Stansted Airport", "ref:crs": "SSD", "ref": null, "id": 2419 }, "geometry": { "type": "Point", "coordinates": [ 0.2621537, 51.88925960000001 ] } },
{ "type": "Feature", "properties": { "name": "Hertford East", "ref:crs": "HFE", "ref": null, "id": 2420 }, "geometry": { "type": "Point", "coordinates": [ -0.0717552, 51.799402 ] } },
{ "type": "Feature", "properties": { "name": "Ware", "ref:crs": "WAR", "ref": null, "id": 2421 }, "geometry": { "type": "Point", "coordinates": [ -0.0295377, 51.8080948 ] } },
{ "type": "Feature", "properties": { "name": "St Margarets", "ref:crs": "SMT", "ref": null, "id": 2422 }, "geometry": { "type": "Point", "coordinates": [ 0.0010843, 51.7879595 ] } },
{ "type": "Feature", "properties": { "name": "Rye House", "ref:crs": "RYH", "ref": null, "id": 2423 }, "geometry": { "type": "Point", "coordinates": [ 0.0055296, 51.7693606 ] } },
{ "type": "Feature", "properties": { "name": "Elverson Road", "ref:crs": null, "ref": null, "id": 2424 }, "geometry": { "type": "Point", "coordinates": [ -0.0162072, 51.4685232 ] } },
{ "type": "Feature", "properties": { "name": "Deptford Bridge", "ref:crs": null, "ref": "ZDB", "id": 2425 }, "geometry": { "type": "Point", "coordinates": [ -0.0223933, 51.474163799999985 ] } },
{ "type": "Feature", "properties": { "name": "Crossharbour", "ref:crs": null, "ref": null, "id": 2426 }, "geometry": { "type": "Point", "coordinates": [ -0.0144418, 51.4959022 ] } },
{ "type": "Feature", "properties": { "name": "South Quay", "ref:crs": null, "ref": null, "id": 2427 }, "geometry": { "type": "Point", "coordinates": [ -0.0162525, 51.5000357 ] } },
{ "type": "Feature", "properties": { "name": "King George V", "ref:crs": null, "ref": null, "id": 2428 }, "geometry": { "type": "Point", "coordinates": [ 0.0623526, 51.502006 ] } },
{ "type": "Feature", "properties": { "name": "Royal Victoria", "ref:crs": null, "ref": null, "id": 2429 }, "geometry": { "type": "Point", "coordinates": [ 0.0175953, 51.5091026 ] } },
{ "type": "Feature", "properties": { "name": "Custom House", "ref:crs": null, "ref": null, "id": 2430 }, "geometry": { "type": "Point", "coordinates": [ 0.0259614, 51.5096341 ] } },
{ "type": "Feature", "properties": { "name": "Prince Regent", "ref:crs": null, "ref": null, "id": 2431 }, "geometry": { "type": "Point", "coordinates": [ 0.0331521, 51.5094778 ] } },
{ "type": "Feature", "properties": { "name": "Royal Albert", "ref:crs": null, "ref": null, "id": 2432 }, "geometry": { "type": "Point", "coordinates": [ 0.0458839, 51.50839520000001 ] } },
{ "type": "Feature", "properties": { "name": "Gallions Reach", "ref:crs": null, "ref": null, "id": 2433 }, "geometry": { "type": "Point", "coordinates": [ 0.0717937, 51.5089622 ] } },
{ "type": "Feature", "properties": { "name": "Beckton", "ref:crs": null, "ref": null, "id": 2434 }, "geometry": { "type": "Point", "coordinates": [ 0.061373, 51.5143713 ] } },
{ "type": "Feature", "properties": { "name": "Blackwall", "ref:crs": null, "ref": null, "id": 2435 }, "geometry": { "type": "Point", "coordinates": [ -0.0071843, 51.5079378 ] } },
{ "type": "Feature", "properties": { "name": "East India", "ref:crs": null, "ref": null, "id": 2436 }, "geometry": { "type": "Point", "coordinates": [ -0.0021873, 51.5093835 ] } },
{ "type": "Feature", "properties": { "name": "London City Airport", "ref:crs": null, "ref": null, "id": 2437 }, "geometry": { "type": "Point", "coordinates": [ 0.048542, 51.5035322 ] } },
{ "type": "Feature", "properties": { "name": "West Silvertown", "ref:crs": null, "ref": null, "id": 2438 }, "geometry": { "type": "Point", "coordinates": [ 0.0223323, 51.5028811 ] } },
{ "type": "Feature", "properties": { "name": "Pontoon Dock", "ref:crs": null, "ref": null, "id": 2439 }, "geometry": { "type": "Point", "coordinates": [ 0.0332232, 51.5022501 ] } },
{ "type": "Feature", "properties": { "name": "North Acton", "ref:crs": null, "ref": "ZNA", "id": 2440 }, "geometry": { "type": "Point", "coordinates": [ -0.2597818, 51.523576899999973 ] } },
{ "type": "Feature", "properties": { "name": "Westhoughton", "ref:crs": "WHG", "ref": null, "id": 2441 }, "geometry": { "type": "Point", "coordinates": [ -2.523221, 53.5558849 ] } },
{ "type": "Feature", "properties": { "name": "Hammersmith (District and Piccadilly lines)", "ref:crs": null, "ref": "ZHA", "id": 2442 }, "geometry": { "type": "Point", "coordinates": [ -0.2233005, 51.492139799999968 ] } },
{ "type": "Feature", "properties": { "name": "Mitcham Junction", "ref:crs": "MIJ", "ref": null, "id": 2443 }, "geometry": { "type": "Point", "coordinates": [ -0.1577774, 51.392945 ] } },
{ "type": "Feature", "properties": { "name": "Horwich Parkway", "ref:crs": "HWI", "ref": null, "id": 2444 }, "geometry": { "type": "Point", "coordinates": [ -2.5397317, 53.5779831 ] } },
{ "type": "Feature", "properties": { "name": "Tower Hill", "ref:crs": null, "ref": "ZTH", "id": 2445 }, "geometry": { "type": "Point", "coordinates": [ -0.0766986, 51.5098481 ] } },
{ "type": "Feature", "properties": { "name": "Witton-le-Wear", "ref:crs": null, "ref": null, "id": 2446 }, "geometry": { "type": "Point", "coordinates": [ -1.766657, 54.6763739 ] } },
{ "type": "Feature", "properties": { "name": "Moses Gate", "ref:crs": "MSS", "ref": null, "id": 2447 }, "geometry": { "type": "Point", "coordinates": [ -2.4015572, 53.5562667 ] } },
{ "type": "Feature", "properties": { "name": "Farnworth", "ref:crs": "FNW", "ref": null, "id": 2448 }, "geometry": { "type": "Point", "coordinates": [ -2.3885326, 53.5504599 ] } },
{ "type": "Feature", "properties": { "name": "Bayford", "ref:crs": "BAY", "ref": null, "id": 2449 }, "geometry": { "type": "Point", "coordinates": [ -0.0957274, 51.7579011 ] } },
{ "type": "Feature", "properties": { "name": "Cuffley", "ref:crs": "CUF", "ref": null, "id": 2450 }, "geometry": { "type": "Point", "coordinates": [ -0.1097981, 51.7091464 ] } },
{ "type": "Feature", "properties": { "name": "Crews Hill", "ref:crs": "CWH", "ref": null, "id": 2451 }, "geometry": { "type": "Point", "coordinates": [ -0.1072562, 51.6847476 ] } },
{ "type": "Feature", "properties": { "name": "Gordon Hill", "ref:crs": "GDH", "ref": null, "id": 2452 }, "geometry": { "type": "Point", "coordinates": [ -0.0946375, 51.663247 ] } },
{ "type": "Feature", "properties": { "name": "Grange Park", "ref:crs": "GPK", "ref": null, "id": 2453 }, "geometry": { "type": "Point", "coordinates": [ -0.0969391, 51.643329199999989 ] } },
{ "type": "Feature", "properties": { "name": "Palmers Green", "ref:crs": "PAL", "ref": null, "id": 2454 }, "geometry": { "type": "Point", "coordinates": [ -0.1101687, 51.618660899999988 ] } },
{ "type": "Feature", "properties": { "name": "Hornsey", "ref:crs": "HRN", "ref": null, "id": 2455 }, "geometry": { "type": "Point", "coordinates": [ -0.1116832, 51.5863215 ] } },
{ "type": "Feature", "properties": { "name": "Hertford North", "ref:crs": "HFN", "ref": null, "id": 2456 }, "geometry": { "type": "Point", "coordinates": [ -0.0922384, 51.7986797 ] } },
{ "type": "Feature", "properties": { "name": "Bowes Park", "ref:crs": "BOP", "ref": null, "id": 2457 }, "geometry": { "type": "Point", "coordinates": [ -0.1204848, 51.6071861 ] } },
{ "type": "Feature", "properties": { "name": "Colindale", "ref:crs": null, "ref": null, "id": 2458 }, "geometry": { "type": "Point", "coordinates": [ -0.2499296, 51.5954091 ] } },
{ "type": "Feature", "properties": { "name": "Golders Green", "ref:crs": null, "ref": null, "id": 2459 }, "geometry": { "type": "Point", "coordinates": [ -0.194027, 51.5723003 ] } },
{ "type": "Feature", "properties": { "name": "Ruislip", "ref:crs": null, "ref": null, "id": 2460 }, "geometry": { "type": "Point", "coordinates": [ -0.4213375, 51.5714026 ] } },
{ "type": "Feature", "properties": { "name": "Rayners Lane", "ref:crs": null, "ref": null, "id": 2461 }, "geometry": { "type": "Point", "coordinates": [ -0.3714658, 51.5752109 ] } },
{ "type": "Feature", "properties": { "name": "Neasden", "ref:crs": null, "ref": null, "id": 2462 }, "geometry": { "type": "Point", "coordinates": [ -0.250749, 51.5543358 ] } },
{ "type": "Feature", "properties": { "name": "The Valley Railway Adventure", "ref:crs": null, "ref": null, "id": 2463 }, "geometry": { "type": "Point", "coordinates": [ -1.9372088, 52.1172969 ] } },
{ "type": "Feature", "properties": { "name": "Hatton Cross", "ref:crs": null, "ref": null, "id": 2464 }, "geometry": { "type": "Point", "coordinates": [ -0.4239942, 51.4665357 ] } },
{ "type": "Feature", "properties": { "name": "Osterley", "ref:crs": null, "ref": null, "id": 2465 }, "geometry": { "type": "Point", "coordinates": [ -0.3518348, 51.4815507 ] } },
{ "type": "Feature", "properties": { "name": "Stamford Brook", "ref:crs": null, "ref": null, "id": 2466 }, "geometry": { "type": "Point", "coordinates": [ -0.2458881, 51.4949692 ] } },
{ "type": "Feature", "properties": { "name": "Turnham Green", "ref:crs": null, "ref": "ZTU", "id": 2467 }, "geometry": { "type": "Point", "coordinates": [ -0.2546948, 51.4951314 ] } },
{ "type": "Feature", "properties": { "name": "Chiswick Park", "ref:crs": null, "ref": null, "id": 2468 }, "geometry": { "type": "Point", "coordinates": [ -0.2678739, 51.4945622 ] } },
{ "type": "Feature", "properties": { "name": "Romiley", "ref:crs": "RML", "ref": null, "id": 2469 }, "geometry": { "type": "Point", "coordinates": [ -2.0893199, 53.4140086 ] } },
{ "type": "Feature", "properties": { "name": "Bredbury", "ref:crs": "BDY", "ref": null, "id": 2470 }, "geometry": { "type": "Point", "coordinates": [ -2.1104918, 53.4230377 ] } },
{ "type": "Feature", "properties": { "name": "Ashburys", "ref:crs": "ABY", "ref": null, "id": 2471 }, "geometry": { "type": "Point", "coordinates": [ -2.1952305, 53.4718438 ] } },
{ "type": "Feature", "properties": { "name": "Belle Vue", "ref:crs": "BLV", "ref": null, "id": 2472 }, "geometry": { "type": "Point", "coordinates": [ -2.1800733, 53.4614732 ] } },
{ "type": "Feature", "properties": { "name": "Grindleford", "ref:crs": "GRN", "ref": null, "id": 2473 }, "geometry": { "type": "Point", "coordinates": [ -1.6260289, 53.3055623 ] } },
{ "type": "Feature", "properties": { "name": "Bamford", "ref:crs": "BAM", "ref": null, "id": 2474 }, "geometry": { "type": "Point", "coordinates": [ -1.6894024, 53.3391287 ] } },
{ "type": "Feature", "properties": { "name": "Edale", "ref:crs": "EDL", "ref": null, "id": 2475 }, "geometry": { "type": "Point", "coordinates": [ -1.8172462, 53.3648176 ] } },
{ "type": "Feature", "properties": { "name": "New Mills Central", "ref:crs": "NMC", "ref": null, "id": 2476 }, "geometry": { "type": "Point", "coordinates": [ -2.0055693, 53.3648638 ] } },
{ "type": "Feature", "properties": { "name": "Strines", "ref:crs": "SRN", "ref": null, "id": 2477 }, "geometry": { "type": "Point", "coordinates": [ -2.0333062, 53.374569 ] } },
{ "type": "Feature", "properties": { "name": "Marple", "ref:crs": "MPL", "ref": null, "id": 2478 }, "geometry": { "type": "Point", "coordinates": [ -2.0572003, 53.4006474 ] } },
{ "type": "Feature", "properties": { "name": "Mouldsworth", "ref:crs": "MLD", "ref": null, "id": 2479 }, "geometry": { "type": "Point", "coordinates": [ -2.7322101, 53.2318152 ] } },
{ "type": "Feature", "properties": { "name": "Delamere", "ref:crs": "DLM", "ref": null, "id": 2480 }, "geometry": { "type": "Point", "coordinates": [ -2.6665302, 53.2288345 ] } },
{ "type": "Feature", "properties": { "name": "Cuddington", "ref:crs": "CUD", "ref": null, "id": 2481 }, "geometry": { "type": "Point", "coordinates": [ -2.5995386, 53.2399223 ] } },
{ "type": "Feature", "properties": { "name": "Greenbank", "ref:crs": "GBK", "ref": null, "id": 2482 }, "geometry": { "type": "Point", "coordinates": [ -2.5344589, 53.2514201 ] } },
{ "type": "Feature", "properties": { "name": "Northwich", "ref:crs": "NWI", "ref": null, "id": 2483 }, "geometry": { "type": "Point", "coordinates": [ -2.4968484, 53.2613648 ] } },
{ "type": "Feature", "properties": { "name": "Plumley", "ref:crs": "PLM", "ref": null, "id": 2484 }, "geometry": { "type": "Point", "coordinates": [ -2.4196724, 53.2748823 ] } },
{ "type": "Feature", "properties": { "name": "Knutsford", "ref:crs": "KNF", "ref": null, "id": 2485 }, "geometry": { "type": "Point", "coordinates": [ -2.3721765, 53.3015965 ] } },
{ "type": "Feature", "properties": { "name": "Altrincham", "ref:crs": "ALT", "ref": null, "id": 2486 }, "geometry": { "type": "Point", "coordinates": [ -2.3470824, 53.3876561 ] } },
{ "type": "Feature", "properties": { "name": "Hale", "ref:crs": "HAL", "ref": null, "id": 2487 }, "geometry": { "type": "Point", "coordinates": [ -2.3474975, 53.3785218 ] } },
{ "type": "Feature", "properties": { "name": "Earl's Court", "ref:crs": null, "ref": "ZET", "id": 2488 }, "geometry": { "type": "Point", "coordinates": [ -0.193903, 51.4916123 ] } },
{ "type": "Feature", "properties": { "name": "Becontree", "ref:crs": null, "ref": "ZBZ", "id": 2489 }, "geometry": { "type": "Point", "coordinates": [ 0.1265241, 51.5403111 ] } },
{ "type": "Feature", "properties": { "name": "Ruislip Manor", "ref:crs": null, "ref": null, "id": 2490 }, "geometry": { "type": "Point", "coordinates": [ -0.4117997, 51.5733973 ] } },
{ "type": "Feature", "properties": { "name": "Northolt", "ref:crs": null, "ref": null, "id": 2491 }, "geometry": { "type": "Point", "coordinates": [ -0.3695247, 51.5484582 ] } },
{ "type": "Feature", "properties": { "name": "Perivale", "ref:crs": null, "ref": null, "id": 2492 }, "geometry": { "type": "Point", "coordinates": [ -0.3225887, 51.5364952 ] } },
{ "type": "Feature", "properties": { "name": "Theydon Bois", "ref:crs": null, "ref": null, "id": 2493 }, "geometry": { "type": "Point", "coordinates": [ 0.1033213, 51.6717759 ] } },
{ "type": "Feature", "properties": { "name": "Loughton", "ref:crs": null, "ref": null, "id": 2494 }, "geometry": { "type": "Point", "coordinates": [ 0.0553234, 51.6412266 ] } },
{ "type": "Feature", "properties": { "name": "Woodford", "ref:crs": null, "ref": null, "id": 2495 }, "geometry": { "type": "Point", "coordinates": [ 0.0340219, 51.6068074 ] } },
{ "type": "Feature", "properties": { "name": "Hanger Lane", "ref:crs": null, "ref": null, "id": 2496 }, "geometry": { "type": "Point", "coordinates": [ -0.2936453, 51.5303098 ] } },
{ "type": "Feature", "properties": { "name": "Upminster Bridge", "ref:crs": null, "ref": null, "id": 2497 }, "geometry": { "type": "Point", "coordinates": [ 0.2347689, 51.5582655 ] } },
{ "type": "Feature", "properties": { "name": "Hornchurch", "ref:crs": null, "ref": null, "id": 2498 }, "geometry": { "type": "Point", "coordinates": [ 0.2181092, 51.5538747 ] } },
{ "type": "Feature", "properties": { "name": "Dagenham East", "ref:crs": null, "ref": "ZDE", "id": 2499 }, "geometry": { "type": "Point", "coordinates": [ 0.1649496, 51.544018 ] } },
{ "type": "Feature", "properties": { "name": "Dagenham Heathway", "ref:crs": null, "ref": null, "id": 2500 }, "geometry": { "type": "Point", "coordinates": [ 0.1456377, 51.5415534 ] } },
{ "type": "Feature", "properties": { "name": "Stanmore", "ref:crs": null, "ref": "ZSM", "id": 2501 }, "geometry": { "type": "Point", "coordinates": [ -0.3026271, 51.618852599999983 ] } },
{ "type": "Feature", "properties": { "name": "Canons Park", "ref:crs": null, "ref": null, "id": 2502 }, "geometry": { "type": "Point", "coordinates": [ -0.2947453, 51.6080065 ] } },
{ "type": "Feature", "properties": { "name": "Elm Park", "ref:crs": null, "ref": null, "id": 2503 }, "geometry": { "type": "Point", "coordinates": [ 0.1974303, 51.549579 ] } },
{ "type": "Feature", "properties": { "name": "Leyton", "ref:crs": null, "ref": null, "id": 2504 }, "geometry": { "type": "Point", "coordinates": [ -0.0051322, 51.5568183 ] } },
{ "type": "Feature", "properties": { "name": "East Putney", "ref:crs": null, "ref": "ZPU", "id": 2505 }, "geometry": { "type": "Point", "coordinates": [ -0.2112429, 51.4586138 ] } },
{ "type": "Feature", "properties": { "name": "Marsden", "ref:crs": "MSN", "ref": null, "id": 2506 }, "geometry": { "type": "Point", "coordinates": [ -1.9302115, 53.6032403 ] } },
{ "type": "Feature", "properties": { "name": "Gorton", "ref:crs": "GTO", "ref": null, "id": 2507 }, "geometry": { "type": "Point", "coordinates": [ -2.1677485, 53.4689321 ] } },
{ "type": "Feature", "properties": { "name": "Fairfield", "ref:crs": "FRF", "ref": null, "id": 2508 }, "geometry": { "type": "Point", "coordinates": [ -2.1449235, 53.4713232 ] } },
{ "type": "Feature", "properties": { "name": "Greenfield", "ref:crs": "GNF", "ref": null, "id": 2509 }, "geometry": { "type": "Point", "coordinates": [ -2.0142364, 53.5387491 ] } },
{ "type": "Feature", "properties": { "name": "Temple", "ref:crs": null, "ref": null, "id": 2510 }, "geometry": { "type": "Point", "coordinates": [ -0.1143345, 51.5109659 ] } },
{ "type": "Feature", "properties": { "name": "Walthamstow Central", "ref:crs": "WHC", "ref": null, "id": 2511 }, "geometry": { "type": "Point", "coordinates": [ -0.0199941, 51.582893 ] } },
{ "type": "Feature", "properties": { "name": "Anerley", "ref:crs": "ANZ", "ref": null, "id": 2512 }, "geometry": { "type": "Point", "coordinates": [ -0.0655796, 51.4125891 ] } },
{ "type": "Feature", "properties": { "name": "Chartley Halt", "ref:crs": null, "ref": null, "id": 2513 }, "geometry": { "type": "Point", "coordinates": [ -2.0041243, 52.8486248 ] } },
{ "type": "Feature", "properties": { "name": "Amerton Station", "ref:crs": null, "ref": null, "id": 2514 }, "geometry": { "type": "Point", "coordinates": [ -2.0104669, 52.8478506 ] } },
{ "type": "Feature", "properties": { "name": "Alperton", "ref:crs": null, "ref": null, "id": 2515 }, "geometry": { "type": "Point", "coordinates": [ -0.3000963, 51.5408036 ] } },
{ "type": "Feature", "properties": { "name": "Covent Garden", "ref:crs": null, "ref": null, "id": 2516 }, "geometry": { "type": "Point", "coordinates": [ -0.1242695, 51.5130942 ] } },
{ "type": "Feature", "properties": { "name": "St. John's Wood", "ref:crs": null, "ref": null, "id": 2517 }, "geometry": { "type": "Point", "coordinates": [ -0.1742097, 51.5353523 ] } },
{ "type": "Feature", "properties": { "name": "East Ham", "ref:crs": null, "ref": "ZEH", "id": 2518 }, "geometry": { "type": "Point", "coordinates": [ 0.0526042, 51.5394005 ] } },
{ "type": "Feature", "properties": { "name": "Bromley-by-Bow", "ref:crs": null, "ref": "ZBW", "id": 2519 }, "geometry": { "type": "Point", "coordinates": [ -0.0123189, 51.5246287 ] } },
{ "type": "Feature", "properties": { "name": "Kensal Green", "ref:crs": "KNL", "ref": null, "id": 2520 }, "geometry": { "type": "Point", "coordinates": [ -0.2244449, 51.5306063 ] } },
{ "type": "Feature", "properties": { "name": "Harlesden", "ref:crs": "HDN", "ref": null, "id": 2521 }, "geometry": { "type": "Point", "coordinates": [ -0.257833, 51.5363567 ] } },
{ "type": "Feature", "properties": { "name": "West Hampstead", "ref:crs": null, "ref": null, "id": 2522 }, "geometry": { "type": "Point", "coordinates": [ -0.1899646, 51.5468194 ] } },
{ "type": "Feature", "properties": { "name": "Bermondsey", "ref:crs": null, "ref": "ZEO", "id": 2523 }, "geometry": { "type": "Point", "coordinates": [ -0.0643453, 51.4977004 ] } },
{ "type": "Feature", "properties": { "name": "Green Park", "ref:crs": null, "ref": null, "id": 2524 }, "geometry": { "type": "Point", "coordinates": [ -0.1429113, 51.50661920000001 ] } },
{ "type": "Feature", "properties": { "name": "Heaton Chapel", "ref:crs": "HTC", "ref": null, "id": 2525 }, "geometry": { "type": "Point", "coordinates": [ -2.1792895, 53.4259927 ] } },
{ "type": "Feature", "properties": { "name": "Congleton", "ref:crs": "CNG", "ref": null, "id": 2526 }, "geometry": { "type": "Point", "coordinates": [ -2.1924594, 53.1577982 ] } },
{ "type": "Feature", "properties": { "name": "Prestbury", "ref:crs": "PRB", "ref": null, "id": 2527 }, "geometry": { "type": "Point", "coordinates": [ -2.1453161, 53.293110700000021 ] } },
{ "type": "Feature", "properties": { "name": "Adlington (Cheshire)", "ref:crs": "ADC", "ref": null, "id": 2528 }, "geometry": { "type": "Point", "coordinates": [ -2.1336443, 53.3197238 ] } },
{ "type": "Feature", "properties": { "name": "Uxbridge", "ref:crs": null, "ref": null, "id": 2529 }, "geometry": { "type": "Point", "coordinates": [ -0.4775114, 51.546655 ] } },
{ "type": "Feature", "properties": { "name": "Hillingdon", "ref:crs": null, "ref": "ZHD", "id": 2530 }, "geometry": { "type": "Point", "coordinates": [ -0.4504637, 51.5536028 ] } },
{ "type": "Feature", "properties": { "name": "Goldhawk Road", "ref:crs": null, "ref": null, "id": 2531 }, "geometry": { "type": "Point", "coordinates": [ -0.2265662, 51.5017564 ] } },
{ "type": "Feature", "properties": { "name": "Shepherd's Bush", "ref:crs": null, "ref": null, "id": 2532 }, "geometry": { "type": "Point", "coordinates": [ -0.2183251, 51.5043576 ] } },
{ "type": "Feature", "properties": { "name": "Latimer Road", "ref:crs": null, "ref": null, "id": 2533 }, "geometry": { "type": "Point", "coordinates": [ -0.2177873, 51.5134749 ] } },
{ "type": "Feature", "properties": { "name": "Kilburn Park", "ref:crs": null, "ref": "ZKP", "id": 2534 }, "geometry": { "type": "Point", "coordinates": [ -0.1943721, 51.535070399999988 ] } },
{ "type": "Feature", "properties": { "name": "Royal Oak", "ref:crs": null, "ref": "ZRY", "id": 2535 }, "geometry": { "type": "Point", "coordinates": [ -0.1874439, 51.5190222 ] } },
{ "type": "Feature", "properties": { "name": "Bayswater", "ref:crs": null, "ref": null, "id": 2536 }, "geometry": { "type": "Point", "coordinates": [ -0.1883854, 51.512276399999983 ] } },
{ "type": "Feature", "properties": { "name": "High Street Kensington", "ref:crs": null, "ref": "ZHS", "id": 2537 }, "geometry": { "type": "Point", "coordinates": [ -0.1921096, 51.500299499999983 ] } },
{ "type": "Feature", "properties": { "name": "Gloucester Road", "ref:crs": null, "ref": null, "id": 2538 }, "geometry": { "type": "Point", "coordinates": [ -0.1837696, 51.4945266 ] } },
{ "type": "Feature", "properties": { "name": "Marble Arch", "ref:crs": null, "ref": null, "id": 2539 }, "geometry": { "type": "Point", "coordinates": [ -0.1582531, 51.513435 ] } },
{ "type": "Feature", "properties": { "name": "Great Portland Street", "ref:crs": null, "ref": null, "id": 2540 }, "geometry": { "type": "Point", "coordinates": [ -0.1437048, 51.5238146 ] } },
{ "type": "Feature", "properties": { "name": "Warren Street", "ref:crs": null, "ref": null, "id": 2541 }, "geometry": { "type": "Point", "coordinates": [ -0.1385303, 51.5247178 ] } },
{ "type": "Feature", "properties": { "name": "Goodge Street", "ref:crs": null, "ref": null, "id": 2542 }, "geometry": { "type": "Point", "coordinates": [ -0.1343573, 51.520597799999983 ] } },
{ "type": "Feature", "properties": { "name": "Highbury & Islington", "ref:crs": "HHY", "ref": null, "id": 2543 }, "geometry": { "type": "Point", "coordinates": [ -0.1036544, 51.5463679 ] } },
{ "type": "Feature", "properties": { "name": "Edge Hill", "ref:crs": "EDG", "ref": null, "id": 2544 }, "geometry": { "type": "Point", "coordinates": [ -2.9466548, 53.4024926 ] } },
{ "type": "Feature", "properties": { "name": "Mossley Hill", "ref:crs": "MSH", "ref": null, "id": 2545 }, "geometry": { "type": "Point", "coordinates": [ -2.914829, 53.3785566 ] } },
{ "type": "Feature", "properties": { "name": "West Allerton", "ref:crs": "WSA", "ref": null, "id": 2546 }, "geometry": { "type": "Point", "coordinates": [ -2.9071937, 53.3693253 ] } },
{ "type": "Feature", "properties": { "name": "Halewood", "ref:crs": "HED", "ref": null, "id": 2547 }, "geometry": { "type": "Point", "coordinates": [ -2.830106, 53.364495 ] } },
{ "type": "Feature", "properties": { "name": "Hough Green", "ref:crs": "HGN", "ref": null, "id": 2548 }, "geometry": { "type": "Point", "coordinates": [ -2.7752696, 53.3725786 ] } },
{ "type": "Feature", "properties": { "name": "Warrington West", "ref:crs": "WAW", "ref": null, "id": 2549 }, "geometry": { "type": "Point", "coordinates": [ -2.6369293, 53.3937436 ] } },
{ "type": "Feature", "properties": { "name": "Sankey for Penketh", "ref:crs": "SNK", "ref": null, "id": 2550 }, "geometry": { "type": "Point", "coordinates": [ -2.6505871, 53.392344799999968 ] } },
{ "type": "Feature", "properties": { "name": "Trafford Park", "ref:crs": "TRA", "ref": null, "id": 2551 }, "geometry": { "type": "Point", "coordinates": [ -2.3116958, 53.4547767 ] } },
{ "type": "Feature", "properties": { "name": "Humphrey Park", "ref:crs": "HUP", "ref": null, "id": 2552 }, "geometry": { "type": "Point", "coordinates": [ -2.3272609, 53.4523337 ] } },
{ "type": "Feature", "properties": { "name": "Flixton", "ref:crs": "FLI", "ref": null, "id": 2553 }, "geometry": { "type": "Point", "coordinates": [ -2.3839554, 53.4437085 ] } },
{ "type": "Feature", "properties": { "name": "Chassen Road", "ref:crs": "CSR", "ref": null, "id": 2554 }, "geometry": { "type": "Point", "coordinates": [ -2.3678327, 53.4461647 ] } },
{ "type": "Feature", "properties": { "name": "Urmston", "ref:crs": "URM", "ref": null, "id": 2555 }, "geometry": { "type": "Point", "coordinates": [ -2.3536565, 53.4483208 ] } },
{ "type": "Feature", "properties": { "name": "Irlam", "ref:crs": "IRL", "ref": null, "id": 2556 }, "geometry": { "type": "Point", "coordinates": [ -2.4328454, 53.4342044 ] } },
{ "type": "Feature", "properties": { "name": "Birchwood", "ref:crs": "BWD", "ref": null, "id": 2557 }, "geometry": { "type": "Point", "coordinates": [ -2.5251395, 53.4127822 ] } },
{ "type": "Feature", "properties": { "name": "Padgate", "ref:crs": "PDG", "ref": null, "id": 2558 }, "geometry": { "type": "Point", "coordinates": [ -2.5569297, 53.4056193 ] } },
{ "type": "Feature", "properties": { "name": "Warrington Central", "ref:crs": "WAC", "ref": null, "id": 2559 }, "geometry": { "type": "Point", "coordinates": [ -2.5924167, 53.3919402 ] } },
{ "type": "Feature", "properties": { "name": "Grantham", "ref:crs": "GRA", "ref": null, "id": 2560 }, "geometry": { "type": "Point", "coordinates": [ -0.6430066, 52.906521699999985 ] } },
{ "type": "Feature", "properties": { "name": "Netherfield", "ref:crs": "NET", "ref": null, "id": 2561 }, "geometry": { "type": "Point", "coordinates": [ -1.0793598, 52.9614057 ] } },
{ "type": "Feature", "properties": { "name": "Ely", "ref:crs": "ELY", "ref": null, "id": 2562 }, "geometry": { "type": "Point", "coordinates": [ 0.2664989, 52.3906885 ] } },
{ "type": "Feature", "properties": { "name": "Barrow-upon-Soar", "ref:crs": "BWS", "ref": null, "id": 2563 }, "geometry": { "type": "Point", "coordinates": [ -1.1454909, 52.7494311 ] } },
{ "type": "Feature", "properties": { "name": "Syston", "ref:crs": "SYS", "ref": null, "id": 2564 }, "geometry": { "type": "Point", "coordinates": [ -1.0825247, 52.6940888 ] } },
{ "type": "Feature", "properties": { "name": "Rolleston", "ref:crs": "ROL", "ref": null, "id": 2565 }, "geometry": { "type": "Point", "coordinates": [ -0.9001231, 53.0651443 ] } },
{ "type": "Feature", "properties": { "name": "Newark Castle", "ref:crs": "NCT", "ref": null, "id": 2566 }, "geometry": { "type": "Point", "coordinates": [ -0.8131753, 53.0802549 ] } },
{ "type": "Feature", "properties": { "name": "Fiskerton", "ref:crs": "FSK", "ref": null, "id": 2567 }, "geometry": { "type": "Point", "coordinates": [ -0.9118374, 53.0606002 ] } },
{ "type": "Feature", "properties": { "name": "Bleasby", "ref:crs": "BSB", "ref": null, "id": 2568 }, "geometry": { "type": "Point", "coordinates": [ -0.9435609, 53.0414796 ] } },
{ "type": "Feature", "properties": { "name": "Thurgarton", "ref:crs": "THU", "ref": null, "id": 2569 }, "geometry": { "type": "Point", "coordinates": [ -0.9622591, 53.028971599999984 ] } },
{ "type": "Feature", "properties": { "name": "Lowdham", "ref:crs": "LOW", "ref": null, "id": 2570 }, "geometry": { "type": "Point", "coordinates": [ -0.9982248, 53.0064332 ] } },
{ "type": "Feature", "properties": { "name": "Carlton", "ref:crs": "CTO", "ref": null, "id": 2571 }, "geometry": { "type": "Point", "coordinates": [ -1.0787671, 52.9650524 ] } },
{ "type": "Feature", "properties": { "name": "Burton Joyce", "ref:crs": "BUJ", "ref": null, "id": 2572 }, "geometry": { "type": "Point", "coordinates": [ -1.0412134, 52.9832944 ] } },
{ "type": "Feature", "properties": { "name": "Attenborough", "ref:crs": "ATB", "ref": null, "id": 2573 }, "geometry": { "type": "Point", "coordinates": [ -1.2311523, 52.906413199999989 ] } },
{ "type": "Feature", "properties": { "name": "Duffield", "ref:crs": "DFI", "ref": null, "id": 2574 }, "geometry": { "type": "Point", "coordinates": [ -1.4858584, 52.9882284 ] } },
{ "type": "Feature", "properties": { "name": "Belper", "ref:crs": "BLP", "ref": null, "id": 2575 }, "geometry": { "type": "Point", "coordinates": [ -1.4825631, 53.0242729 ] } },
{ "type": "Feature", "properties": { "name": "Whatstandwell", "ref:crs": "WTS", "ref": null, "id": 2576 }, "geometry": { "type": "Point", "coordinates": [ -1.5042939, 53.0834695 ] } },
{ "type": "Feature", "properties": { "name": "Cromford", "ref:crs": "CMF", "ref": null, "id": 2577 }, "geometry": { "type": "Point", "coordinates": [ -1.5490661, 53.11291150000001 ] } },
{ "type": "Feature", "properties": { "name": "Matlock", "ref:crs": "MAT", "ref": null, "id": 2578 }, "geometry": { "type": "Point", "coordinates": [ -1.5585511, 53.1381136 ] } },
{ "type": "Feature", "properties": { "name": "Matlock Bath", "ref:crs": "MTB", "ref": null, "id": 2579 }, "geometry": { "type": "Point", "coordinates": [ -1.5568716, 53.1225529 ] } },
{ "type": "Feature", "properties": { "name": "Levenshulme", "ref:crs": "LVM", "ref": null, "id": 2580 }, "geometry": { "type": "Point", "coordinates": [ -2.1929575, 53.4449044 ] } },
{ "type": "Feature", "properties": { "name": "Handforth", "ref:crs": "HTH", "ref": null, "id": 2581 }, "geometry": { "type": "Point", "coordinates": [ -2.2136737, 53.346446 ] } },
{ "type": "Feature", "properties": { "name": "Chelford", "ref:crs": "CEL", "ref": null, "id": 2582 }, "geometry": { "type": "Point", "coordinates": [ -2.2804386, 53.2704221 ] } },
{ "type": "Feature", "properties": { "name": "Holmes Chapel", "ref:crs": "HCH", "ref": null, "id": 2583 }, "geometry": { "type": "Point", "coordinates": [ -2.3511004, 53.19927520000001 ] } },
{ "type": "Feature", "properties": { "name": "Sandbach", "ref:crs": "SDB", "ref": null, "id": 2584 }, "geometry": { "type": "Point", "coordinates": [ -2.3937143, 53.1502448 ] } },
{ "type": "Feature", "properties": { "name": "Drayton Park", "ref:crs": "DYP", "ref": null, "id": 2585 }, "geometry": { "type": "Point", "coordinates": [ -0.1057696, 51.5531063 ] } },
{ "type": "Feature", "properties": { "name": "Main Terminal Building (Arrivals)", "ref:crs": null, "ref": null, "id": 2586 }, "geometry": { "type": "Point", "coordinates": [ 0.2615497, 51.8911955 ] } },
{ "type": "Feature", "properties": { "name": "Willesden Green", "ref:crs": null, "ref": null, "id": 2587 }, "geometry": { "type": "Point", "coordinates": [ -0.222223, 51.5493524 ] } },
{ "type": "Feature", "properties": { "name": "Kilburn", "ref:crs": null, "ref": null, "id": 2588 }, "geometry": { "type": "Point", "coordinates": [ -0.2053385, 51.546988899999988 ] } },
{ "type": "Feature", "properties": { "name": "West Acton", "ref:crs": null, "ref": null, "id": 2589 }, "geometry": { "type": "Point", "coordinates": [ -0.280413, 51.5183524 ] } },
{ "type": "Feature", "properties": { "name": "Richmond", "ref:crs": "RMD", "ref": null, "id": 2590 }, "geometry": { "type": "Point", "coordinates": [ -0.3004127, 51.463207199999964 ] } },
{ "type": "Feature", "properties": { "name": "Gunnersbury", "ref:crs": "GUN", "ref": null, "id": 2591 }, "geometry": { "type": "Point", "coordinates": [ -0.2755244, 51.4913757 ] } },
{ "type": "Feature", "properties": { "name": "Stonebridge Park", "ref:crs": "SBP", "ref": null, "id": 2592 }, "geometry": { "type": "Point", "coordinates": [ -0.2762285, 51.5441099 ] } },
{ "type": "Feature", "properties": { "name": "Willesden Junction", "ref:crs": "WIJ", "ref": null, "id": 2593 }, "geometry": { "type": "Point", "coordinates": [ -0.2435041, 51.5321956 ] } },
{ "type": "Feature", "properties": { "name": "Davenport", "ref:crs": "DVN", "ref": null, "id": 2594 }, "geometry": { "type": "Point", "coordinates": [ -2.1521585, 53.390734 ] } },
{ "type": "Feature", "properties": { "name": "Woodsmoor", "ref:crs": "WSR", "ref": null, "id": 2595 }, "geometry": { "type": "Point", "coordinates": [ -2.1412433, 53.3861409 ] } },
{ "type": "Feature", "properties": { "name": "Hazel Grove", "ref:crs": "HAZ", "ref": null, "id": 2596 }, "geometry": { "type": "Point", "coordinates": [ -2.1221506, 53.3774667 ] } },
{ "type": "Feature", "properties": { "name": "Disley", "ref:crs": "DSL", "ref": null, "id": 2597 }, "geometry": { "type": "Point", "coordinates": [ -2.0426188, 53.3582435 ] } },
{ "type": "Feature", "properties": { "name": "New Mills Newtown", "ref:crs": "NMN", "ref": null, "id": 2598 }, "geometry": { "type": "Point", "coordinates": [ -2.0082028, 53.359464099999983 ] } },
{ "type": "Feature", "properties": { "name": "Furness Vale", "ref:crs": "FNV", "ref": null, "id": 2599 }, "geometry": { "type": "Point", "coordinates": [ -1.9888665, 53.348808 ] } },
{ "type": "Feature", "properties": { "name": "Chapel-en-le-Frith", "ref:crs": "CEF", "ref": null, "id": 2600 }, "geometry": { "type": "Point", "coordinates": [ -1.9183726, 53.312057199999984 ] } },
{ "type": "Feature", "properties": { "name": "Dove Holes", "ref:crs": "DVH", "ref": null, "id": 2601 }, "geometry": { "type": "Point", "coordinates": [ -1.8897118, 53.3001375 ] } },
{ "type": "Feature", "properties": { "name": "Dollis Hill", "ref:crs": null, "ref": null, "id": 2602 }, "geometry": { "type": "Point", "coordinates": [ -0.2390026, 51.5519333 ] } },
{ "type": "Feature", "properties": { "name": "Westbourne Park", "ref:crs": null, "ref": null, "id": 2603 }, "geometry": { "type": "Point", "coordinates": [ -0.2014098, 51.5209265 ] } },
{ "type": "Feature", "properties": { "name": "South Acton", "ref:crs": "SAT", "ref": null, "id": 2604 }, "geometry": { "type": "Point", "coordinates": [ -0.2698979, 51.4997225 ] } },
{ "type": "Feature", "properties": { "name": "Kew Gardens", "ref:crs": "KWG", "ref": null, "id": 2605 }, "geometry": { "type": "Point", "coordinates": [ -0.284962, 51.4771341 ] } },
{ "type": "Feature", "properties": { "name": "Leyland", "ref:crs": "LEY", "ref": null, "id": 2606 }, "geometry": { "type": "Point", "coordinates": [ -2.686555, 53.6985644 ] } },
{ "type": "Feature", "properties": { "name": "Haymarket", "ref:crs": "HYM", "ref": null, "id": 2607 }, "geometry": { "type": "Point", "coordinates": [ -3.2193738, 55.9451838 ] } },
{ "type": "Feature", "properties": { "name": "Penrith (North Lakes)", "ref:crs": "PNR", "ref": null, "id": 2608 }, "geometry": { "type": "Point", "coordinates": [ -2.7586794, 54.661886 ] } },
{ "type": "Feature", "properties": { "name": "Lockerbie", "ref:crs": "LOC", "ref": null, "id": 2609 }, "geometry": { "type": "Point", "coordinates": [ -3.3537892, 55.1224062 ] } },
{ "type": "Feature", "properties": { "name": "Barking", "ref:crs": "BKG", "ref": null, "id": 2610 }, "geometry": { "type": "Point", "coordinates": [ 0.0793235, 51.5402677 ] } },
{ "type": "Feature", "properties": { "name": "Ladbroke Grove", "ref:crs": null, "ref": null, "id": 2611 }, "geometry": { "type": "Point", "coordinates": [ -0.2111019, 51.51726390000001 ] } },
{ "type": "Feature", "properties": { "name": "Upney", "ref:crs": null, "ref": null, "id": 2612 }, "geometry": { "type": "Point", "coordinates": [ 0.099626, 51.538266 ] } },
{ "type": "Feature", "properties": { "name": "Cessnock", "ref:crs": null, "ref": null, "id": 2613 }, "geometry": { "type": "Point", "coordinates": [ -4.2949612, 55.8523711 ] } },
{ "type": "Feature", "properties": { "name": "Queen's Park", "ref:crs": "QPW", "ref": null, "id": 2614 }, "geometry": { "type": "Point", "coordinates": [ -0.2054958, 51.533873 ] } },
{ "type": "Feature", "properties": { "name": "Tottenham Hale", "ref:crs": "TOM", "ref": null, "id": 2615 }, "geometry": { "type": "Point", "coordinates": [ -0.0599366, 51.5881223 ] } },
{ "type": "Feature", "properties": { "name": "Holland Park", "ref:crs": null, "ref": null, "id": 2616 }, "geometry": { "type": "Point", "coordinates": [ -0.2055243, 51.5071908 ] } },
{ "type": "Feature", "properties": { "name": "Euston Square", "ref:crs": null, "ref": null, "id": 2617 }, "geometry": { "type": "Point", "coordinates": [ -0.1355703, 51.5256866 ] } },
{ "type": "Feature", "properties": { "name": "Camden Road", "ref:crs": "CMD", "ref": null, "id": 2618 }, "geometry": { "type": "Point", "coordinates": [ -0.1395276, 51.5419498 ] } },
{ "type": "Feature", "properties": { "name": "Meridian Water", "ref:crs": "MRW", "ref": null, "id": 2619 }, "geometry": { "type": "Point", "coordinates": [ -0.0501962, 51.6100345 ] } },
{ "type": "Feature", "properties": { "name": "South Bermondsey", "ref:crs": "SBM", "ref": null, "id": 2620 }, "geometry": { "type": "Point", "coordinates": [ -0.0544564, 51.4879512 ] } },
{ "type": "Feature", "properties": { "name": "Oxford", "ref:crs": "OXF", "ref": null, "id": 2621 }, "geometry": { "type": "Point", "coordinates": [ -1.2699542, 51.7534512 ] } },
{ "type": "Feature", "properties": { "name": "Wanstead", "ref:crs": null, "ref": null, "id": 2622 }, "geometry": { "type": "Point", "coordinates": [ 0.0286373, 51.575646 ] } },
{ "type": "Feature", "properties": { "name": "Queensway", "ref:crs": null, "ref": null, "id": 2623 }, "geometry": { "type": "Point", "coordinates": [ -0.1872329, 51.510472900000011 ] } },
{ "type": "Feature", "properties": { "name": "Cutty Sark for Maritime Greenwich", "ref:crs": null, "ref": null, "id": 2624 }, "geometry": { "type": "Point", "coordinates": [ -0.0106896, 51.481775 ] } },
{ "type": "Feature", "properties": { "name": "Witham", "ref:crs": "WTM", "ref": null, "id": 2625 }, "geometry": { "type": "Point", "coordinates": [ 0.6394272, 51.8059244 ] } },
{ "type": "Feature", "properties": { "name": "Shoeburyness", "ref:crs": "SRY", "ref": null, "id": 2626 }, "geometry": { "type": "Point", "coordinates": [ 0.7945675, 51.531446 ] } },
{ "type": "Feature", "properties": { "name": "Maryland", "ref:crs": "MYL", "ref": null, "id": 2627 }, "geometry": { "type": "Point", "coordinates": [ 0.0059223, 51.54605320000001 ] } },
{ "type": "Feature", "properties": { "name": "West Hampstead", "ref:crs": "WHD", "ref": null, "id": 2628 }, "geometry": { "type": "Point", "coordinates": [ -0.1920126, 51.5473011 ] } },
{ "type": "Feature", "properties": { "name": "Tower Gateway", "ref:crs": null, "ref": "ZTG", "id": 2629 }, "geometry": { "type": "Point", "coordinates": [ -0.0739505, 51.5106288 ] } },
{ "type": "Feature", "properties": { "name": "Lewisham", "ref:crs": "LEW", "ref": null, "id": 2630 }, "geometry": { "type": "Point", "coordinates": [ -0.0139562, 51.4656437 ] } },
{ "type": "Feature", "properties": { "name": "West Hampstead Thameslink", "ref:crs": "WHP", "ref": null, "id": 2631 }, "geometry": { "type": "Point", "coordinates": [ -0.192322, 51.5484242 ] } },
{ "type": "Feature", "properties": { "name": "Selhurst", "ref:crs": "SRS", "ref": null, "id": 2632 }, "geometry": { "type": "Point", "coordinates": [ -0.0886537, 51.3922136 ] } },
{ "type": "Feature", "properties": { "name": "Heathrow Terminal 5", "ref:crs": "HWV", "ref": null, "id": 2633 }, "geometry": { "type": "Point", "coordinates": [ -0.4877251, 51.4722216 ] } },
{ "type": "Feature", "properties": { "name": "Wood Street", "ref:crs": "WST", "ref": null, "id": 2634 }, "geometry": { "type": "Point", "coordinates": [ -0.0016791, 51.587041 ] } },
{ "type": "Feature", "properties": { "name": "Headstone Lane", "ref:crs": "HDL", "ref": null, "id": 2635 }, "geometry": { "type": "Point", "coordinates": [ -0.3569524, 51.6025533 ] } },
{ "type": "Feature", "properties": { "name": "Hatch End", "ref:crs": "HTE", "ref": null, "id": 2636 }, "geometry": { "type": "Point", "coordinates": [ -0.3687836, 51.6095781 ] } },
{ "type": "Feature", "properties": { "name": "Daisy Hill", "ref:crs": "DSY", "ref": null, "id": 2637 }, "geometry": { "type": "Point", "coordinates": [ -2.5151778, 53.539359 ] } },
{ "type": "Feature", "properties": { "name": "Moorside", "ref:crs": "MSD", "ref": null, "id": 2638 }, "geometry": { "type": "Point", "coordinates": [ -2.3527491, 53.5163626 ] } },
{ "type": "Feature", "properties": { "name": "Walkden", "ref:crs": "WKD", "ref": null, "id": 2639 }, "geometry": { "type": "Point", "coordinates": [ -2.395748, 53.5197861 ] } },
{ "type": "Feature", "properties": { "name": "Atherton", "ref:crs": "ATN", "ref": null, "id": 2640 }, "geometry": { "type": "Point", "coordinates": [ -2.4778339, 53.529075699999986 ] } },
{ "type": "Feature", "properties": { "name": "Brockley", "ref:crs": "BCY", "ref": null, "id": 2641 }, "geometry": { "type": "Point", "coordinates": [ -0.0376125, 51.4642287 ] } },
{ "type": "Feature", "properties": { "name": "Manor Park", "ref:crs": "MNP", "ref": null, "id": 2642 }, "geometry": { "type": "Point", "coordinates": [ 0.0450354, 51.5521996 ] } },
{ "type": "Feature", "properties": { "name": "Forest Gate", "ref:crs": "FOG", "ref": null, "id": 2643 }, "geometry": { "type": "Point", "coordinates": [ 0.0232808, 51.549251 ] } },
{ "type": "Feature", "properties": { "name": "Didcot Parkway", "ref:crs": "DID", "ref": null, "id": 2644 }, "geometry": { "type": "Point", "coordinates": [ -1.2425171, 51.6112197 ] } },
{ "type": "Feature", "properties": { "name": "Reading", "ref:crs": "RDG", "ref": null, "id": 2645 }, "geometry": { "type": "Point", "coordinates": [ -0.9723182, 51.4592197 ] } },
{ "type": "Feature", "properties": { "name": "Newport", "ref:crs": "NWP", "ref": null, "id": 2646 }, "geometry": { "type": "Point", "coordinates": [ -3.000425, 51.588767500000017 ] } },
{ "type": "Feature", "properties": { "name": "Cardiff Central", "ref:crs": "CDF", "ref": null, "id": 2647 }, "geometry": { "type": "Point", "coordinates": [ -3.1797057, 51.4755495 ] } },
{ "type": "Feature", "properties": { "name": "Bristol Parkway", "ref:crs": "BPW", "ref": null, "id": 2648 }, "geometry": { "type": "Point", "coordinates": [ -2.542979, 51.5138815 ] } },
{ "type": "Feature", "properties": { "name": "Bath Spa", "ref:crs": "BTH", "ref": null, "id": 2649 }, "geometry": { "type": "Point", "coordinates": [ -2.3567189, 51.3776019 ] } },
{ "type": "Feature", "properties": { "name": "Theale", "ref:crs": "THE", "ref": null, "id": 2650 }, "geometry": { "type": "Point", "coordinates": [ -1.074364, 51.4333628 ] } },
{ "type": "Feature", "properties": { "name": "Hungerford", "ref:crs": "HGD", "ref": null, "id": 2651 }, "geometry": { "type": "Point", "coordinates": [ -1.5114295, 51.414713700000014 ] } },
{ "type": "Feature", "properties": { "name": "Bedwyn", "ref:crs": "BDW", "ref": null, "id": 2652 }, "geometry": { "type": "Point", "coordinates": [ -1.5988642, 51.379545 ] } },
{ "type": "Feature", "properties": { "name": "St Erth", "ref:crs": "SER", "ref": null, "id": 2653 }, "geometry": { "type": "Point", "coordinates": [ -5.4439212, 50.1705718 ] } },
{ "type": "Feature", "properties": { "name": "Camborne", "ref:crs": "CBN", "ref": null, "id": 2654 }, "geometry": { "type": "Point", "coordinates": [ -5.2977246, 50.2102433 ] } },
{ "type": "Feature", "properties": { "name": "Redruth", "ref:crs": "RED", "ref": null, "id": 2655 }, "geometry": { "type": "Point", "coordinates": [ -5.2258998, 50.2331289 ] } },
{ "type": "Feature", "properties": { "name": "St Austell", "ref:crs": "SAU", "ref": null, "id": 2656 }, "geometry": { "type": "Point", "coordinates": [ -4.7893307, 50.3395984 ] } },
{ "type": "Feature", "properties": { "name": "Par", "ref:crs": "PAR", "ref": null, "id": 2657 }, "geometry": { "type": "Point", "coordinates": [ -4.7046126, 50.3557151 ] } },
{ "type": "Feature", "properties": { "name": "Lostwithiel", "ref:crs": "LOS", "ref": null, "id": 2658 }, "geometry": { "type": "Point", "coordinates": [ -4.6660608, 50.4071311 ] } },
{ "type": "Feature", "properties": { "name": "Bodmin Parkway", "ref:crs": "BOD", "ref": null, "id": 2659 }, "geometry": { "type": "Point", "coordinates": [ -4.6627595, 50.4460054 ] } },
{ "type": "Feature", "properties": { "name": "Liskeard", "ref:crs": "LSK", "ref": null, "id": 2660 }, "geometry": { "type": "Point", "coordinates": [ -4.4695293, 50.4468194 ] } },
{ "type": "Feature", "properties": { "name": "Totnes", "ref:crs": "TOT", "ref": null, "id": 2661 }, "geometry": { "type": "Point", "coordinates": [ -3.6887478, 50.4359143 ] } },
{ "type": "Feature", "properties": { "name": "Newton Abbot", "ref:crs": "NTA", "ref": null, "id": 2662 }, "geometry": { "type": "Point", "coordinates": [ -3.5992265, 50.5301513 ] } },
{ "type": "Feature", "properties": { "name": "Tiverton Parkway", "ref:crs": "TVP", "ref": null, "id": 2663 }, "geometry": { "type": "Point", "coordinates": [ -3.3597427, 50.9170751 ] } },
{ "type": "Feature", "properties": { "name": "Frome", "ref:crs": "FRO", "ref": null, "id": 2664 }, "geometry": { "type": "Point", "coordinates": [ -2.3099995, 51.2274459 ] } },
{ "type": "Feature", "properties": { "name": "Pewsey", "ref:crs": "PEW", "ref": null, "id": 2665 }, "geometry": { "type": "Point", "coordinates": [ -1.7706911, 51.3422347 ] } },
{ "type": "Feature", "properties": { "name": "Westbury", "ref:crs": "WSB", "ref": null, "id": 2666 }, "geometry": { "type": "Point", "coordinates": [ -2.1997296, 51.2663283 ] } },
{ "type": "Feature", "properties": { "name": "Reading West", "ref:crs": "RDW", "ref": null, "id": 2667 }, "geometry": { "type": "Point", "coordinates": [ -0.9907169, 51.454648299999988 ] } },
{ "type": "Feature", "properties": { "name": "Thatcham", "ref:crs": "THA", "ref": null, "id": 2668 }, "geometry": { "type": "Point", "coordinates": [ -1.2427417, 51.3938591 ] } },
{ "type": "Feature", "properties": { "name": "Kintbury", "ref:crs": "KIT", "ref": null, "id": 2669 }, "geometry": { "type": "Point", "coordinates": [ -1.4459175, 51.4026136 ] } },
{ "type": "Feature", "properties": { "name": "Colwall", "ref:crs": "CWL", "ref": null, "id": 2670 }, "geometry": { "type": "Point", "coordinates": [ -2.3567991, 52.0798427 ] } },
{ "type": "Feature", "properties": { "name": "Ledbury", "ref:crs": "LED", "ref": null, "id": 2671 }, "geometry": { "type": "Point", "coordinates": [ -2.4256108, 52.0452528 ] } },
{ "type": "Feature", "properties": { "name": "Pershore", "ref:crs": "PSH", "ref": null, "id": 2672 }, "geometry": { "type": "Point", "coordinates": [ -2.0723991, 52.1307399 ] } },
{ "type": "Feature", "properties": { "name": "Charlbury", "ref:crs": "CBY", "ref": null, "id": 2673 }, "geometry": { "type": "Point", "coordinates": [ -1.4897686, 51.8723271 ] } },
{ "type": "Feature", "properties": { "name": "Great Malvern", "ref:crs": "GMV", "ref": null, "id": 2674 }, "geometry": { "type": "Point", "coordinates": [ -2.3181313, 52.1093038 ] } },
{ "type": "Feature", "properties": { "name": "Worcester Shrub Hill", "ref:crs": "WOS", "ref": null, "id": 2675 }, "geometry": { "type": "Point", "coordinates": [ -2.2093282, 52.1950309 ] } },
{ "type": "Feature", "properties": { "name": "Moreton-in-Marsh", "ref:crs": "MIM", "ref": null, "id": 2676 }, "geometry": { "type": "Point", "coordinates": [ -1.7002657, 51.9921819 ] } },
{ "type": "Feature", "properties": { "name": "Evesham", "ref:crs": "EVE", "ref": null, "id": 2677 }, "geometry": { "type": "Point", "coordinates": [ -1.9472858, 52.0984969 ] } },
{ "type": "Feature", "properties": { "name": "Honeybourne", "ref:crs": "HYB", "ref": null, "id": 2678 }, "geometry": { "type": "Point", "coordinates": [ -1.8336821, 52.10164060000001 ] } },
{ "type": "Feature", "properties": { "name": "Kingham", "ref:crs": "KGM", "ref": null, "id": 2679 }, "geometry": { "type": "Point", "coordinates": [ -1.628532, 51.9024116 ] } },
{ "type": "Feature", "properties": { "name": "Hanborough", "ref:crs": "HND", "ref": null, "id": 2680 }, "geometry": { "type": "Point", "coordinates": [ -1.3726319, 51.824708099999974 ] } },
{ "type": "Feature", "properties": { "name": "Epsom", "ref:crs": "EPS", "ref": null, "id": 2681 }, "geometry": { "type": "Point", "coordinates": [ -0.2695495, 51.3343527 ] } },
{ "type": "Feature", "properties": { "name": "Banbury", "ref:crs": "BAN", "ref": null, "id": 2682 }, "geometry": { "type": "Point", "coordinates": [ -1.3277563, 52.0605712 ] } },
{ "type": "Feature", "properties": { "name": "Leamington Spa", "ref:crs": "LMS", "ref": null, "id": 2683 }, "geometry": { "type": "Point", "coordinates": [ -1.5358026, 52.28461 ] } },
{ "type": "Feature", "properties": { "name": "Winchester", "ref:crs": "WIN", "ref": null, "id": 2684 }, "geometry": { "type": "Point", "coordinates": [ -1.3200089, 51.0672545 ] } },
{ "type": "Feature", "properties": { "name": "Southampton Airport Parkway", "ref:crs": "SOA", "ref": null, "id": 2685 }, "geometry": { "type": "Point", "coordinates": [ -1.3629471, 50.9506997 ] } },
{ "type": "Feature", "properties": { "name": "Bournemouth", "ref:crs": "BMH", "ref": null, "id": 2686 }, "geometry": { "type": "Point", "coordinates": [ -1.8641943, 50.7272094 ] } },
{ "type": "Feature", "properties": { "name": "Wolverhampton", "ref:crs": "WVH", "ref": null, "id": 2687 }, "geometry": { "type": "Point", "coordinates": [ -2.120242, 52.5879884 ] } },
{ "type": "Feature", "properties": { "name": "Coleshill Parkway", "ref:crs": "CEH", "ref": null, "id": 2688 }, "geometry": { "type": "Point", "coordinates": [ -1.7077717, 52.5165155 ] } },
{ "type": "Feature", "properties": { "name": "Oakham", "ref:crs": "OKM", "ref": null, "id": 2689 }, "geometry": { "type": "Point", "coordinates": [ -0.7343447, 52.6722903 ] } },
{ "type": "Feature", "properties": { "name": "Willington", "ref:crs": "WIL", "ref": null, "id": 2690 }, "geometry": { "type": "Point", "coordinates": [ -1.5641036, 52.853379199999985 ] } },
{ "type": "Feature", "properties": { "name": "University", "ref:crs": "UNI", "ref": null, "id": 2691 }, "geometry": { "type": "Point", "coordinates": [ -1.9362273, 52.45159240000001 ] } },
{ "type": "Feature", "properties": { "name": "Gloucester", "ref:crs": "GCR", "ref": null, "id": 2692 }, "geometry": { "type": "Point", "coordinates": [ -2.2382438, 51.8655109 ] } },
{ "type": "Feature", "properties": { "name": "Burton-on-Trent", "ref:crs": "BUT", "ref": null, "id": 2693 }, "geometry": { "type": "Point", "coordinates": [ -1.6424988, 52.8058728 ] } },
{ "type": "Feature", "properties": { "name": "Heathrow Terminals 2 & 3", "ref:crs": "HXX", "ref": null, "id": 2694 }, "geometry": { "type": "Point", "coordinates": [ -0.4543118, 51.4719282 ] } },
{ "type": "Feature", "properties": { "name": "Tattenham Corner", "ref:crs": "TAT", "ref": null, "id": 2695 }, "geometry": { "type": "Point", "coordinates": [ -0.2421857, 51.308624 ] } },
{ "type": "Feature", "properties": { "name": "Ewell West", "ref:crs": "EWW", "ref": null, "id": 2696 }, "geometry": { "type": "Point", "coordinates": [ -0.257131, 51.3501115 ] } },
{ "type": "Feature", "properties": { "name": "Middlesbrough", "ref:crs": "MBR", "ref": null, "id": 2697 }, "geometry": { "type": "Point", "coordinates": [ -1.2345092, 54.5791464 ] } },
{ "type": "Feature", "properties": { "name": "Hartlepool", "ref:crs": "HPL", "ref": null, "id": 2698 }, "geometry": { "type": "Point", "coordinates": [ -1.207832, 54.6868261 ] } },
{ "type": "Feature", "properties": { "name": "Manchester Airport", "ref:crs": "MIA", "ref": null, "id": 2699 }, "geometry": { "type": "Point", "coordinates": [ -2.2720385, 53.365183 ] } },
{ "type": "Feature", "properties": { "name": "Carpenders Park", "ref:crs": "CPK", "ref": null, "id": 2700 }, "geometry": { "type": "Point", "coordinates": [ -0.3855109, 51.6279135 ] } },
{ "type": "Feature", "properties": { "name": "Leighton Buzzard", "ref:crs": "LBZ", "ref": null, "id": 2701 }, "geometry": { "type": "Point", "coordinates": [ -0.6773449, 51.9161989 ] } },
{ "type": "Feature", "properties": { "name": "Northfield", "ref:crs": "NFD", "ref": null, "id": 2702 }, "geometry": { "type": "Point", "coordinates": [ -1.9651246, 52.4082951 ] } },
{ "type": "Feature", "properties": { "name": "Coventry", "ref:crs": "COV", "ref": null, "id": 2703 }, "geometry": { "type": "Point", "coordinates": [ -1.5135474, 52.400739 ] } },
{ "type": "Feature", "properties": { "name": "Chandler's Ford", "ref:crs": "CFR", "ref": null, "id": 2704 }, "geometry": { "type": "Point", "coordinates": [ -1.3848946, 50.9834549 ] } },
{ "type": "Feature", "properties": { "name": "Ebbsfleet International", "ref:crs": "EBD", "ref": null, "id": 2705 }, "geometry": { "type": "Point", "coordinates": [ 0.3213747, 51.4435253 ] } },
{ "type": "Feature", "properties": { "name": "Preston", "ref:crs": "PRE", "ref": null, "id": 2706 }, "geometry": { "type": "Point", "coordinates": [ -2.7071573, 53.7552898 ] } },
{ "type": "Feature", "properties": { "name": "Gillingham", "ref:crs": "GLM", "ref": null, "id": 2707 }, "geometry": { "type": "Point", "coordinates": [ 0.5514468, 51.3868466 ] } },
{ "type": "Feature", "properties": { "name": "Hartford", "ref:crs": "HTF", "ref": null, "id": 2708 }, "geometry": { "type": "Point", "coordinates": [ -2.553519, 53.241569 ] } },
{ "type": "Feature", "properties": { "name": "Shortlands", "ref:crs": "SRT", "ref": null, "id": 2709 }, "geometry": { "type": "Point", "coordinates": [ 0.0021679, 51.4059051 ] } },
{ "type": "Feature", "properties": { "name": "Vale of Rheidol", "ref:crs": null, "ref": null, "id": 2710 }, "geometry": { "type": "Point", "coordinates": [ -4.0786681, 52.4114736 ] } },
{ "type": "Feature", "properties": { "name": "Beltring", "ref:crs": "BEG", "ref": null, "id": 2711 }, "geometry": { "type": "Point", "coordinates": [ 0.4033747, 51.2045463 ] } },
{ "type": "Feature", "properties": { "name": "Yalding", "ref:crs": "YAL", "ref": null, "id": 2712 }, "geometry": { "type": "Point", "coordinates": [ 0.4121616, 51.2266654 ] } },
{ "type": "Feature", "properties": { "name": "Wateringbury", "ref:crs": "WTR", "ref": null, "id": 2713 }, "geometry": { "type": "Point", "coordinates": [ 0.4222989, 51.2496596 ] } },
{ "type": "Feature", "properties": { "name": "East Farleigh", "ref:crs": "EFL", "ref": null, "id": 2714 }, "geometry": { "type": "Point", "coordinates": [ 0.4844783, 51.2552513 ] } },
{ "type": "Feature", "properties": { "name": "Maidstone West", "ref:crs": "MDW", "ref": null, "id": 2715 }, "geometry": { "type": "Point", "coordinates": [ 0.5157564, 51.2703088 ] } },
{ "type": "Feature", "properties": { "name": "Maidstone Barracks", "ref:crs": "MDB", "ref": null, "id": 2716 }, "geometry": { "type": "Point", "coordinates": [ 0.5141731, 51.2770433 ] } },
{ "type": "Feature", "properties": { "name": "Aylesford", "ref:crs": "AYL", "ref": null, "id": 2717 }, "geometry": { "type": "Point", "coordinates": [ 0.4657666, 51.3015328 ] } },
{ "type": "Feature", "properties": { "name": "New Hythe", "ref:crs": "NHE", "ref": null, "id": 2718 }, "geometry": { "type": "Point", "coordinates": [ 0.4551387, 51.3128389 ] } },
{ "type": "Feature", "properties": { "name": "Snodland", "ref:crs": "SDA", "ref": null, "id": 2719 }, "geometry": { "type": "Point", "coordinates": [ 0.4484399, 51.3302228 ] } },
{ "type": "Feature", "properties": { "name": "Halling", "ref:crs": "HAI", "ref": null, "id": 2720 }, "geometry": { "type": "Point", "coordinates": [ 0.4451218, 51.3523741 ] } },
{ "type": "Feature", "properties": { "name": "Cuxton", "ref:crs": "CUX", "ref": null, "id": 2721 }, "geometry": { "type": "Point", "coordinates": [ 0.461982, 51.373911 ] } },
{ "type": "Feature", "properties": { "name": "Strood", "ref:crs": "SOO", "ref": null, "id": 2722 }, "geometry": { "type": "Point", "coordinates": [ 0.5002689, 51.3965972 ] } },
{ "type": "Feature", "properties": { "name": "Dover Priory", "ref:crs": "DVP", "ref": null, "id": 2723 }, "geometry": { "type": "Point", "coordinates": [ 1.3048692, 51.1259357 ] } },
{ "type": "Feature", "properties": { "name": "Sturry", "ref:crs": "STU", "ref": null, "id": 2724 }, "geometry": { "type": "Point", "coordinates": [ 1.1222644, 51.300986 ] } },
{ "type": "Feature", "properties": { "name": "Chartham", "ref:crs": "CRT", "ref": null, "id": 2725 }, "geometry": { "type": "Point", "coordinates": [ 1.0179051, 51.2571747 ] } },
{ "type": "Feature", "properties": { "name": "Chilham", "ref:crs": "CIL", "ref": null, "id": 2726 }, "geometry": { "type": "Point", "coordinates": [ 0.9760562, 51.244424499999987 ] } },
{ "type": "Feature", "properties": { "name": "Westenhanger", "ref:crs": "WHA", "ref": null, "id": 2727 }, "geometry": { "type": "Point", "coordinates": [ 1.0382037, 51.0949221 ] } },
{ "type": "Feature", "properties": { "name": "Sandling", "ref:crs": "SDG", "ref": null, "id": 2728 }, "geometry": { "type": "Point", "coordinates": [ 1.0660027, 51.0904998 ] } },
{ "type": "Feature", "properties": { "name": "Folkestone Central", "ref:crs": "FKC", "ref": null, "id": 2729 }, "geometry": { "type": "Point", "coordinates": [ 1.1683853, 51.0828121 ] } },
{ "type": "Feature", "properties": { "name": "Folkestone West", "ref:crs": "FKW", "ref": null, "id": 2730 }, "geometry": { "type": "Point", "coordinates": [ 1.1537821, 51.0847184 ] } },
{ "type": "Feature", "properties": { "name": "Paddock Wood", "ref:crs": "PDW", "ref": null, "id": 2731 }, "geometry": { "type": "Point", "coordinates": [ 0.3894941, 51.1823581 ] } },
{ "type": "Feature", "properties": { "name": "Pluckley", "ref:crs": "PLC", "ref": null, "id": 2732 }, "geometry": { "type": "Point", "coordinates": [ 0.7465822, 51.1564849 ] } },
{ "type": "Feature", "properties": { "name": "Headcorn", "ref:crs": "HCN", "ref": null, "id": 2733 }, "geometry": { "type": "Point", "coordinates": [ 0.6273669, 51.1656292 ] } },
{ "type": "Feature", "properties": { "name": "Staplehurst", "ref:crs": "SPU", "ref": null, "id": 2734 }, "geometry": { "type": "Point", "coordinates": [ 0.5504987, 51.1715258 ] } },
{ "type": "Feature", "properties": { "name": "Marden", "ref:crs": "MRN", "ref": null, "id": 2735 }, "geometry": { "type": "Point", "coordinates": [ 0.4929884, 51.1754411 ] } },
{ "type": "Feature", "properties": { "name": "Tonbridge", "ref:crs": "TON", "ref": null, "id": 2736 }, "geometry": { "type": "Point", "coordinates": [ 0.2699969, 51.1915091 ] } },
{ "type": "Feature", "properties": { "name": "Swanley", "ref:crs": "SAY", "ref": null, "id": 2737 }, "geometry": { "type": "Point", "coordinates": [ 0.1678721, 51.3930961 ] } },
{ "type": "Feature", "properties": { "name": "Adisham", "ref:crs": "ADM", "ref": null, "id": 2738 }, "geometry": { "type": "Point", "coordinates": [ 1.1987288, 51.241342399999986 ] } },
{ "type": "Feature", "properties": { "name": "Bekesbourne", "ref:crs": "BKS", "ref": null, "id": 2739 }, "geometry": { "type": "Point", "coordinates": [ 1.1372301, 51.2614031 ] } },
{ "type": "Feature", "properties": { "name": "Canterbury East", "ref:crs": "CBE", "ref": null, "id": 2740 }, "geometry": { "type": "Point", "coordinates": [ 1.07582, 51.274185 ] } },
{ "type": "Feature", "properties": { "name": "Sole Street", "ref:crs": "SOR", "ref": null, "id": 2741 }, "geometry": { "type": "Point", "coordinates": [ 0.3781687, 51.383247 ] } },
{ "type": "Feature", "properties": { "name": "Meopham", "ref:crs": "MEP", "ref": null, "id": 2742 }, "geometry": { "type": "Point", "coordinates": [ 0.3566218, 51.3864534 ] } },
{ "type": "Feature", "properties": { "name": "Longfield", "ref:crs": "LGF", "ref": null, "id": 2743 }, "geometry": { "type": "Point", "coordinates": [ 0.300103, 51.3962097 ] } },
{ "type": "Feature", "properties": { "name": "West Dulwich", "ref:crs": "WDU", "ref": null, "id": 2744 }, "geometry": { "type": "Point", "coordinates": [ -0.0908906, 51.440284899999988 ] } },
{ "type": "Feature", "properties": { "name": "Sydenham Hill", "ref:crs": "SYH", "ref": null, "id": 2745 }, "geometry": { "type": "Point", "coordinates": [ -0.0801504, 51.4326101 ] } },
{ "type": "Feature", "properties": { "name": "Penge East", "ref:crs": "PNE", "ref": null, "id": 2746 }, "geometry": { "type": "Point", "coordinates": [ -0.0541364, 51.419315099999984 ] } },
{ "type": "Feature", "properties": { "name": "Kent House", "ref:crs": "KTH", "ref": null, "id": 2747 }, "geometry": { "type": "Point", "coordinates": [ -0.045213, 51.4122745 ] } },
{ "type": "Feature", "properties": { "name": "Beckenham Junction", "ref:crs": "BKJ", "ref": null, "id": 2748 }, "geometry": { "type": "Point", "coordinates": [ -0.0259866, 51.4110623 ] } },
{ "type": "Feature", "properties": { "name": "Bickley", "ref:crs": "BKL", "ref": null, "id": 2749 }, "geometry": { "type": "Point", "coordinates": [ 0.0443369, 51.4000641 ] } },
{ "type": "Feature", "properties": { "name": "Bromley South", "ref:crs": "BMS", "ref": null, "id": 2750 }, "geometry": { "type": "Point", "coordinates": [ 0.0182769, 51.4000405 ] } },
{ "type": "Feature", "properties": { "name": "Selling", "ref:crs": "SEG", "ref": null, "id": 2751 }, "geometry": { "type": "Point", "coordinates": [ 0.9411453, 51.2772848 ] } },
{ "type": "Feature", "properties": { "name": "Teynham", "ref:crs": "TEY", "ref": null, "id": 2752 }, "geometry": { "type": "Point", "coordinates": [ 0.8070514, 51.3336038 ] } },
{ "type": "Feature", "properties": { "name": "Newington", "ref:crs": "NGT", "ref": null, "id": 2753 }, "geometry": { "type": "Point", "coordinates": [ 0.6667851, 51.35356680000001 ] } },
{ "type": "Feature", "properties": { "name": "Rainham", "ref:crs": "RAI", "ref": null, "id": 2754 }, "geometry": { "type": "Point", "coordinates": [ 0.6110362, 51.3666656 ] } },
{ "type": "Feature", "properties": { "name": "Chatham", "ref:crs": "CTM", "ref": null, "id": 2755 }, "geometry": { "type": "Point", "coordinates": [ 0.5212081, 51.3803092 ] } },
{ "type": "Feature", "properties": { "name": "Rochester", "ref:crs": "RTR", "ref": null, "id": 2756 }, "geometry": { "type": "Point", "coordinates": [ 0.5072941, 51.3892066 ] } },
{ "type": "Feature", "properties": { "name": "Martin Mill", "ref:crs": "MTM", "ref": null, "id": 2757 }, "geometry": { "type": "Point", "coordinates": [ 1.3479881, 51.1706421 ] } },
{ "type": "Feature", "properties": { "name": "Deal", "ref:crs": "DEA", "ref": null, "id": 2758 }, "geometry": { "type": "Point", "coordinates": [ 1.3986457, 51.2231068 ] } },
{ "type": "Feature", "properties": { "name": "Sandwich", "ref:crs": "SDW", "ref": null, "id": 2759 }, "geometry": { "type": "Point", "coordinates": [ 1.3422666, 51.2699629 ] } },
{ "type": "Feature", "properties": { "name": "Gravesend", "ref:crs": "GRV", "ref": null, "id": 2760 }, "geometry": { "type": "Point", "coordinates": [ 0.3668306, 51.4413627 ] } },
{ "type": "Feature", "properties": { "name": "Bearsted", "ref:crs": "BSD", "ref": null, "id": 2761 }, "geometry": { "type": "Point", "coordinates": [ 0.577672, 51.2759153 ] } },
{ "type": "Feature", "properties": { "name": "Hollingbourne", "ref:crs": "HBN", "ref": null, "id": 2762 }, "geometry": { "type": "Point", "coordinates": [ 0.6278176, 51.2653803 ] } },
{ "type": "Feature", "properties": { "name": "Harrietsham", "ref:crs": "HRM", "ref": null, "id": 2763 }, "geometry": { "type": "Point", "coordinates": [ 0.6726551, 51.2449353 ] } },
{ "type": "Feature", "properties": { "name": "Lenham", "ref:crs": "LEN", "ref": null, "id": 2764 }, "geometry": { "type": "Point", "coordinates": [ 0.7072408, 51.2344619 ] } },
{ "type": "Feature", "properties": { "name": "Charing", "ref:crs": "CHG", "ref": null, "id": 2765 }, "geometry": { "type": "Point", "coordinates": [ 0.7898686, 51.2082021 ] } },
{ "type": "Feature", "properties": { "name": "Shoreham", "ref:crs": "SEH", "ref": null, "id": 2766 }, "geometry": { "type": "Point", "coordinates": [ 0.1887766, 51.3321241 ] } },
{ "type": "Feature", "properties": { "name": "Kemsing", "ref:crs": "KMS", "ref": null, "id": 2767 }, "geometry": { "type": "Point", "coordinates": [ 0.2474224, 51.2972539 ] } },
{ "type": "Feature", "properties": { "name": "Borough Green & Wrotham", "ref:crs": "BRG", "ref": null, "id": 2768 }, "geometry": { "type": "Point", "coordinates": [ 0.3061936, 51.2931422 ] } },
{ "type": "Feature", "properties": { "name": "East Malling", "ref:crs": "EML", "ref": null, "id": 2769 }, "geometry": { "type": "Point", "coordinates": [ 0.4403595, 51.2856713 ] } },
{ "type": "Feature", "properties": { "name": "Barming", "ref:crs": "BMG", "ref": null, "id": 2770 }, "geometry": { "type": "Point", "coordinates": [ 0.4792926, 51.2848536 ] } },
{ "type": "Feature", "properties": { "name": "Maidstone East", "ref:crs": "MDE", "ref": null, "id": 2771 }, "geometry": { "type": "Point", "coordinates": [ 0.5199007, 51.2776262 ] } },
{ "type": "Feature", "properties": { "name": "Farningham Road", "ref:crs": "FNR", "ref": null, "id": 2772 }, "geometry": { "type": "Point", "coordinates": [ 0.235341, 51.4016801 ] } },
{ "type": "Feature", "properties": { "name": "Nunhead", "ref:crs": "NHD", "ref": null, "id": 2773 }, "geometry": { "type": "Point", "coordinates": [ -0.0523755, 51.4668348 ] } },
{ "type": "Feature", "properties": { "name": "Crofton Park", "ref:crs": "CFT", "ref": null, "id": 2774 }, "geometry": { "type": "Point", "coordinates": [ -0.0366299, 51.4552149 ] } },
{ "type": "Feature", "properties": { "name": "Bellingham", "ref:crs": "BGM", "ref": null, "id": 2775 }, "geometry": { "type": "Point", "coordinates": [ -0.0195194, 51.4328307 ] } },
{ "type": "Feature", "properties": { "name": "Beckenham Hill", "ref:crs": "BEC", "ref": null, "id": 2776 }, "geometry": { "type": "Point", "coordinates": [ -0.0159101, 51.4245222 ] } },
{ "type": "Feature", "properties": { "name": "Hereford", "ref:crs": "HFD", "ref": null, "id": 2777 }, "geometry": { "type": "Point", "coordinates": [ -2.7081221, 52.0611986 ] } },
{ "type": "Feature", "properties": { "name": "Ravensbourne", "ref:crs": "RVB", "ref": null, "id": 2778 }, "geometry": { "type": "Point", "coordinates": [ -0.0076295, 51.414313199999988 ] } },
{ "type": "Feature", "properties": { "name": "Loughborough Junction", "ref:crs": "LGJ", "ref": null, "id": 2779 }, "geometry": { "type": "Point", "coordinates": [ -0.1021612, 51.4662551 ] } },
{ "type": "Feature", "properties": { "name": "Kirkby Stephen", "ref:crs": "KSW", "ref": null, "id": 2780 }, "geometry": { "type": "Point", "coordinates": [ -2.368703, 54.4549076 ] } },
{ "type": "Feature", "properties": { "name": "East Wheal Rose", "ref:crs": null, "ref": null, "id": 2781 }, "geometry": { "type": "Point", "coordinates": [ -5.040696, 50.3615947 ] } },
{ "type": "Feature", "properties": { "name": "Birmingham International", "ref:crs": "BHI", "ref": null, "id": 2782 }, "geometry": { "type": "Point", "coordinates": [ -1.7253357, 52.4508239 ] } },
{ "type": "Feature", "properties": { "name": "Brandon", "ref:crs": "BND", "ref": null, "id": 2783 }, "geometry": { "type": "Point", "coordinates": [ 0.624439, 52.4538785 ] } },
{ "type": "Feature", "properties": { "name": "Thetford", "ref:crs": "TTF", "ref": null, "id": 2784 }, "geometry": { "type": "Point", "coordinates": [ 0.7452832, 52.419155600000011 ] } },
{ "type": "Feature", "properties": { "name": "Eccles Road", "ref:crs": "ECS", "ref": null, "id": 2785 }, "geometry": { "type": "Point", "coordinates": [ 0.9699936, 52.4712952 ] } },
{ "type": "Feature", "properties": { "name": "Attleborough", "ref:crs": "ATL", "ref": null, "id": 2786 }, "geometry": { "type": "Point", "coordinates": [ 1.0222088, 52.5144202 ] } },
{ "type": "Feature", "properties": { "name": "Wymondham", "ref:crs": "WMD", "ref": null, "id": 2787 }, "geometry": { "type": "Point", "coordinates": [ 1.1181355, 52.5653515 ] } },
{ "type": "Feature", "properties": { "name": "Upper Holloway", "ref:crs": "UHL", "ref": null, "id": 2788 }, "geometry": { "type": "Point", "coordinates": [ -0.1296473, 51.563474 ] } },
{ "type": "Feature", "properties": { "name": "Crouch Hill", "ref:crs": "CRH", "ref": null, "id": 2789 }, "geometry": { "type": "Point", "coordinates": [ -0.1168739, 51.571431 ] } },
{ "type": "Feature", "properties": { "name": "Laindon", "ref:crs": "LAI", "ref": null, "id": 2790 }, "geometry": { "type": "Point", "coordinates": [ 0.4237157, 51.5675954 ] } },
{ "type": "Feature", "properties": { "name": "Benfleet", "ref:crs": "BEF", "ref": null, "id": 2791 }, "geometry": { "type": "Point", "coordinates": [ 0.5616239, 51.5441005 ] } },
{ "type": "Feature", "properties": { "name": "Southend East", "ref:crs": "SOE", "ref": null, "id": 2792 }, "geometry": { "type": "Point", "coordinates": [ 0.73149, 51.5389057 ] } },
{ "type": "Feature", "properties": { "name": "Thorpe Bay", "ref:crs": "TPB", "ref": null, "id": 2793 }, "geometry": { "type": "Point", "coordinates": [ 0.7619363, 51.5376596 ] } },
{ "type": "Feature", "properties": { "name": "Southend Central", "ref:crs": "SOC", "ref": null, "id": 2794 }, "geometry": { "type": "Point", "coordinates": [ 0.7116503, 51.5373587 ] } },
{ "type": "Feature", "properties": { "name": "Chalkwell", "ref:crs": "CHW", "ref": null, "id": 2795 }, "geometry": { "type": "Point", "coordinates": [ 0.6698419, 51.5386117 ] } },
{ "type": "Feature", "properties": { "name": "Leigh-on-Sea", "ref:crs": "LES", "ref": null, "id": 2796 }, "geometry": { "type": "Point", "coordinates": [ 0.6394573, 51.5412111 ] } },
{ "type": "Feature", "properties": { "name": "Pitsea", "ref:crs": "PSE", "ref": null, "id": 2797 }, "geometry": { "type": "Point", "coordinates": [ 0.5079761, 51.5602396 ] } },
{ "type": "Feature", "properties": { "name": "Grays", "ref:crs": "GRY", "ref": null, "id": 2798 }, "geometry": { "type": "Point", "coordinates": [ 0.3219051, 51.4763786 ] } },
{ "type": "Feature", "properties": { "name": "Stanford-le-Hope", "ref:crs": "SFO", "ref": null, "id": 2799 }, "geometry": { "type": "Point", "coordinates": [ 0.4229093, 51.5141935 ] } },
{ "type": "Feature", "properties": { "name": "East Tilbury", "ref:crs": "ETL", "ref": null, "id": 2800 }, "geometry": { "type": "Point", "coordinates": [ 0.4127329, 51.4844914 ] } },
{ "type": "Feature", "properties": { "name": "Dagenham Dock", "ref:crs": "DDK", "ref": null, "id": 2801 }, "geometry": { "type": "Point", "coordinates": [ 0.1464225, 51.5261414 ] } },
{ "type": "Feature", "properties": { "name": "Rainham", "ref:crs": "RNM", "ref": null, "id": 2802 }, "geometry": { "type": "Point", "coordinates": [ 0.1906219, 51.5167202 ] } },
{ "type": "Feature", "properties": { "name": "Chafford Hundred Lakeside", "ref:crs": "CFH", "ref": null, "id": 2803 }, "geometry": { "type": "Point", "coordinates": [ 0.2874684, 51.4855963 ] } },
{ "type": "Feature", "properties": { "name": "Ockendon", "ref:crs": "OCK", "ref": null, "id": 2804 }, "geometry": { "type": "Point", "coordinates": [ 0.2902103, 51.5216626 ] } },
{ "type": "Feature", "properties": { "name": "Enfield Chase", "ref:crs": "ENC", "ref": null, "id": 2805 }, "geometry": { "type": "Point", "coordinates": [ -0.0908639, 51.6526384 ] } },
{ "type": "Feature", "properties": { "name": "Pegswood", "ref:crs": "PEG", "ref": null, "id": 2806 }, "geometry": { "type": "Point", "coordinates": [ -1.6437205, 55.1783232 ] } },
{ "type": "Feature", "properties": { "name": "Dumpton Park", "ref:crs": "DMP", "ref": null, "id": 2807 }, "geometry": { "type": "Point", "coordinates": [ 1.4252755, 51.3458538 ] } },
{ "type": "Feature", "properties": { "name": "Broadstairs", "ref:crs": "BSR", "ref": null, "id": 2808 }, "geometry": { "type": "Point", "coordinates": [ 1.4334122, 51.360737 ] } },
{ "type": "Feature", "properties": { "name": "Birchington-on-Sea", "ref:crs": "BCH", "ref": null, "id": 2809 }, "geometry": { "type": "Point", "coordinates": [ 1.3009038, 51.3775024 ] } },
{ "type": "Feature", "properties": { "name": "Herne Bay", "ref:crs": "HNB", "ref": null, "id": 2810 }, "geometry": { "type": "Point", "coordinates": [ 1.1183071, 51.3644375 ] } },
{ "type": "Feature", "properties": { "name": "Aylesham", "ref:crs": "AYH", "ref": null, "id": 2811 }, "geometry": { "type": "Point", "coordinates": [ 1.2095904, 51.2274229 ] } },
{ "type": "Feature", "properties": { "name": "Snowdown", "ref:crs": "SWO", "ref": null, "id": 2812 }, "geometry": { "type": "Point", "coordinates": [ 1.2137143, 51.2151407 ] } },
{ "type": "Feature", "properties": { "name": "Shepherdswell", "ref:crs": "SPH", "ref": null, "id": 2813 }, "geometry": { "type": "Point", "coordinates": [ 1.2297861, 51.1880383 ] } },
{ "type": "Feature", "properties": { "name": "Kearsney", "ref:crs": "KSN", "ref": null, "id": 2814 }, "geometry": { "type": "Point", "coordinates": [ 1.271765, 51.149377 ] } },
{ "type": "Feature", "properties": { "name": "Appledore", "ref:crs": "APD", "ref": null, "id": 2815 }, "geometry": { "type": "Point", "coordinates": [ 0.8165763, 51.0332869 ] } },
{ "type": "Feature", "properties": { "name": "Winchelsea", "ref:crs": "WSE", "ref": null, "id": 2816 }, "geometry": { "type": "Point", "coordinates": [ 0.7025193, 50.9339128 ] } },
{ "type": "Feature", "properties": { "name": "Three Oaks", "ref:crs": "TOK", "ref": null, "id": 2817 }, "geometry": { "type": "Point", "coordinates": [ 0.6132177, 50.9009617 ] } },
{ "type": "Feature", "properties": { "name": "Ore", "ref:crs": "ORE", "ref": null, "id": 2818 }, "geometry": { "type": "Point", "coordinates": [ 0.5916327, 50.8668638 ] } },
{ "type": "Feature", "properties": { "name": "St Leonards Warrior Square", "ref:crs": "SLQ", "ref": null, "id": 2819 }, "geometry": { "type": "Point", "coordinates": [ 0.5605979, 50.8557579 ] } },
{ "type": "Feature", "properties": { "name": "Bexhill", "ref:crs": "BEX", "ref": null, "id": 2820 }, "geometry": { "type": "Point", "coordinates": [ 0.4757302, 50.840942 ] } },
{ "type": "Feature", "properties": { "name": "Collington", "ref:crs": "CLL", "ref": null, "id": 2821 }, "geometry": { "type": "Point", "coordinates": [ 0.4571842, 50.8392876 ] } },
{ "type": "Feature", "properties": { "name": "Cooden Beach", "ref:crs": "COB", "ref": null, "id": 2822 }, "geometry": { "type": "Point", "coordinates": [ 0.4267026, 50.83337130000001 ] } },
{ "type": "Feature", "properties": { "name": "Normans Bay", "ref:crs": "NSB", "ref": null, "id": 2823 }, "geometry": { "type": "Point", "coordinates": [ 0.3895764, 50.8260497 ] } },
{ "type": "Feature", "properties": { "name": "Pevensey Bay", "ref:crs": "PEB", "ref": null, "id": 2824 }, "geometry": { "type": "Point", "coordinates": [ 0.3431985, 50.8176698 ] } },
{ "type": "Feature", "properties": { "name": "Pevensey and Westham", "ref:crs": "PEV", "ref": null, "id": 2825 }, "geometry": { "type": "Point", "coordinates": [ 0.3253781, 50.8157704 ] } },
{ "type": "Feature", "properties": { "name": "Southease", "ref:crs": "SEE", "ref": null, "id": 2826 }, "geometry": { "type": "Point", "coordinates": [ 0.0306729, 50.83111 ] } },
{ "type": "Feature", "properties": { "name": "Bishopstone", "ref:crs": "BIP", "ref": null, "id": 2827 }, "geometry": { "type": "Point", "coordinates": [ 0.0826201, 50.7799859 ] } },
{ "type": "Feature", "properties": { "name": "Newhaven Harbour", "ref:crs": "NVH", "ref": null, "id": 2828 }, "geometry": { "type": "Point", "coordinates": [ 0.0551622, 50.7898002 ] } },
{ "type": "Feature", "properties": { "name": "Newhaven Town", "ref:crs": "NVN", "ref": null, "id": 2829 }, "geometry": { "type": "Point", "coordinates": [ 0.0551243, 50.79491620000001 ] } },
{ "type": "Feature", "properties": { "name": "London Road (Brighton)", "ref:crs": "LRB", "ref": null, "id": 2830 }, "geometry": { "type": "Point", "coordinates": [ -0.1362631, 50.83681 ] } },
{ "type": "Feature", "properties": { "name": "Moulsecoomb", "ref:crs": "MCB", "ref": null, "id": 2831 }, "geometry": { "type": "Point", "coordinates": [ -0.1190654, 50.8465383 ] } },
{ "type": "Feature", "properties": { "name": "Falmer", "ref:crs": "FMR", "ref": null, "id": 2832 }, "geometry": { "type": "Point", "coordinates": [ -0.0872899, 50.8619409 ] } },
{ "type": "Feature", "properties": { "name": "Glynde", "ref:crs": "GLY", "ref": null, "id": 2833 }, "geometry": { "type": "Point", "coordinates": [ 0.0703481, 50.8591176 ] } },
{ "type": "Feature", "properties": { "name": "Berwick", "ref:crs": "BRK", "ref": null, "id": 2834 }, "geometry": { "type": "Point", "coordinates": [ 0.1657244, 50.8404862 ] } },
{ "type": "Feature", "properties": { "name": "Polegate", "ref:crs": "PLG", "ref": null, "id": 2835 }, "geometry": { "type": "Point", "coordinates": [ 0.2467483, 50.8211277 ] } },
{ "type": "Feature", "properties": { "name": "Eastbourne", "ref:crs": "EBN", "ref": null, "id": 2836 }, "geometry": { "type": "Point", "coordinates": [ 0.2815355, 50.7696435 ] } },
{ "type": "Feature", "properties": { "name": "Hampden Park", "ref:crs": "HMD", "ref": null, "id": 2837 }, "geometry": { "type": "Point", "coordinates": [ 0.2796796, 50.7959254 ] } },
{ "type": "Feature", "properties": { "name": "Plumpton", "ref:crs": "PMP", "ref": null, "id": 2838 }, "geometry": { "type": "Point", "coordinates": [ -0.0598099, 50.9284626 ] } },
{ "type": "Feature", "properties": { "name": "Cooksbridge", "ref:crs": "CBR", "ref": null, "id": 2839 }, "geometry": { "type": "Point", "coordinates": [ -0.0093086, 50.9037132 ] } },
{ "type": "Feature", "properties": { "name": "Wivelsfield", "ref:crs": "WVF", "ref": null, "id": 2840 }, "geometry": { "type": "Point", "coordinates": [ -0.1207209, 50.9643606 ] } },
{ "type": "Feature", "properties": { "name": "Haywards Heath", "ref:crs": "HHE", "ref": null, "id": 2841 }, "geometry": { "type": "Point", "coordinates": [ -0.1053994, 51.0049043 ] } },
{ "type": "Feature", "properties": { "name": "Glenfinnan", "ref:crs": "GLF", "ref": null, "id": 2842 }, "geometry": { "type": "Point", "coordinates": [ -5.4493089, 56.872438 ] } },
{ "type": "Feature", "properties": { "name": "Crianlarich", "ref:crs": "CNR", "ref": null, "id": 2843 }, "geometry": { "type": "Point", "coordinates": [ -4.6184447, 56.390333299999988 ] } },
{ "type": "Feature", "properties": { "name": "Taynuilt", "ref:crs": "TAY", "ref": null, "id": 2844 }, "geometry": { "type": "Point", "coordinates": [ -5.2398162, 56.4308516 ] } },
{ "type": "Feature", "properties": { "name": "Oban", "ref:crs": "OBN", "ref": null, "id": 2845 }, "geometry": { "type": "Point", "coordinates": [ -5.4745782, 56.4122069 ] } },
{ "type": "Feature", "properties": { "name": "Upper Tyndrum", "ref:crs": "UTY", "ref": null, "id": 2846 }, "geometry": { "type": "Point", "coordinates": [ -4.7039393, 56.4348066 ] } },
{ "type": "Feature", "properties": { "name": "Corrour", "ref:crs": "CRR", "ref": null, "id": 2847 }, "geometry": { "type": "Point", "coordinates": [ -4.6907121, 56.76023690000001 ] } },
{ "type": "Feature", "properties": { "name": "Bridge of Orchy", "ref:crs": "BRO", "ref": null, "id": 2848 }, "geometry": { "type": "Point", "coordinates": [ -4.7643193, 56.5163947 ] } },
{ "type": "Feature", "properties": { "name": "St Albans City", "ref:crs": "SAC", "ref": null, "id": 2849 }, "geometry": { "type": "Point", "coordinates": [ -0.3276687, 51.7504966 ] } },
{ "type": "Feature", "properties": { "name": "Welwyn North", "ref:crs": "WLW", "ref": null, "id": 2850 }, "geometry": { "type": "Point", "coordinates": [ -0.192134, 51.8237723 ] } },
{ "type": "Feature", "properties": { "name": "Ardlui", "ref:crs": "AUI", "ref": null, "id": 2851 }, "geometry": { "type": "Point", "coordinates": [ -4.7216053, 56.3018438 ] } },
{ "type": "Feature", "properties": { "name": "Garelochhead", "ref:crs": "GCH", "ref": null, "id": 2852 }, "geometry": { "type": "Point", "coordinates": [ -4.8253592, 56.0802337 ] } },
{ "type": "Feature", "properties": { "name": "Arrochar and Tarbet", "ref:crs": "ART", "ref": null, "id": 2853 }, "geometry": { "type": "Point", "coordinates": [ -4.7231172, 56.2033029 ] } },
{ "type": "Feature", "properties": { "name": "Gospel Oak", "ref:crs": "GPO", "ref": null, "id": 2854 }, "geometry": { "type": "Point", "coordinates": [ -0.151577, 51.5554865 ] } },
{ "type": "Feature", "properties": { "name": "Woodgrange Park", "ref:crs": "WGR", "ref": null, "id": 2855 }, "geometry": { "type": "Point", "coordinates": [ 0.0447283, 51.549168 ] } },
{ "type": "Feature", "properties": { "name": "Regent's Park", "ref:crs": null, "ref": null, "id": 2856 }, "geometry": { "type": "Point", "coordinates": [ -0.1466357, 51.5236277 ] } },
{ "type": "Feature", "properties": { "name": "Maida Vale", "ref:crs": null, "ref": "ZMV", "id": 2857 }, "geometry": { "type": "Point", "coordinates": [ -0.1857906, 51.5297928 ] } },
{ "type": "Feature", "properties": { "name": "Rugeley Trent Valley", "ref:crs": "RGL", "ref": null, "id": 2858 }, "geometry": { "type": "Point", "coordinates": [ -1.9299278, 52.7696788 ] } },
{ "type": "Feature", "properties": { "name": "Nuneaton", "ref:crs": "NUN", "ref": null, "id": 2859 }, "geometry": { "type": "Point", "coordinates": [ -1.4641837, 52.5267605 ] } },
{ "type": "Feature", "properties": { "name": "Stratford International", "ref:crs": "SFA", "ref": null, "id": 2860 }, "geometry": { "type": "Point", "coordinates": [ -0.0087494, 51.5447954 ] } },
{ "type": "Feature", "properties": { "name": "Northallerton", "ref:crs": "NTR", "ref": null, "id": 2861 }, "geometry": { "type": "Point", "coordinates": [ -1.441378, 54.3324731 ] } },
{ "type": "Feature", "properties": { "name": "Wood Green", "ref:crs": null, "ref": null, "id": 2862 }, "geometry": { "type": "Point", "coordinates": [ -0.1097795, 51.597416 ] } },
{ "type": "Feature", "properties": { "name": "Manor House", "ref:crs": null, "ref": null, "id": 2863 }, "geometry": { "type": "Point", "coordinates": [ -0.0963971, 51.5703208 ] } },
{ "type": "Feature", "properties": { "name": "Birmingham New Street", "ref:crs": "BHM", "ref": null, "id": 2864 }, "geometry": { "type": "Point", "coordinates": [ -1.898694, 52.4776459 ] } },
{ "type": "Feature", "properties": { "name": "Blair Atholl", "ref:crs": "BLA", "ref": null, "id": 2865 }, "geometry": { "type": "Point", "coordinates": [ -3.8497055, 56.7652712 ] } },
{ "type": "Feature", "properties": { "name": "Dunkeld and Birnam", "ref:crs": "DKD", "ref": null, "id": 2866 }, "geometry": { "type": "Point", "coordinates": [ -3.5775146, 56.5565771 ] } },
{ "type": "Feature", "properties": { "name": "Dalwhinnie", "ref:crs": "DLW", "ref": null, "id": 2867 }, "geometry": { "type": "Point", "coordinates": [ -4.2462331, 56.9351529 ] } },
{ "type": "Feature", "properties": { "name": "Pitlochry", "ref:crs": "PIT", "ref": null, "id": 2868 }, "geometry": { "type": "Point", "coordinates": [ -3.73564, 56.7023642 ] } },
{ "type": "Feature", "properties": { "name": "Aviemore", "ref:crs": "AVM", "ref": null, "id": 2869 }, "geometry": { "type": "Point", "coordinates": [ -3.8288803, 57.188278 ] } },
{ "type": "Feature", "properties": { "name": "Carshalton Beeches", "ref:crs": "CSB", "ref": null, "id": 2870 }, "geometry": { "type": "Point", "coordinates": [ -0.1693507, 51.3571959 ] } },
{ "type": "Feature", "properties": { "name": "Wallington", "ref:crs": "WLT", "ref": null, "id": 2871 }, "geometry": { "type": "Point", "coordinates": [ -0.1505899, 51.3602348 ] } },
{ "type": "Feature", "properties": { "name": "Purley Oaks", "ref:crs": "PUO", "ref": null, "id": 2872 }, "geometry": { "type": "Point", "coordinates": [ -0.0987108, 51.3470347 ] } },
{ "type": "Feature", "properties": { "name": "Leigh", "ref:crs": "LIH", "ref": null, "id": 2873 }, "geometry": { "type": "Point", "coordinates": [ 0.2112588, 51.1939929 ] } },
{ "type": "Feature", "properties": { "name": "Edenbridge", "ref:crs": "EBR", "ref": null, "id": 2874 }, "geometry": { "type": "Point", "coordinates": [ 0.0598637, 51.2083661 ] } },
{ "type": "Feature", "properties": { "name": "Godstone", "ref:crs": "GDN", "ref": null, "id": 2875 }, "geometry": { "type": "Point", "coordinates": [ -0.0514363, 51.218185499999969 ] } },
{ "type": "Feature", "properties": { "name": "Nutfield", "ref:crs": "NUF", "ref": null, "id": 2876 }, "geometry": { "type": "Point", "coordinates": [ -0.1322636, 51.2267445 ] } },
{ "type": "Feature", "properties": { "name": "Belmont", "ref:crs": "BLM", "ref": null, "id": 2877 }, "geometry": { "type": "Point", "coordinates": [ -0.1987852, 51.3438964 ] } },
{ "type": "Feature", "properties": { "name": "Streatham Common", "ref:crs": "SRC", "ref": null, "id": 2878 }, "geometry": { "type": "Point", "coordinates": [ -0.1359263, 51.4185662 ] } },
{ "type": "Feature", "properties": { "name": "Norbury", "ref:crs": "NRB", "ref": null, "id": 2879 }, "geometry": { "type": "Point", "coordinates": [ -0.1218018, 51.4113697 ] } },
{ "type": "Feature", "properties": { "name": "Thornton Heath", "ref:crs": "TTH", "ref": null, "id": 2880 }, "geometry": { "type": "Point", "coordinates": [ -0.1005158, 51.3989438 ] } },
{ "type": "Feature", "properties": { "name": "Lee", "ref:crs": "LEE", "ref": null, "id": 2881 }, "geometry": { "type": "Point", "coordinates": [ 0.0146411, 51.4496733 ] } },
{ "type": "Feature", "properties": { "name": "Mottingham", "ref:crs": "MTG", "ref": null, "id": 2882 }, "geometry": { "type": "Point", "coordinates": [ 0.0499618, 51.4402515 ] } },
{ "type": "Feature", "properties": { "name": "New Eltham", "ref:crs": "NEH", "ref": null, "id": 2883 }, "geometry": { "type": "Point", "coordinates": [ 0.0709469, 51.4380136 ] } },
{ "type": "Feature", "properties": { "name": "Sidcup", "ref:crs": "SID", "ref": null, "id": 2884 }, "geometry": { "type": "Point", "coordinates": [ 0.1034297, 51.4340208 ] } },
{ "type": "Feature", "properties": { "name": "Crayford", "ref:crs": "CRY", "ref": null, "id": 2885 }, "geometry": { "type": "Point", "coordinates": [ 0.1783894, 51.448177 ] } },
{ "type": "Feature", "properties": { "name": "Albany Park", "ref:crs": "AYP", "ref": null, "id": 2886 }, "geometry": { "type": "Point", "coordinates": [ 0.1259653, 51.43538370000001 ] } },
{ "type": "Feature", "properties": { "name": "Northfleet", "ref:crs": "NFL", "ref": null, "id": 2887 }, "geometry": { "type": "Point", "coordinates": [ 0.3239669, 51.4459453 ] } },
{ "type": "Feature", "properties": { "name": "Swanscombe", "ref:crs": "SWM", "ref": null, "id": 2888 }, "geometry": { "type": "Point", "coordinates": [ 0.311584, 51.4489829 ] } },
{ "type": "Feature", "properties": { "name": "Greenhithe", "ref:crs": "GNH", "ref": null, "id": 2889 }, "geometry": { "type": "Point", "coordinates": [ 0.2798724, 51.4504764 ] } },
{ "type": "Feature", "properties": { "name": "Stone Crossing", "ref:crs": "SCG", "ref": null, "id": 2890 }, "geometry": { "type": "Point", "coordinates": [ 0.2634425, 51.4514164 ] } },
{ "type": "Feature", "properties": { "name": "Caernarfon", "ref:crs": null, "ref": null, "id": 2891 }, "geometry": { "type": "Point", "coordinates": [ -4.2719629, 53.137530199999986 ] } },
{ "type": "Feature", "properties": { "name": "Borough", "ref:crs": null, "ref": null, "id": 2892 }, "geometry": { "type": "Point", "coordinates": [ -0.0935834, 51.5012094 ] } },
{ "type": "Feature", "properties": { "name": "Murton Park", "ref:crs": null, "ref": null, "id": 2893 }, "geometry": { "type": "Point", "coordinates": [ -1.0097159, 53.9629636 ] } },
{ "type": "Feature", "properties": { "name": "Harpenden", "ref:crs": "HPD", "ref": null, "id": 2894 }, "geometry": { "type": "Point", "coordinates": [ -0.3515572, 51.8148177 ] } },
{ "type": "Feature", "properties": { "name": "Bethnal Green", "ref:crs": "BET", "ref": null, "id": 2895 }, "geometry": { "type": "Point", "coordinates": [ -0.059592, 51.5238872 ] } },
{ "type": "Feature", "properties": { "name": "Enfield Town", "ref:crs": "ENF", "ref": null, "id": 2896 }, "geometry": { "type": "Point", "coordinates": [ -0.0786839, 51.6517156 ] } },
{ "type": "Feature", "properties": { "name": "West Malling", "ref:crs": "WMA", "ref": null, "id": 2897 }, "geometry": { "type": "Point", "coordinates": [ 0.4186871, 51.29209620000001 ] } },
{ "type": "Feature", "properties": { "name": "Finchley Road & Frognal", "ref:crs": "FNY", "ref": null, "id": 2898 }, "geometry": { "type": "Point", "coordinates": [ -0.1835754, 51.5501046 ] } },
{ "type": "Feature", "properties": { "name": "March", "ref:crs": "MCH", "ref": null, "id": 2899 }, "geometry": { "type": "Point", "coordinates": [ 0.0913188, 52.5600848 ] } },
{ "type": "Feature", "properties": { "name": "Penzance", "ref:crs": "PNZ", "ref": null, "id": 2900 }, "geometry": { "type": "Point", "coordinates": [ -5.5320276, 50.1224396 ] } },
{ "type": "Feature", "properties": { "name": "Swansea", "ref:crs": "SWA", "ref": null, "id": 2901 }, "geometry": { "type": "Point", "coordinates": [ -3.9403729, 51.6256789 ] } },
{ "type": "Feature", "properties": { "name": "Merthyr Tydfil", "ref:crs": "MER", "ref": null, "id": 2902 }, "geometry": { "type": "Point", "coordinates": [ -3.3773565, 51.7444793 ] } },
{ "type": "Feature", "properties": { "name": "Barnstaple", "ref:crs": "BNP", "ref": null, "id": 2903 }, "geometry": { "type": "Point", "coordinates": [ -4.0630236, 51.0736094 ] } },
{ "type": "Feature", "properties": { "name": "Pontypridd", "ref:crs": "PPD", "ref": null, "id": 2904 }, "geometry": { "type": "Point", "coordinates": [ -3.3418374, 51.5992956 ] } },
{ "type": "Feature", "properties": { "name": "Gidea Park", "ref:crs": "GDP", "ref": null, "id": 2905 }, "geometry": { "type": "Point", "coordinates": [ 0.2057283, 51.581785 ] } },
{ "type": "Feature", "properties": { "name": "Emerson Park", "ref:crs": "EMP", "ref": null, "id": 2906 }, "geometry": { "type": "Point", "coordinates": [ 0.2202375, 51.5686007 ] } },
{ "type": "Feature", "properties": { "name": "Purfleet", "ref:crs": "PFL", "ref": null, "id": 2907 }, "geometry": { "type": "Point", "coordinates": [ 0.2369945, 51.4810858 ] } },
{ "type": "Feature", "properties": { "name": "Pudding Mill Lane", "ref:crs": null, "ref": "PML", "id": 2908 }, "geometry": { "type": "Point", "coordinates": [ -0.0135365, 51.533830099999989 ] } },
{ "type": "Feature", "properties": { "name": "Ffairfach", "ref:crs": "FFA", "ref": null, "id": 2909 }, "geometry": { "type": "Point", "coordinates": [ -3.9927793, 51.8730081 ] } },
{ "type": "Feature", "properties": { "name": "Llandybie", "ref:crs": "LLI", "ref": null, "id": 2910 }, "geometry": { "type": "Point", "coordinates": [ -4.0037378, 51.8209328 ] } },
{ "type": "Feature", "properties": { "name": "Llandeilo", "ref:crs": "LLL", "ref": null, "id": 2911 }, "geometry": { "type": "Point", "coordinates": [ -3.9868387, 51.8851723 ] } },
{ "type": "Feature", "properties": { "name": "Llanwrda", "ref:crs": "LNR", "ref": null, "id": 2912 }, "geometry": { "type": "Point", "coordinates": [ -3.8721201, 51.9626513 ] } },
{ "type": "Feature", "properties": { "name": "Ammanford", "ref:crs": "AMF", "ref": null, "id": 2913 }, "geometry": { "type": "Point", "coordinates": [ -3.996828, 51.795550899999974 ] } },
{ "type": "Feature", "properties": { "name": "Pantyffynnon", "ref:crs": "PTF", "ref": null, "id": 2914 }, "geometry": { "type": "Point", "coordinates": [ -3.997538, 51.7786637 ] } },
{ "type": "Feature", "properties": { "name": "Pontarddulais", "ref:crs": "PTD", "ref": null, "id": 2915 }, "geometry": { "type": "Point", "coordinates": [ -4.045435, 51.7170446 ] } },
{ "type": "Feature", "properties": { "name": "Bynea", "ref:crs": "BYE", "ref": null, "id": 2916 }, "geometry": { "type": "Point", "coordinates": [ -4.0987158, 51.6722799 ] } },
{ "type": "Feature", "properties": { "name": "Llangammarch", "ref:crs": "LLM", "ref": null, "id": 2917 }, "geometry": { "type": "Point", "coordinates": [ -3.5551178, 52.1142069 ] } },
{ "type": "Feature", "properties": { "name": "Cilmeri", "ref:crs": "CIM", "ref": null, "id": 2918 }, "geometry": { "type": "Point", "coordinates": [ -3.4567317, 52.1504164 ] } },
{ "type": "Feature", "properties": { "name": "Llandrindod", "ref:crs": "LLO", "ref": null, "id": 2919 }, "geometry": { "type": "Point", "coordinates": [ -3.3794358, 52.242258 ] } },
{ "type": "Feature", "properties": { "name": "Dolau", "ref:crs": "DOL", "ref": null, "id": 2920 }, "geometry": { "type": "Point", "coordinates": [ -3.2633324, 52.2949972 ] } },
{ "type": "Feature", "properties": { "name": "Gowerton", "ref:crs": "GWN", "ref": null, "id": 2921 }, "geometry": { "type": "Point", "coordinates": [ -4.0356664, 51.6489264 ] } },
{ "type": "Feature", "properties": { "name": "Broome", "ref:crs": "BME", "ref": null, "id": 2922 }, "geometry": { "type": "Point", "coordinates": [ -2.8844821, 52.4231523 ] } },
{ "type": "Feature", "properties": { "name": "Llangadog", "ref:crs": "LLG", "ref": null, "id": 2923 }, "geometry": { "type": "Point", "coordinates": [ -3.8931979, 51.9402678 ] } },
{ "type": "Feature", "properties": { "name": "Garth", "ref:crs": "GTH", "ref": null, "id": 2924 }, "geometry": { "type": "Point", "coordinates": [ -3.5301867, 52.1333876 ] } },
{ "type": "Feature", "properties": { "name": "Builth Road", "ref:crs": "BHR", "ref": null, "id": 2925 }, "geometry": { "type": "Point", "coordinates": [ -3.4271436, 52.16910979999998 ] } },
{ "type": "Feature", "properties": { "name": "Pen-y-Bont", "ref:crs": "PNY", "ref": null, "id": 2926 }, "geometry": { "type": "Point", "coordinates": [ -3.3215797, 52.2743417 ] } },
{ "type": "Feature", "properties": { "name": "Llangynllo", "ref:crs": "LGO", "ref": null, "id": 2927 }, "geometry": { "type": "Point", "coordinates": [ -3.1615439, 52.3501452 ] } },
{ "type": "Feature", "properties": { "name": "Hopton Heath", "ref:crs": "HPT", "ref": null, "id": 2928 }, "geometry": { "type": "Point", "coordinates": [ -2.9120277, 52.391361 ] } },
{ "type": "Feature", "properties": { "name": "Llandovery", "ref:crs": "LLV", "ref": null, "id": 2929 }, "geometry": { "type": "Point", "coordinates": [ -3.8029237, 51.9953596 ] } },
{ "type": "Feature", "properties": { "name": "Llanbister Road", "ref:crs": "LLT", "ref": null, "id": 2930 }, "geometry": { "type": "Point", "coordinates": [ -3.2131872, 52.3363191 ] } },
{ "type": "Feature", "properties": { "name": "Bucknell", "ref:crs": "BUK", "ref": null, "id": 2931 }, "geometry": { "type": "Point", "coordinates": [ -2.947694, 52.3572768 ] } },
{ "type": "Feature", "properties": { "name": "Craven Arms", "ref:crs": "CRV", "ref": null, "id": 2932 }, "geometry": { "type": "Point", "coordinates": [ -2.8376284, 52.44242040000001 ] } },
{ "type": "Feature", "properties": { "name": "Sugar Loaf", "ref:crs": "SUG", "ref": null, "id": 2933 }, "geometry": { "type": "Point", "coordinates": [ -3.685776, 52.08207130000001 ] } },
{ "type": "Feature", "properties": { "name": "Llangennech", "ref:crs": "LLH", "ref": null, "id": 2934 }, "geometry": { "type": "Point", "coordinates": [ -4.07874, 51.6913467 ] } },
{ "type": "Feature", "properties": { "name": "Bethnal Green", "ref:crs": null, "ref": null, "id": 2935 }, "geometry": { "type": "Point", "coordinates": [ -0.054752, 51.5272449 ] } },
{ "type": "Feature", "properties": { "name": "Woodside Halt", "ref:crs": null, "ref": null, "id": 2936 }, "geometry": { "type": "Point", "coordinates": [ -1.2888881, 50.8842986 ] } },
{ "type": "Feature", "properties": { "name": "Kiln Halt", "ref:crs": null, "ref": null, "id": 2937 }, "geometry": { "type": "Point", "coordinates": [ -1.2899192, 50.8854559 ] } },
{ "type": "Feature", "properties": { "name": "Liverpool Lime Street", "ref:crs": "LIV", "ref": null, "id": 2938 }, "geometry": { "type": "Point", "coordinates": [ -2.9775854, 53.4076085 ] } },
{ "type": "Feature", "properties": { "name": "Perth", "ref:crs": "PTH", "ref": null, "id": 2939 }, "geometry": { "type": "Point", "coordinates": [ -3.4383963, 56.3914751 ] } },
{ "type": "Feature", "properties": { "name": "Watlington", "ref:crs": "WTG", "ref": null, "id": 2940 }, "geometry": { "type": "Point", "coordinates": [ 0.3831294, 52.6728741 ] } },
{ "type": "Feature", "properties": { "name": "King's Lynn", "ref:crs": "KLN", "ref": null, "id": 2941 }, "geometry": { "type": "Point", "coordinates": [ 0.4040158, 52.7538147 ] } },
{ "type": "Feature", "properties": { "name": "Hampstead Heath", "ref:crs": "HDH", "ref": null, "id": 2942 }, "geometry": { "type": "Point", "coordinates": [ -0.1653912, 51.5552396 ] } },
{ "type": "Feature", "properties": { "name": "Dalston Kingsland", "ref:crs": "DLK", "ref": null, "id": 2943 }, "geometry": { "type": "Point", "coordinates": [ -0.0760535, 51.5481908 ] } },
{ "type": "Feature", "properties": { "name": "Peckham Rye", "ref:crs": "PMR", "ref": null, "id": 2944 }, "geometry": { "type": "Point", "coordinates": [ -0.0694125, 51.4700059 ] } },
{ "type": "Feature", "properties": { "name": "Shepherd's Bush", "ref:crs": "SPB", "ref": null, "id": 2945 }, "geometry": { "type": "Point", "coordinates": [ -0.2179221, 51.5057781 ] } },
{ "type": "Feature", "properties": { "name": "Shoreditch High Street", "ref:crs": "SDC", "ref": null, "id": 2946 }, "geometry": { "type": "Point", "coordinates": [ -0.0744674, 51.5232534 ] } },
{ "type": "Feature", "properties": { "name": "Kilburn High Road", "ref:crs": "KBN", "ref": null, "id": 2947 }, "geometry": { "type": "Point", "coordinates": [ -0.1913533, 51.5377475 ] } },
{ "type": "Feature", "properties": { "name": "Harringay Green Lanes", "ref:crs": "HRY", "ref": null, "id": 2948 }, "geometry": { "type": "Point", "coordinates": [ -0.097888, 51.5772398 ] } },
{ "type": "Feature", "properties": { "name": "Kentish Town West", "ref:crs": "KTW", "ref": null, "id": 2949 }, "geometry": { "type": "Point", "coordinates": [ -0.1467554, 51.5469937 ] } },
{ "type": "Feature", "properties": { "name": "Silver Street", "ref:crs": "SLV", "ref": null, "id": 2950 }, "geometry": { "type": "Point", "coordinates": [ -0.0668979, 51.6152771 ] } },
{ "type": "Feature", "properties": { "name": "Caledonian Road & Barnsbury", "ref:crs": "CIR", "ref": null, "id": 2951 }, "geometry": { "type": "Point", "coordinates": [ -0.1148864, 51.5435462 ] } },
{ "type": "Feature", "properties": { "name": "Leyton Midland Road", "ref:crs": "LEM", "ref": null, "id": 2952 }, "geometry": { "type": "Point", "coordinates": [ -0.0070762, 51.5694492 ] } },
{ "type": "Feature", "properties": { "name": "Chingford", "ref:crs": "CHI", "ref": null, "id": 2953 }, "geometry": { "type": "Point", "coordinates": [ 0.009471, 51.6325345 ] } },
{ "type": "Feature", "properties": { "name": "Highams Park", "ref:crs": "HIP", "ref": null, "id": 2954 }, "geometry": { "type": "Point", "coordinates": [ -0.0001301, 51.6088927 ] } },
{ "type": "Feature", "properties": { "name": "Cambridge Heath", "ref:crs": "CBH", "ref": null, "id": 2955 }, "geometry": { "type": "Point", "coordinates": [ -0.0574215, 51.5319544 ] } },
{ "type": "Feature", "properties": { "name": "Hackney Central", "ref:crs": "HKC", "ref": null, "id": 2956 }, "geometry": { "type": "Point", "coordinates": [ -0.0568749, 51.5470605 ] } },
{ "type": "Feature", "properties": { "name": "Radcliffe", "ref:crs": "RDF", "ref": null, "id": 2957 }, "geometry": { "type": "Point", "coordinates": [ -1.0369716, 52.9487898 ] } },
{ "type": "Feature", "properties": { "name": "Robroyston", "ref:crs": "RRN", "ref": null, "id": 2958 }, "geometry": { "type": "Point", "coordinates": [ -4.1743912, 55.886885 ] } },
{ "type": "Feature", "properties": { "name": "Slough", "ref:crs": "SLO", "ref": null, "id": 2959 }, "geometry": { "type": "Point", "coordinates": [ -0.591276, 51.512103 ] } },
{ "type": "Feature", "properties": { "name": "Outwood", "ref:crs": "OUT", "ref": null, "id": 2960 }, "geometry": { "type": "Point", "coordinates": [ -1.5104273, 53.7152957 ] } },
{ "type": "Feature", "properties": { "name": "Brentwood", "ref:crs": "BRE", "ref": null, "id": 2961 }, "geometry": { "type": "Point", "coordinates": [ 0.3006105, 51.6135231 ] } },
{ "type": "Feature", "properties": { "name": "Heron Quays", "ref:crs": null, "ref": null, "id": 2962 }, "geometry": { "type": "Point", "coordinates": [ -0.0214699, 51.5030491 ] } },
{ "type": "Feature", "properties": { "name": "Harold Wood", "ref:crs": "HRO", "ref": null, "id": 2963 }, "geometry": { "type": "Point", "coordinates": [ 0.2341995, 51.5932171 ] } },
{ "type": "Feature", "properties": { "name": "Woolwich Arsenal DLR", "ref:crs": null, "ref": null, "id": 2964 }, "geometry": { "type": "Point", "coordinates": [ 0.0695827, 51.4901052 ] } },
{ "type": "Feature", "properties": { "name": "Westferry", "ref:crs": null, "ref": null, "id": 2965 }, "geometry": { "type": "Point", "coordinates": [ -0.026644, 51.509402499999965 ] } },
{ "type": "Feature", "properties": { "name": "Island Gardens", "ref:crs": null, "ref": null, "id": 2966 }, "geometry": { "type": "Point", "coordinates": [ -0.0105052, 51.4880683 ] } },
{ "type": "Feature", "properties": { "name": "London Paddington", "ref:crs": "PAD", "ref": null, "id": 2967 }, "geometry": { "type": "Point", "coordinates": [ -0.1777121, 51.5168132 ] } },
{ "type": "Feature", "properties": { "name": "Yorton", "ref:crs": "YRT", "ref": null, "id": 2968 }, "geometry": { "type": "Point", "coordinates": [ -2.7363694, 52.8090881 ] } },
{ "type": "Feature", "properties": { "name": "Bletchley", "ref:crs": "BLY", "ref": null, "id": 2969 }, "geometry": { "type": "Point", "coordinates": [ -0.7363, 51.9954534 ] } },
{ "type": "Feature", "properties": { "name": "Charing Cross", "ref:crs": "CHX", "ref": null, "id": 2970 }, "geometry": { "type": "Point", "coordinates": [ -0.1236888, 51.5074975 ] } },
{ "type": "Feature", "properties": { "name": "Stevenage", "ref:crs": "SVG", "ref": null, "id": 2971 }, "geometry": { "type": "Point", "coordinates": [ -0.207144, 51.9018356 ] } },
{ "type": "Feature", "properties": { "name": "Shanklin", "ref:crs": "SHN", "ref": null, "id": 2972 }, "geometry": { "type": "Point", "coordinates": [ -1.1799202, 50.6338793 ] } },
{ "type": "Feature", "properties": { "name": "Liverpool South Parkway", "ref:crs": "LPY", "ref": null, "id": 2973 }, "geometry": { "type": "Point", "coordinates": [ -2.8892004, 53.3576179 ] } },
{ "type": "Feature", "properties": { "name": "Sandown", "ref:crs": "SAN", "ref": null, "id": 2974 }, "geometry": { "type": "Point", "coordinates": [ -1.1622454, 50.657110199999984 ] } },
{ "type": "Feature", "properties": { "name": "Chippenham", "ref:crs": "CPM", "ref": null, "id": 2975 }, "geometry": { "type": "Point", "coordinates": [ -2.116144, 51.4622697 ] } },
{ "type": "Feature", "properties": { "name": "Stafford", "ref:crs": "STA", "ref": null, "id": 2976 }, "geometry": { "type": "Point", "coordinates": [ -2.1226262, 52.8035815 ] } },
{ "type": "Feature", "properties": { "name": "Potters Bar", "ref:crs": "PBR", "ref": null, "id": 2977 }, "geometry": { "type": "Point", "coordinates": [ -0.193118, 51.6975545 ] } },
{ "type": "Feature", "properties": { "name": "Southend Victoria", "ref:crs": "SOV", "ref": null, "id": 2978 }, "geometry": { "type": "Point", "coordinates": [ 0.7114814, 51.5429361 ] } },
{ "type": "Feature", "properties": { "name": "Westcliff", "ref:crs": "WCF", "ref": null, "id": 2979 }, "geometry": { "type": "Point", "coordinates": [ 0.6915156, 51.5374449 ] } },
{ "type": "Feature", "properties": { "name": "Muirend", "ref:crs": "MUI", "ref": null, "id": 2980 }, "geometry": { "type": "Point", "coordinates": [ -4.2738113, 55.8101131 ] } },
{ "type": "Feature", "properties": { "name": "Liverpool James Street", "ref:crs": "LVJ", "ref": null, "id": 2981 }, "geometry": { "type": "Point", "coordinates": [ -2.9922097, 53.4050028 ] } },
{ "type": "Feature", "properties": { "name": "Mansfield", "ref:crs": "MFT", "ref": null, "id": 2982 }, "geometry": { "type": "Point", "coordinates": [ -1.1985012, 53.142079 ] } },
{ "type": "Feature", "properties": { "name": "Alfreton", "ref:crs": "ALF", "ref": null, "id": 2983 }, "geometry": { "type": "Point", "coordinates": [ -1.3698401, 53.1010582 ] } },
{ "type": "Feature", "properties": { "name": "Winchmore Hill", "ref:crs": "WIH", "ref": null, "id": 2984 }, "geometry": { "type": "Point", "coordinates": [ -0.1009414, 51.6340675 ] } },
{ "type": "Feature", "properties": { "name": "Chadwell Heath", "ref:crs": "CTH", "ref": null, "id": 2985 }, "geometry": { "type": "Point", "coordinates": [ 0.127994, 51.5679857 ] } },
{ "type": "Feature", "properties": { "name": "West Ealing", "ref:crs": "WEA", "ref": null, "id": 2986 }, "geometry": { "type": "Point", "coordinates": [ -0.3206893, 51.5135365 ] } },
{ "type": "Feature", "properties": { "name": "Hayes and Harlington", "ref:crs": "HAY", "ref": null, "id": 2987 }, "geometry": { "type": "Point", "coordinates": [ -0.4191564, 51.5029246 ] } },
{ "type": "Feature", "properties": { "name": "Southall", "ref:crs": "STL", "ref": null, "id": 2988 }, "geometry": { "type": "Point", "coordinates": [ -0.3775015, 51.5060205 ] } },
{ "type": "Feature", "properties": { "name": "Hanwell", "ref:crs": "HAN", "ref": null, "id": 2989 }, "geometry": { "type": "Point", "coordinates": [ -0.3386659, 51.5117871 ] } },
{ "type": "Feature", "properties": { "name": "Goodmayes", "ref:crs": "GMY", "ref": null, "id": 2990 }, "geometry": { "type": "Point", "coordinates": [ 0.1119305, 51.565803 ] } },
{ "type": "Feature", "properties": { "name": "Acton Main Line", "ref:crs": "AML", "ref": null, "id": 2991 }, "geometry": { "type": "Point", "coordinates": [ -0.2679825, 51.5169789 ] } },
{ "type": "Feature", "properties": { "name": "Brondesbury", "ref:crs": "BSY", "ref": null, "id": 2992 }, "geometry": { "type": "Point", "coordinates": [ -0.2025961, 51.5450493 ] } },
{ "type": "Feature", "properties": { "name": "Star Lane", "ref:crs": null, "ref": null, "id": 2993 }, "geometry": { "type": "Point", "coordinates": [ 0.0043357, 51.5205083 ] } },
{ "type": "Feature", "properties": { "name": "Shadwell DLR", "ref:crs": null, "ref": null, "id": 2994 }, "geometry": { "type": "Point", "coordinates": [ -0.0554867, 51.5117593 ] } },
{ "type": "Feature", "properties": { "name": "Kensal Rise", "ref:crs": "KNR", "ref": null, "id": 2995 }, "geometry": { "type": "Point", "coordinates": [ -0.2200978, 51.5344634 ] } },
{ "type": "Feature", "properties": { "name": "Hackney Downs", "ref:crs": "HAC", "ref": null, "id": 2996 }, "geometry": { "type": "Point", "coordinates": [ -0.060686, 51.5486455 ] } },
{ "type": "Feature", "properties": { "name": "Homerton", "ref:crs": "HMN", "ref": null, "id": 2997 }, "geometry": { "type": "Point", "coordinates": [ -0.043121, 51.5470789 ] } },
{ "type": "Feature", "properties": { "name": "Canonbury", "ref:crs": "CNN", "ref": null, "id": 2998 }, "geometry": { "type": "Point", "coordinates": [ -0.0930239, 51.5485632 ] } },
{ "type": "Feature", "properties": { "name": "Southbury", "ref:crs": "SBU", "ref": null, "id": 2999 }, "geometry": { "type": "Point", "coordinates": [ -0.0526302, 51.6480314 ] } },
{ "type": "Feature", "properties": { "name": "Brondesbury Park", "ref:crs": "BSP", "ref": null, "id": 3000 }, "geometry": { "type": "Point", "coordinates": [ -0.2103359, 51.5405138 ] } },
{ "type": "Feature", "properties": { "name": "South Tottenham", "ref:crs": "STO", "ref": null, "id": 3001 }, "geometry": { "type": "Point", "coordinates": [ -0.0717169, 51.5804433 ] } },
{ "type": "Feature", "properties": { "name": "St James Street", "ref:crs": "SJS", "ref": null, "id": 3002 }, "geometry": { "type": "Point", "coordinates": [ -0.0322047, 51.5811716 ] } },
{ "type": "Feature", "properties": { "name": "Hackney Wick", "ref:crs": "HKW", "ref": null, "id": 3003 }, "geometry": { "type": "Point", "coordinates": [ -0.0241542, 51.5434383 ] } },
{ "type": "Feature", "properties": { "name": "Bush Hill Park", "ref:crs": "BHK", "ref": null, "id": 3004 }, "geometry": { "type": "Point", "coordinates": [ -0.0694005, 51.6417042 ] } },
{ "type": "Feature", "properties": { "name": "London Fields", "ref:crs": "LOF", "ref": null, "id": 3005 }, "geometry": { "type": "Point", "coordinates": [ -0.0577737, 51.5410518 ] } },
{ "type": "Feature", "properties": { "name": "South Hampstead", "ref:crs": "SOH", "ref": null, "id": 3006 }, "geometry": { "type": "Point", "coordinates": [ -0.1788007, 51.5414337 ] } },
{ "type": "Feature", "properties": { "name": "Devons Road", "ref:crs": null, "ref": null, "id": 3007 }, "geometry": { "type": "Point", "coordinates": [ -0.0172729, 51.5222078 ] } },
{ "type": "Feature", "properties": { "name": "Poplar", "ref:crs": null, "ref": null, "id": 3008 }, "geometry": { "type": "Point", "coordinates": [ -0.0172859, 51.507713099999989 ] } },
{ "type": "Feature", "properties": { "name": "Langdon Park", "ref:crs": null, "ref": null, "id": 3009 }, "geometry": { "type": "Point", "coordinates": [ -0.0141164, 51.51520510000001 ] } },
{ "type": "Feature", "properties": { "name": "Morar", "ref:crs": "MRR", "ref": null, "id": 3010 }, "geometry": { "type": "Point", "coordinates": [ -5.8220885, 56.9689555 ] } },
{ "type": "Feature", "properties": { "name": "Singer", "ref:crs": "SIN", "ref": null, "id": 3011 }, "geometry": { "type": "Point", "coordinates": [ -4.4054997, 55.9074847 ] } },
{ "type": "Feature", "properties": { "name": "Mallaig", "ref:crs": "MLG", "ref": null, "id": 3012 }, "geometry": { "type": "Point", "coordinates": [ -5.8302296, 57.0055416 ] } },
{ "type": "Feature", "properties": { "name": "Charing Cross", "ref:crs": "CHC", "ref": null, "id": 3013 }, "geometry": { "type": "Point", "coordinates": [ -4.2695777, 55.8646397 ] } },
{ "type": "Feature", "properties": { "name": "Bridgeton", "ref:crs": "BDG", "ref": null, "id": 3014 }, "geometry": { "type": "Point", "coordinates": [ -4.2248178, 55.8483262 ] } },
{ "type": "Feature", "properties": { "name": "Aberdeen", "ref:crs": "ABD", "ref": null, "id": 3015 }, "geometry": { "type": "Point", "coordinates": [ -2.0976346, 57.1426487 ] } },
{ "type": "Feature", "properties": { "name": "Drumry", "ref:crs": "DMY", "ref": null, "id": 3016 }, "geometry": { "type": "Point", "coordinates": [ -4.3854827, 55.904597 ] } },
{ "type": "Feature", "properties": { "name": "Darlington", "ref:crs": "DAR", "ref": null, "id": 3017 }, "geometry": { "type": "Point", "coordinates": [ -1.5466911, 54.5206617 ] } },
{ "type": "Feature", "properties": { "name": "Meadowhall Interchange", "ref:crs": "MHS", "ref": null, "id": 3018 }, "geometry": { "type": "Point", "coordinates": [ -1.4138361, 53.4168529 ] } },
{ "type": "Feature", "properties": { "name": "Ormskirk", "ref:crs": "OMS", "ref": null, "id": 3019 }, "geometry": { "type": "Point", "coordinates": [ -2.8809051, 53.5695845 ] } },
{ "type": "Feature", "properties": { "name": "Edinburgh Waverley", "ref:crs": "EDB", "ref": null, "id": 3020 }, "geometry": { "type": "Point", "coordinates": [ -3.1904199, 55.9519018 ] } },
{ "type": "Feature", "properties": { "name": "Moorfields", "ref:crs": "MRF", "ref": null, "id": 3021 }, "geometry": { "type": "Point", "coordinates": [ -2.9892356, 53.408549399999984 ] } },
{ "type": "Feature", "properties": { "name": "Market Harborough", "ref:crs": "MHR", "ref": null, "id": 3022 }, "geometry": { "type": "Point", "coordinates": [ -0.9091337, 52.4802412 ] } },
{ "type": "Feature", "properties": { "name": "Earley", "ref:crs": "EAR", "ref": null, "id": 3023 }, "geometry": { "type": "Point", "coordinates": [ -0.9177114, 51.44102980000001 ] } },
{ "type": "Feature", "properties": { "name": "Kidsgrove", "ref:crs": "KDG", "ref": null, "id": 3024 }, "geometry": { "type": "Point", "coordinates": [ -2.244923, 53.086420599999968 ] } },
{ "type": "Feature", "properties": { "name": "Tamworth", "ref:crs": "TAM", "ref": null, "id": 3025 }, "geometry": { "type": "Point", "coordinates": [ -1.6870818, 52.6375245 ] } },
{ "type": "Feature", "properties": { "name": "Princes Risborough", "ref:crs": "PRR", "ref": null, "id": 3026 }, "geometry": { "type": "Point", "coordinates": [ -0.8440858, 51.7180454 ] } },
{ "type": "Feature", "properties": { "name": "Aylesbury", "ref:crs": "AYS", "ref": null, "id": 3027 }, "geometry": { "type": "Point", "coordinates": [ -0.8143149, 51.8134286 ] } },
{ "type": "Feature", "properties": { "name": "Poynton", "ref:crs": "PYT", "ref": null, "id": 3028 }, "geometry": { "type": "Point", "coordinates": [ -2.134793, 53.3505513 ] } },
{ "type": "Feature", "properties": { "name": "Holyhead", "ref:crs": "HHD", "ref": null, "id": 3029 }, "geometry": { "type": "Point", "coordinates": [ -4.6312147, 53.3073739 ] } },
{ "type": "Feature", "properties": { "name": "Stoke-on-Trent", "ref:crs": "SOT", "ref": null, "id": 3030 }, "geometry": { "type": "Point", "coordinates": [ -2.1810781, 53.0079887 ] } },
{ "type": "Feature", "properties": { "name": "Abergavenny", "ref:crs": "AGV", "ref": null, "id": 3031 }, "geometry": { "type": "Point", "coordinates": [ -3.0090126, 51.8174352 ] } },
{ "type": "Feature", "properties": { "name": "Macclesfield", "ref:crs": "MAC", "ref": null, "id": 3032 }, "geometry": { "type": "Point", "coordinates": [ -2.1219368, 53.2593665 ] } },
{ "type": "Feature", "properties": { "name": "Warminster", "ref:crs": "WMN", "ref": null, "id": 3033 }, "geometry": { "type": "Point", "coordinates": [ -2.1769016, 51.2069721 ] } },
{ "type": "Feature", "properties": { "name": "Cheltenham Spa", "ref:crs": "CNM", "ref": null, "id": 3034 }, "geometry": { "type": "Point", "coordinates": [ -2.1001222, 51.8969882 ] } },
{ "type": "Feature", "properties": { "name": "Leominster", "ref:crs": "LEO", "ref": null, "id": 3035 }, "geometry": { "type": "Point", "coordinates": [ -2.7304447, 52.225809499999983 ] } },
{ "type": "Feature", "properties": { "name": "Wolverton", "ref:crs": "WOL", "ref": null, "id": 3036 }, "geometry": { "type": "Point", "coordinates": [ -0.8047602, 52.065978 ] } },
{ "type": "Feature", "properties": { "name": "Port Sunlight", "ref:crs": "PSL", "ref": null, "id": 3037 }, "geometry": { "type": "Point", "coordinates": [ -2.9982505, 53.3484812 ] } },
{ "type": "Feature", "properties": { "name": "Chesterfield", "ref:crs": "CHD", "ref": null, "id": 3038 }, "geometry": { "type": "Point", "coordinates": [ -1.4197283, 53.2382236 ] } },
{ "type": "Feature", "properties": { "name": "Glazebrook", "ref:crs": "GLZ", "ref": null, "id": 3039 }, "geometry": { "type": "Point", "coordinates": [ -2.4599923, 53.4282913 ] } },
{ "type": "Feature", "properties": { "name": "Henley-on-Thames", "ref:crs": "HOT", "ref": null, "id": 3040 }, "geometry": { "type": "Point", "coordinates": [ -0.899422, 51.5338451 ] } },
{ "type": "Feature", "properties": { "name": "Wrexham Central", "ref:crs": "WXC", "ref": null, "id": 3041 }, "geometry": { "type": "Point", "coordinates": [ -2.9996254, 53.0463361 ] } },
{ "type": "Feature", "properties": { "name": "Whaley Bridge", "ref:crs": "WBR", "ref": null, "id": 3042 }, "geometry": { "type": "Point", "coordinates": [ -1.9847378, 53.330264899999989 ] } },
{ "type": "Feature", "properties": { "name": "Liverpool Central", "ref:crs": "LVC", "ref": null, "id": 3043 }, "geometry": { "type": "Point", "coordinates": [ -2.9795092, 53.4042207 ] } },
{ "type": "Feature", "properties": { "name": "Sandhills", "ref:crs": "SDL", "ref": null, "id": 3044 }, "geometry": { "type": "Point", "coordinates": [ -2.9920015, 53.429536899999974 ] } },
{ "type": "Feature", "properties": { "name": "Corby", "ref:crs": "COR", "ref": null, "id": 3045 }, "geometry": { "type": "Point", "coordinates": [ -0.6883829, 52.4888488 ] } },
{ "type": "Feature", "properties": { "name": "Windermere", "ref:crs": "WDM", "ref": null, "id": 3046 }, "geometry": { "type": "Point", "coordinates": [ -2.9033054, 54.3794896 ] } },
{ "type": "Feature", "properties": { "name": "Swineshead", "ref:crs": "SWE", "ref": null, "id": 3047 }, "geometry": { "type": "Point", "coordinates": [ -0.1867064, 52.9697297 ] } },
{ "type": "Feature", "properties": { "name": "Cleethorpes", "ref:crs": "CLE", "ref": null, "id": 3048 }, "geometry": { "type": "Point", "coordinates": [ -0.0300969, 53.562825 ] } },
{ "type": "Feature", "properties": { "name": "Doncaster", "ref:crs": "DON", "ref": null, "id": 3049 }, "geometry": { "type": "Point", "coordinates": [ -1.1399149, 53.521953799999977 ] } },
{ "type": "Feature", "properties": { "name": "Grimsby Town", "ref:crs": "GMB", "ref": null, "id": 3050 }, "geometry": { "type": "Point", "coordinates": [ -0.0868507, 53.5634567 ] } },
{ "type": "Feature", "properties": { "name": "Workington", "ref:crs": "WKG", "ref": null, "id": 3051 }, "geometry": { "type": "Point", "coordinates": [ -3.558903, 54.6449643 ] } },
{ "type": "Feature", "properties": { "name": "Spalding", "ref:crs": "SPA", "ref": null, "id": 3052 }, "geometry": { "type": "Point", "coordinates": [ -0.1571731, 52.7887647 ] } },
{ "type": "Feature", "properties": { "name": "Market Rasen", "ref:crs": "MKR", "ref": null, "id": 3053 }, "geometry": { "type": "Point", "coordinates": [ -0.3368448, 53.3840114 ] } },
{ "type": "Feature", "properties": { "name": "Saxilby", "ref:crs": "SXY", "ref": null, "id": 3054 }, "geometry": { "type": "Point", "coordinates": [ -0.6645836, 53.267314 ] } },
{ "type": "Feature", "properties": { "name": "Salford Crescent", "ref:crs": "SLD", "ref": null, "id": 3055 }, "geometry": { "type": "Point", "coordinates": [ -2.275711, 53.4862309 ] } },
{ "type": "Feature", "properties": { "name": "Leeds", "ref:crs": "LDS", "ref": null, "id": 3056 }, "geometry": { "type": "Point", "coordinates": [ -1.548621, 53.794414 ] } },
{ "type": "Feature", "properties": { "name": "Scunthorpe", "ref:crs": "SCU", "ref": null, "id": 3057 }, "geometry": { "type": "Point", "coordinates": [ -0.6515681, 53.5861008 ] } },
{ "type": "Feature", "properties": { "name": "Wakefield Westgate", "ref:crs": "WKF", "ref": null, "id": 3058 }, "geometry": { "type": "Point", "coordinates": [ -1.5055805, 53.6822118 ] } },
{ "type": "Feature", "properties": { "name": "Norwich", "ref:crs": "NRW", "ref": null, "id": 3059 }, "geometry": { "type": "Point", "coordinates": [ 1.3076876, 52.626307 ] } },
{ "type": "Feature", "properties": { "name": "High Wycombe", "ref:crs": "HWY", "ref": null, "id": 3060 }, "geometry": { "type": "Point", "coordinates": [ -0.7445773, 51.629372699999983 ] } },
{ "type": "Feature", "properties": { "name": "Frimley", "ref:crs": "FML", "ref": null, "id": 3061 }, "geometry": { "type": "Point", "coordinates": [ -0.7470853, 51.311784 ] } },
{ "type": "Feature", "properties": { "name": "Putney", "ref:crs": "PUT", "ref": null, "id": 3062 }, "geometry": { "type": "Point", "coordinates": [ -0.2153478, 51.4609339 ] } },
{ "type": "Feature", "properties": { "name": "Essex Road", "ref:crs": "EXR", "ref": null, "id": 3063 }, "geometry": { "type": "Point", "coordinates": [ -0.0961859, 51.5407328 ] } },
{ "type": "Feature", "properties": { "name": "Rye", "ref:crs": "RYE", "ref": null, "id": 3064 }, "geometry": { "type": "Point", "coordinates": [ 0.7310208, 50.952632 ] } },
{ "type": "Feature", "properties": { "name": "Ascot", "ref:crs": "ACT", "ref": null, "id": 3065 }, "geometry": { "type": "Point", "coordinates": [ -0.6767778, 51.4062463 ] } },
{ "type": "Feature", "properties": { "name": "Windsor and Eton Riverside", "ref:crs": "WNR", "ref": null, "id": 3066 }, "geometry": { "type": "Point", "coordinates": [ -0.6053949, 51.4866279 ] } },
{ "type": "Feature", "properties": { "name": "Ham Street", "ref:crs": "HMT", "ref": null, "id": 3067 }, "geometry": { "type": "Point", "coordinates": [ 0.8545851, 51.0681986 ] } },
{ "type": "Feature", "properties": { "name": "Ingatestone", "ref:crs": "INT", "ref": null, "id": 3068 }, "geometry": { "type": "Point", "coordinates": [ 0.3842646, 51.66700010000001 ] } },
{ "type": "Feature", "properties": { "name": "Cricklewood", "ref:crs": "CRI", "ref": null, "id": 3069 }, "geometry": { "type": "Point", "coordinates": [ -0.2129746, 51.5587554 ] } },
{ "type": "Feature", "properties": { "name": "Hemel Hempstead", "ref:crs": "HML", "ref": null, "id": 3070 }, "geometry": { "type": "Point", "coordinates": [ -0.4911208, 51.7422715 ] } },
{ "type": "Feature", "properties": { "name": "Margate", "ref:crs": "MAR", "ref": null, "id": 3071 }, "geometry": { "type": "Point", "coordinates": [ 1.3719521, 51.3851637 ] } },
{ "type": "Feature", "properties": { "name": "North Camp", "ref:crs": "NCM", "ref": null, "id": 3072 }, "geometry": { "type": "Point", "coordinates": [ -0.7307328, 51.2753951 ] } },
{ "type": "Feature", "properties": { "name": "Waterloo East", "ref:crs": "WAE", "ref": null, "id": 3073 }, "geometry": { "type": "Point", "coordinates": [ -0.1082027, 51.5042171 ] } },
{ "type": "Feature", "properties": { "name": "London King's Cross", "ref:crs": "KGX", "ref": null, "id": 3074 }, "geometry": { "type": "Point", "coordinates": [ -0.1230224, 51.5323954 ] } },
{ "type": "Feature", "properties": { "name": "Hayes", "ref:crs": "HYS", "ref": null, "id": 3075 }, "geometry": { "type": "Point", "coordinates": [ 0.0095073, 51.3765959 ] } },
{ "type": "Feature", "properties": { "name": "Maze Hill", "ref:crs": "MZH", "ref": null, "id": 3076 }, "geometry": { "type": "Point", "coordinates": [ 0.00375, 51.482647900000011 ] } },
{ "type": "Feature", "properties": { "name": "Bexleyheath", "ref:crs": "BXH", "ref": null, "id": 3077 }, "geometry": { "type": "Point", "coordinates": [ 0.1329448, 51.4635649 ] } },
{ "type": "Feature", "properties": { "name": "Belvedere", "ref:crs": "BVD", "ref": null, "id": 3078 }, "geometry": { "type": "Point", "coordinates": [ 0.1533667, 51.4922273 ] } },
{ "type": "Feature", "properties": { "name": "Coulsdon South", "ref:crs": "CDS", "ref": null, "id": 3079 }, "geometry": { "type": "Point", "coordinates": [ -0.137974, 51.315543 ] } },
{ "type": "Feature", "properties": { "name": "Ashford", "ref:crs": "AFS", "ref": null, "id": 3080 }, "geometry": { "type": "Point", "coordinates": [ -0.4683126, 51.436496 ] } },
{ "type": "Feature", "properties": { "name": "Falconwood", "ref:crs": "FCN", "ref": null, "id": 3081 }, "geometry": { "type": "Point", "coordinates": [ 0.0793044, 51.4592305 ] } },
{ "type": "Feature", "properties": { "name": "Marlow", "ref:crs": "MLW", "ref": null, "id": 3082 }, "geometry": { "type": "Point", "coordinates": [ -0.7664026, 51.571086 ] } },
{ "type": "Feature", "properties": { "name": "Charlton", "ref:crs": "CTN", "ref": null, "id": 3083 }, "geometry": { "type": "Point", "coordinates": [ 0.030809, 51.4867602 ] } },
{ "type": "Feature", "properties": { "name": "Milton Keynes Central", "ref:crs": "MKC", "ref": null, "id": 3084 }, "geometry": { "type": "Point", "coordinates": [ -0.7748261, 52.0342006 ] } },
{ "type": "Feature", "properties": { "name": "London Blackfriars", "ref:crs": "BFR", "ref": null, "id": 3085 }, "geometry": { "type": "Point", "coordinates": [ -0.1032417, 51.5104871 ] } },
{ "type": "Feature", "properties": { "name": "Avonmouth", "ref:crs": "AVN", "ref": null, "id": 3086 }, "geometry": { "type": "Point", "coordinates": [ -2.6988623, 51.4997221 ] } },
{ "type": "Feature", "properties": { "name": "Sea Mills", "ref:crs": "SML", "ref": null, "id": 3087 }, "geometry": { "type": "Point", "coordinates": [ -2.6496514, 51.4795006 ] } },
{ "type": "Feature", "properties": { "name": "Ponders End", "ref:crs": "PON", "ref": null, "id": 3088 }, "geometry": { "type": "Point", "coordinates": [ -0.0347837, 51.6428463 ] } },
{ "type": "Feature", "properties": { "name": "Lea Bridge", "ref:crs": "LEB", "ref": null, "id": 3089 }, "geometry": { "type": "Point", "coordinates": [ -0.0371218, 51.5667512 ] } },
{ "type": "Feature", "properties": { "name": "Bristol Temple Meads", "ref:crs": "BRI", "ref": null, "id": 3090 }, "geometry": { "type": "Point", "coordinates": [ -2.5804029, 51.4490991 ] } },
{ "type": "Feature", "properties": { "name": "Chester-le-Street", "ref:crs": "CLS", "ref": null, "id": 3091 }, "geometry": { "type": "Point", "coordinates": [ -1.5782541, 54.8545355 ] } },
{ "type": "Feature", "properties": { "name": "Durham", "ref:crs": "DHM", "ref": null, "id": 3092 }, "geometry": { "type": "Point", "coordinates": [ -1.5815122, 54.7797488 ] } },
{ "type": "Feature", "properties": { "name": "Kendal", "ref:crs": "KEN", "ref": null, "id": 3093 }, "geometry": { "type": "Point", "coordinates": [ -2.7401448, 54.3322466 ] } },
{ "type": "Feature", "properties": { "name": "Lancaster", "ref:crs": "LAN", "ref": null, "id": 3094 }, "geometry": { "type": "Point", "coordinates": [ -2.807799, 54.0488361 ] } },
{ "type": "Feature", "properties": { "name": "St Annes-on-the-Sea", "ref:crs": "SAS", "ref": null, "id": 3095 }, "geometry": { "type": "Point", "coordinates": [ -3.02895, 53.7531813 ] } },
{ "type": "Feature", "properties": { "name": "Elstree & Borehamwood", "ref:crs": "ELS", "ref": null, "id": 3096 }, "geometry": { "type": "Point", "coordinates": [ -0.2798815, 51.652819 ] } },
{ "type": "Feature", "properties": { "name": "Kiveton Park", "ref:crs": "KVP", "ref": null, "id": 3097 }, "geometry": { "type": "Point", "coordinates": [ -1.2395678, 53.3367636 ] } },
{ "type": "Feature", "properties": { "name": "Kingston", "ref:crs": "KNG", "ref": null, "id": 3098 }, "geometry": { "type": "Point", "coordinates": [ -0.3018577, 51.4129277 ] } },
{ "type": "Feature", "properties": { "name": "Redbridge", "ref:crs": "RDB", "ref": null, "id": 3099 }, "geometry": { "type": "Point", "coordinates": [ -1.469603, 50.9195374 ] } },
{ "type": "Feature", "properties": { "name": "Sileby", "ref:crs": "SIL", "ref": null, "id": 3100 }, "geometry": { "type": "Point", "coordinates": [ -1.1094383, 52.7311264 ] } },
{ "type": "Feature", "properties": { "name": "Dorchester West", "ref:crs": "DCW", "ref": null, "id": 3101 }, "geometry": { "type": "Point", "coordinates": [ -2.4426484, 50.7109324 ] } },
{ "type": "Feature", "properties": { "name": "Thornaby", "ref:crs": "TBY", "ref": null, "id": 3102 }, "geometry": { "type": "Point", "coordinates": [ -1.3016958, 54.5591886 ] } },
{ "type": "Feature", "properties": { "name": "Winsford", "ref:crs": "WSF", "ref": null, "id": 3103 }, "geometry": { "type": "Point", "coordinates": [ -2.4943089, 53.1904159 ] } },
{ "type": "Feature", "properties": { "name": "Banstead", "ref:crs": "BAD", "ref": null, "id": 3104 }, "geometry": { "type": "Point", "coordinates": [ -0.2137196, 51.3294324 ] } },
{ "type": "Feature", "properties": { "name": "Dorchester South", "ref:crs": "DCH", "ref": null, "id": 3105 }, "geometry": { "type": "Point", "coordinates": [ -2.4374501, 50.7091366 ] } },
{ "type": "Feature", "properties": { "name": "Oxenholme Lake District", "ref:crs": "OXN", "ref": null, "id": 3106 }, "geometry": { "type": "Point", "coordinates": [ -2.7217774, 54.3050597 ] } },
{ "type": "Feature", "properties": { "name": "Berkswell", "ref:crs": "BKW", "ref": null, "id": 3107 }, "geometry": { "type": "Point", "coordinates": [ -1.6417904, 52.3960838 ] } },
{ "type": "Feature", "properties": { "name": "Wembley Stadium", "ref:crs": "WCX", "ref": null, "id": 3108 }, "geometry": { "type": "Point", "coordinates": [ -0.2847664, 51.5542489 ] } },
{ "type": "Feature", "properties": { "name": "Sudbury & Harrow Road", "ref:crs": "SUD", "ref": null, "id": 3109 }, "geometry": { "type": "Point", "coordinates": [ -0.3160599, 51.5543352 ] } },
{ "type": "Feature", "properties": { "name": "Ilkeston", "ref:crs": "ILN", "ref": null, "id": 3110 }, "geometry": { "type": "Point", "coordinates": [ -1.2950397, 52.9790983 ] } },
{ "type": "Feature", "properties": { "name": "Longbridge", "ref:crs": "LOB", "ref": null, "id": 3111 }, "geometry": { "type": "Point", "coordinates": [ -1.9807611, 52.3970107 ] } },
{ "type": "Feature", "properties": { "name": "Arnside", "ref:crs": "ARN", "ref": null, "id": 3112 }, "geometry": { "type": "Point", "coordinates": [ -2.8280672, 54.202601 ] } },
{ "type": "Feature", "properties": { "name": "Sholing", "ref:crs": "SHO", "ref": null, "id": 3113 }, "geometry": { "type": "Point", "coordinates": [ -1.364194, 50.8964487 ] } },
{ "type": "Feature", "properties": { "name": "Llansamlet", "ref:crs": "LAS", "ref": null, "id": 3114 }, "geometry": { "type": "Point", "coordinates": [ -3.8854619, 51.66150720000001 ] } },
{ "type": "Feature", "properties": { "name": "Ramsgate", "ref:crs": "RAM", "ref": null, "id": 3115 }, "geometry": { "type": "Point", "coordinates": [ 1.4052264, 51.341076399999984 ] } },
{ "type": "Feature", "properties": { "name": "Woolston", "ref:crs": "WLS", "ref": null, "id": 3116 }, "geometry": { "type": "Point", "coordinates": [ -1.3766466, 50.8990424 ] } },
{ "type": "Feature", "properties": { "name": "Swaythling", "ref:crs": "SWG", "ref": null, "id": 3117 }, "geometry": { "type": "Point", "coordinates": [ -1.3764672, 50.9411238 ] } },
{ "type": "Feature", "properties": { "name": "Bitterne", "ref:crs": "BTE", "ref": null, "id": 3118 }, "geometry": { "type": "Point", "coordinates": [ -1.3769392, 50.9181488 ] } },
{ "type": "Feature", "properties": { "name": "Lanark", "ref:crs": "LNK", "ref": null, "id": 3119 }, "geometry": { "type": "Point", "coordinates": [ -3.7724229, 55.67350290000001 ] } },
{ "type": "Feature", "properties": { "name": "Bulwell", "ref:crs": "BLW", "ref": null, "id": 3120 }, "geometry": { "type": "Point", "coordinates": [ -1.1953957, 52.9993437 ] } },
{ "type": "Feature", "properties": { "name": "Hellifield", "ref:crs": "HLD", "ref": null, "id": 3121 }, "geometry": { "type": "Point", "coordinates": [ -2.2269493, 54.0104821 ] } },
{ "type": "Feature", "properties": { "name": "Wembley Central", "ref:crs": "WMB", "ref": null, "id": 3122 }, "geometry": { "type": "Point", "coordinates": [ -0.2966751, 51.5523278 ] } },
{ "type": "Feature", "properties": { "name": "Carnoustie", "ref:crs": "CAN", "ref": null, "id": 3123 }, "geometry": { "type": "Point", "coordinates": [ -2.7053474, 56.5006776 ] } },
{ "type": "Feature", "properties": { "name": "Kirkcaldy", "ref:crs": "KDY", "ref": null, "id": 3124 }, "geometry": { "type": "Point", "coordinates": [ -3.1670545, 56.111998599999986 ] } },
{ "type": "Feature", "properties": { "name": "Kinbrace", "ref:crs": "KBC", "ref": null, "id": 3125 }, "geometry": { "type": "Point", "coordinates": [ -3.9411518, 58.2585833 ] } },
{ "type": "Feature", "properties": { "name": "Duncraig", "ref:crs": "DCG", "ref": null, "id": 3126 }, "geometry": { "type": "Point", "coordinates": [ -5.6371138, 57.3369369 ] } },
{ "type": "Feature", "properties": { "name": "Attadale", "ref:crs": "ATT", "ref": null, "id": 3127 }, "geometry": { "type": "Point", "coordinates": [ -5.455396, 57.3944792 ] } },
{ "type": "Feature", "properties": { "name": "Invershin", "ref:crs": "INH", "ref": null, "id": 3128 }, "geometry": { "type": "Point", "coordinates": [ -4.3995831, 57.9248518 ] } },
{ "type": "Feature", "properties": { "name": "Kildonan", "ref:crs": "KIL", "ref": null, "id": 3129 }, "geometry": { "type": "Point", "coordinates": [ -3.8690934, 58.1707751 ] } },
{ "type": "Feature", "properties": { "name": "Lochluichart", "ref:crs": "LCC", "ref": null, "id": 3130 }, "geometry": { "type": "Point", "coordinates": [ -4.8089907, 57.6218024 ] } },
{ "type": "Feature", "properties": { "name": "Culrain", "ref:crs": "CUA", "ref": null, "id": 3131 }, "geometry": { "type": "Point", "coordinates": [ -4.404528, 57.9195944 ] } },
{ "type": "Feature", "properties": { "name": "Scotscalder", "ref:crs": "SCT", "ref": null, "id": 3132 }, "geometry": { "type": "Point", "coordinates": [ -3.55207, 58.4828499 ] } },
{ "type": "Feature", "properties": { "name": "Achnashellach", "ref:crs": "ACH", "ref": null, "id": 3133 }, "geometry": { "type": "Point", "coordinates": [ -5.3333634, 57.4820352 ] } },
{ "type": "Feature", "properties": { "name": "Rogart", "ref:crs": "ROG", "ref": null, "id": 3134 }, "geometry": { "type": "Point", "coordinates": [ -4.158287, 57.9886311 ] } },
{ "type": "Feature", "properties": { "name": "Achanalt", "ref:crs": "AAT", "ref": null, "id": 3135 }, "geometry": { "type": "Point", "coordinates": [ -4.9138447, 57.6096032 ] } },
{ "type": "Feature", "properties": { "name": "Duirinish", "ref:crs": "DRN", "ref": null, "id": 3136 }, "geometry": { "type": "Point", "coordinates": [ -5.6916167, 57.3198325 ] } },
{ "type": "Feature", "properties": { "name": "Tyndrum Lower", "ref:crs": "TYL", "ref": null, "id": 3137 }, "geometry": { "type": "Point", "coordinates": [ -4.7134443, 56.4336045 ] } },
{ "type": "Feature", "properties": { "name": "Corpach", "ref:crs": "CPA", "ref": null, "id": 3138 }, "geometry": { "type": "Point", "coordinates": [ -5.1221182, 56.8427664 ] } },
{ "type": "Feature", "properties": { "name": "Connel Ferry", "ref:crs": "CON", "ref": null, "id": 3139 }, "geometry": { "type": "Point", "coordinates": [ -5.3833657, 56.4524639 ] } },
{ "type": "Feature", "properties": { "name": "Alexandria", "ref:crs": "ALX", "ref": null, "id": 3140 }, "geometry": { "type": "Point", "coordinates": [ -4.5773243, 55.9852719 ] } },
{ "type": "Feature", "properties": { "name": "Montrose", "ref:crs": "MTS", "ref": null, "id": 3141 }, "geometry": { "type": "Point", "coordinates": [ -2.4722165, 56.7128296 ] } },
{ "type": "Feature", "properties": { "name": "Loch Awe", "ref:crs": "LHA", "ref": null, "id": 3142 }, "geometry": { "type": "Point", "coordinates": [ -5.0416851, 56.4018224 ] } },
{ "type": "Feature", "properties": { "name": "Arisaig", "ref:crs": "ARG", "ref": null, "id": 3143 }, "geometry": { "type": "Point", "coordinates": [ -5.8396337, 56.9129624 ] } },
{ "type": "Feature", "properties": { "name": "Falls of Cruachan", "ref:crs": "FOC", "ref": null, "id": 3144 }, "geometry": { "type": "Point", "coordinates": [ -5.1127256, 56.3940171 ] } },
{ "type": "Feature", "properties": { "name": "Renton", "ref:crs": "RTN", "ref": null, "id": 3145 }, "geometry": { "type": "Point", "coordinates": [ -4.5863543, 55.9703118 ] } },
{ "type": "Feature", "properties": { "name": "Balloch", "ref:crs": "BHC", "ref": null, "id": 3146 }, "geometry": { "type": "Point", "coordinates": [ -4.5832835, 56.0023629 ] } },
{ "type": "Feature", "properties": { "name": "Barnhill", "ref:crs": "BNL", "ref": null, "id": 3147 }, "geometry": { "type": "Point", "coordinates": [ -4.2233317, 55.8777405 ] } },
{ "type": "Feature", "properties": { "name": "Roy Bridge", "ref:crs": "RYB", "ref": null, "id": 3148 }, "geometry": { "type": "Point", "coordinates": [ -4.8371115, 56.8883373 ] } },
{ "type": "Feature", "properties": { "name": "Ashwell & Morden", "ref:crs": "AWM", "ref": null, "id": 3149 }, "geometry": { "type": "Point", "coordinates": [ -0.1099212, 52.0306258 ] } },
{ "type": "Feature", "properties": { "name": "Marton", "ref:crs": "MTO", "ref": null, "id": 3150 }, "geometry": { "type": "Point", "coordinates": [ -1.1983615, 54.544225 ] } },
{ "type": "Feature", "properties": { "name": "Carntyne", "ref:crs": "CAY", "ref": null, "id": 3151 }, "geometry": { "type": "Point", "coordinates": [ -4.1791751, 55.8548998 ] } },
{ "type": "Feature", "properties": { "name": "Garrowhill", "ref:crs": "GAR", "ref": null, "id": 3152 }, "geometry": { "type": "Point", "coordinates": [ -4.129839, 55.855046 ] } },
{ "type": "Feature", "properties": { "name": "Larbert", "ref:crs": "LBT", "ref": null, "id": 3153 }, "geometry": { "type": "Point", "coordinates": [ -3.8297927, 56.0221353 ] } },
{ "type": "Feature", "properties": { "name": "Prestonpans", "ref:crs": "PST", "ref": null, "id": 3154 }, "geometry": { "type": "Point", "coordinates": [ -2.9754522, 55.952776399999983 ] } },
{ "type": "Feature", "properties": { "name": "Poulton-le-Fylde", "ref:crs": "PFY", "ref": null, "id": 3155 }, "geometry": { "type": "Point", "coordinates": [ -2.9896795, 53.848292200000017 ] } },
{ "type": "Feature", "properties": { "name": "Drumgelloch", "ref:crs": "DRU", "ref": null, "id": 3156 }, "geometry": { "type": "Point", "coordinates": [ -3.9483149, 55.8676763 ] } },
{ "type": "Feature", "properties": { "name": "Shettleston", "ref:crs": "SLS", "ref": null, "id": 3157 }, "geometry": { "type": "Point", "coordinates": [ -4.1595853, 55.8536445 ] } },
{ "type": "Feature", "properties": { "name": "Malton", "ref:crs": "MLT", "ref": null, "id": 3158 }, "geometry": { "type": "Point", "coordinates": [ -0.7977286, 54.1318572 ] } },
{ "type": "Feature", "properties": { "name": "Foxton", "ref:crs": "FXN", "ref": null, "id": 3159 }, "geometry": { "type": "Point", "coordinates": [ 0.0569774, 52.1193575 ] } },
{ "type": "Feature", "properties": { "name": "Gartcosh", "ref:crs": "GRH", "ref": null, "id": 3160 }, "geometry": { "type": "Point", "coordinates": [ -4.0793828, 55.8856215 ] } },
{ "type": "Feature", "properties": { "name": "Livingston North", "ref:crs": "LSN", "ref": null, "id": 3161 }, "geometry": { "type": "Point", "coordinates": [ -3.5436081, 55.9015081 ] } },
{ "type": "Feature", "properties": { "name": "Harwich Town", "ref:crs": "HWC", "ref": null, "id": 3162 }, "geometry": { "type": "Point", "coordinates": [ 1.2866273, 51.9441577 ] } },
{ "type": "Feature", "properties": { "name": "Coatdyke", "ref:crs": "COA", "ref": null, "id": 3163 }, "geometry": { "type": "Point", "coordinates": [ -4.0049999, 55.864404 ] } },
{ "type": "Feature", "properties": { "name": "Burnham-on-Crouch", "ref:crs": "BUU", "ref": null, "id": 3164 }, "geometry": { "type": "Point", "coordinates": [ 0.8136583, 51.6336033 ] } },
{ "type": "Feature", "properties": { "name": "Stepps", "ref:crs": "SPS", "ref": null, "id": 3165 }, "geometry": { "type": "Point", "coordinates": [ -4.140434, 55.8901155 ] } },
{ "type": "Feature", "properties": { "name": "Warwick", "ref:crs": "WRW", "ref": null, "id": 3166 }, "geometry": { "type": "Point", "coordinates": [ -1.5817112, 52.28662 ] } },
{ "type": "Feature", "properties": { "name": "Southminster", "ref:crs": "SMN", "ref": null, "id": 3167 }, "geometry": { "type": "Point", "coordinates": [ 0.8353716, 51.6606424 ] } },
{ "type": "Feature", "properties": { "name": "Shepreth", "ref:crs": "STH", "ref": null, "id": 3168 }, "geometry": { "type": "Point", "coordinates": [ 0.0316482, 52.114457 ] } },
{ "type": "Feature", "properties": { "name": "Uphall", "ref:crs": "UHA", "ref": null, "id": 3169 }, "geometry": { "type": "Point", "coordinates": [ -3.5019033, 55.9190379 ] } },
{ "type": "Feature", "properties": { "name": "Musselburgh", "ref:crs": "MUB", "ref": null, "id": 3170 }, "geometry": { "type": "Point", "coordinates": [ -3.0724927, 55.9334479 ] } },
{ "type": "Feature", "properties": { "name": "Kelvindale", "ref:crs": "KVD", "ref": null, "id": 3171 }, "geometry": { "type": "Point", "coordinates": [ -4.31008, 55.8934819 ] } },
{ "type": "Feature", "properties": { "name": "Battlesbridge", "ref:crs": "BLB", "ref": null, "id": 3172 }, "geometry": { "type": "Point", "coordinates": [ 0.5656286, 51.6249307 ] } },
{ "type": "Feature", "properties": { "name": "Bridge of Allan", "ref:crs": "BEA", "ref": null, "id": 3173 }, "geometry": { "type": "Point", "coordinates": [ -3.9572856, 56.1567462 ] } },
{ "type": "Feature", "properties": { "name": "Newtonmore", "ref:crs": "NWR", "ref": null, "id": 3174 }, "geometry": { "type": "Point", "coordinates": [ -4.1189471, 57.0591332 ] } },
{ "type": "Feature", "properties": { "name": "Tile Hill", "ref:crs": "THL", "ref": null, "id": 3175 }, "geometry": { "type": "Point", "coordinates": [ -1.5972825, 52.3951906 ] } },
{ "type": "Feature", "properties": { "name": "Beasdale", "ref:crs": "BSL", "ref": null, "id": 3176 }, "geometry": { "type": "Point", "coordinates": [ -5.7639221, 56.9000736 ] } },
{ "type": "Feature", "properties": { "name": "Althorne", "ref:crs": "ALN", "ref": null, "id": 3177 }, "geometry": { "type": "Point", "coordinates": [ 0.7517966, 51.6477849 ] } },
{ "type": "Feature", "properties": { "name": "Buckshaw Parkway", "ref:crs": "BSV", "ref": null, "id": 3178 }, "geometry": { "type": "Point", "coordinates": [ -2.6589846, 53.6729554 ] } },
{ "type": "Feature", "properties": { "name": "Gypsy Lane", "ref:crs": "GYP", "ref": null, "id": 3179 }, "geometry": { "type": "Point", "coordinates": [ -1.1803117, 54.5333293 ] } },
{ "type": "Feature", "properties": { "name": "Bathgate", "ref:crs": "BHG", "ref": null, "id": 3180 }, "geometry": { "type": "Point", "coordinates": [ -3.6362736, 55.8971052 ] } },
{ "type": "Feature", "properties": { "name": "Camelon", "ref:crs": "CMO", "ref": null, "id": 3181 }, "geometry": { "type": "Point", "coordinates": [ -3.8183922, 56.0062328 ] } },
{ "type": "Feature", "properties": { "name": "North Berwick", "ref:crs": "NBW", "ref": null, "id": 3182 }, "geometry": { "type": "Point", "coordinates": [ -2.7310042, 56.0566277 ] } },
{ "type": "Feature", "properties": { "name": "Worcester Foregate Street", "ref:crs": "WOF", "ref": null, "id": 3183 }, "geometry": { "type": "Point", "coordinates": [ -2.2207771, 52.1953125 ] } },
{ "type": "Feature", "properties": { "name": "Hartlebury", "ref:crs": "HBY", "ref": null, "id": 3184 }, "geometry": { "type": "Point", "coordinates": [ -2.2210855, 52.3344413 ] } },
{ "type": "Feature", "properties": { "name": "Armadale", "ref:crs": "ARM", "ref": null, "id": 3185 }, "geometry": { "type": "Point", "coordinates": [ -3.6929618, 55.8865302 ] } },
{ "type": "Feature", "properties": { "name": "Caldercruix", "ref:crs": "CAC", "ref": null, "id": 3186 }, "geometry": { "type": "Point", "coordinates": [ -3.8887176, 55.888048299999987 ] } },
{ "type": "Feature", "properties": { "name": "Rufford", "ref:crs": "RUF", "ref": null, "id": 3187 }, "geometry": { "type": "Point", "coordinates": [ -2.8079516, 53.6343744 ] } },
{ "type": "Feature", "properties": { "name": "Sandy", "ref:crs": "SDY", "ref": null, "id": 3188 }, "geometry": { "type": "Point", "coordinates": [ -0.2809477, 52.1249106 ] } },
{ "type": "Feature", "properties": { "name": "Arbroath", "ref:crs": "ARB", "ref": null, "id": 3189 }, "geometry": { "type": "Point", "coordinates": [ -2.5892737, 56.5593376 ] } },
{ "type": "Feature", "properties": { "name": "Morpeth", "ref:crs": "MPT", "ref": null, "id": 3190 }, "geometry": { "type": "Point", "coordinates": [ -1.6831484, 55.1623623 ] } },
{ "type": "Feature", "properties": { "name": "Falkirk Grahamston", "ref:crs": "FKG", "ref": null, "id": 3191 }, "geometry": { "type": "Point", "coordinates": [ -3.7854737, 56.0023684 ] } },
{ "type": "Feature", "properties": { "name": "Stonehaven", "ref:crs": "STN", "ref": null, "id": 3192 }, "geometry": { "type": "Point", "coordinates": [ -2.225283, 56.9668616 ] } },
{ "type": "Feature", "properties": { "name": "Inverkeithing", "ref:crs": "INK", "ref": null, "id": 3193 }, "geometry": { "type": "Point", "coordinates": [ -3.3954171, 56.0352386 ] } },
{ "type": "Feature", "properties": { "name": "Partick", "ref:crs": "PTK", "ref": null, "id": 3194 }, "geometry": { "type": "Point", "coordinates": [ -4.3094365, 55.8699211 ] } },
{ "type": "Feature", "properties": { "name": "Golf Street", "ref:crs": "GOF", "ref": null, "id": 3195 }, "geometry": { "type": "Point", "coordinates": [ -2.7201226, 56.497945599999987 ] } },
{ "type": "Feature", "properties": { "name": "Bradford Interchange", "ref:crs": "BDI", "ref": null, "id": 3196 }, "geometry": { "type": "Point", "coordinates": [ -1.7491251, 53.790494 ] } },
{ "type": "Feature", "properties": { "name": "South Woodham Ferrers", "ref:crs": "SOF", "ref": null, "id": 3197 }, "geometry": { "type": "Point", "coordinates": [ 0.6060545, 51.6494076 ] } },
{ "type": "Feature", "properties": { "name": "Worcestershire Parkway", "ref:crs": "WOP", "ref": null, "id": 3198 }, "geometry": { "type": "Point", "coordinates": [ -2.1600339, 52.1561771 ] } },
{ "type": "Feature", "properties": { "name": "Apedale Road", "ref:crs": null, "ref": null, "id": 3199 }, "geometry": { "type": "Point", "coordinates": [ -2.2658011, 53.0364237 ] } },
{ "type": "Feature", "properties": { "name": "Ludborough", "ref:crs": null, "ref": null, "id": 3200 }, "geometry": { "type": "Point", "coordinates": [ -0.0311433, 53.4451119 ] } },
{ "type": "Feature", "properties": { "name": "Smethwick Galton Bridge", "ref:crs": "SGB", "ref": null, "id": 3201 }, "geometry": { "type": "Point", "coordinates": [ -1.9804372, 52.5021195 ] } },
{ "type": "Feature", "properties": { "name": "Wombwell", "ref:crs": "WOM", "ref": null, "id": 3202 }, "geometry": { "type": "Point", "coordinates": [ -1.4163018, 53.5174468 ] } },
{ "type": "Feature", "properties": { "name": "Selly Oak", "ref:crs": "SLY", "ref": null, "id": 3203 }, "geometry": { "type": "Point", "coordinates": [ -1.9355913, 52.4418625 ] } },
{ "type": "Feature", "properties": { "name": "Bournville", "ref:crs": "BRV", "ref": null, "id": 3204 }, "geometry": { "type": "Point", "coordinates": [ -1.9266683, 52.4273889 ] } },
{ "type": "Feature", "properties": { "name": "Five Ways", "ref:crs": "FWY", "ref": null, "id": 3205 }, "geometry": { "type": "Point", "coordinates": [ -1.9130708, 52.4710941 ] } },
{ "type": "Feature", "properties": { "name": "Small Heath", "ref:crs": "SMA", "ref": null, "id": 3206 }, "geometry": { "type": "Point", "coordinates": [ -1.8593194, 52.4636809 ] } },
{ "type": "Feature", "properties": { "name": "Tyseley", "ref:crs": "TYS", "ref": null, "id": 3207 }, "geometry": { "type": "Point", "coordinates": [ -1.8385604, 52.4539238 ] } },
{ "type": "Feature", "properties": { "name": "Acocks Green", "ref:crs": "ACG", "ref": null, "id": 3208 }, "geometry": { "type": "Point", "coordinates": [ -1.8192378, 52.4495299 ] } },
{ "type": "Feature", "properties": { "name": "Hamstead", "ref:crs": "HSD", "ref": null, "id": 3209 }, "geometry": { "type": "Point", "coordinates": [ -1.9288687, 52.530994499999984 ] } },
{ "type": "Feature", "properties": { "name": "Ashfield", "ref:crs": "ASF", "ref": null, "id": 3210 }, "geometry": { "type": "Point", "coordinates": [ -4.2484588, 55.8888403 ] } },
{ "type": "Feature", "properties": { "name": "Possilpark and Parkhouse", "ref:crs": "PPK", "ref": null, "id": 3211 }, "geometry": { "type": "Point", "coordinates": [ -4.2583527, 55.890141 ] } },
{ "type": "Feature", "properties": { "name": "Cowcaddens", "ref:crs": null, "ref": null, "id": 3212 }, "geometry": { "type": "Point", "coordinates": [ -4.2593895, 55.8677878 ] } },
{ "type": "Feature", "properties": { "name": "Blackpool South", "ref:crs": "BPS", "ref": null, "id": 3213 }, "geometry": { "type": "Point", "coordinates": [ -3.0488911, 53.7983538 ] } },
{ "type": "Feature", "properties": { "name": "Duddeston", "ref:crs": "DUD", "ref": null, "id": 3214 }, "geometry": { "type": "Point", "coordinates": [ -1.8712807, 52.4884888 ] } },
{ "type": "Feature", "properties": { "name": "Whitley Bay", "ref:crs": null, "ref": null, "id": 3215 }, "geometry": { "type": "Point", "coordinates": [ -1.442273, 55.0397265 ] } },
{ "type": "Feature", "properties": { "name": "Tynemouth", "ref:crs": null, "ref": null, "id": 3216 }, "geometry": { "type": "Point", "coordinates": [ -1.4288662, 55.0170464 ] } },
{ "type": "Feature", "properties": { "name": "Chichester", "ref:crs": null, "ref": null, "id": 3217 }, "geometry": { "type": "Point", "coordinates": [ -1.4320475, 54.9866761 ] } },
{ "type": "Feature", "properties": { "name": "Cullercoats", "ref:crs": null, "ref": null, "id": 3218 }, "geometry": { "type": "Point", "coordinates": [ -1.4363669, 55.034999 ] } },
{ "type": "Feature", "properties": { "name": "Monkseaton", "ref:crs": null, "ref": null, "id": 3219 }, "geometry": { "type": "Point", "coordinates": [ -1.4584698, 55.042298 ] } },
{ "type": "Feature", "properties": { "name": "West Monkseaton", "ref:crs": null, "ref": null, "id": 3220 }, "geometry": { "type": "Point", "coordinates": [ -1.4759796, 55.040546900000017 ] } },
{ "type": "Feature", "properties": { "name": "North Shields", "ref:crs": null, "ref": null, "id": 3221 }, "geometry": { "type": "Point", "coordinates": [ -1.4489628, 55.0081382 ] } },
{ "type": "Feature", "properties": { "name": "South Shields", "ref:crs": null, "ref": null, "id": 3222 }, "geometry": { "type": "Point", "coordinates": [ -1.4329872, 54.99736810000001 ] } },
{ "type": "Feature", "properties": { "name": "Tyne Dock", "ref:crs": null, "ref": null, "id": 3223 }, "geometry": { "type": "Point", "coordinates": [ -1.4416187, 54.97614320000001 ] } },
{ "type": "Feature", "properties": { "name": "Simonside", "ref:crs": null, "ref": null, "id": 3224 }, "geometry": { "type": "Point", "coordinates": [ -1.4554849, 54.971707 ] } },
{ "type": "Feature", "properties": { "name": "Station B", "ref:crs": null, "ref": null, "id": 3225 }, "geometry": { "type": "Point", "coordinates": [ -0.4857886, 51.4798719 ] } },
{ "type": "Feature", "properties": { "name": "Station A", "ref:crs": null, "ref": null, "id": 3226 }, "geometry": { "type": "Point", "coordinates": [ -0.4882479, 51.4797899 ] } },
{ "type": "Feature", "properties": { "name": "Aberystwyth Cliff Railway Upper Station", "ref:crs": null, "ref": null, "id": 3227 }, "geometry": { "type": "Point", "coordinates": [ -4.0827684, 52.4243334 ] } },
{ "type": "Feature", "properties": { "name": "Aberystwyth Cliff Railway Lower Station", "ref:crs": null, "ref": null, "id": 3228 }, "geometry": { "type": "Point", "coordinates": [ -4.0839049, 52.422380899999986 ] } },
{ "type": "Feature", "properties": { "name": "Hebron", "ref:crs": null, "ref": null, "id": 3229 }, "geometry": { "type": "Point", "coordinates": [ -4.1180163, 53.1045444 ] } },
{ "type": "Feature", "properties": { "name": "Kingswear", "ref:crs": null, "ref": null, "id": 3230 }, "geometry": { "type": "Point", "coordinates": [ -3.5723937, 50.34888 ] } },
{ "type": "Feature", "properties": { "name": "Clyde Valley Station", "ref:crs": null, "ref": null, "id": 3231 }, "geometry": { "type": "Point", "coordinates": [ -3.8610189, 55.6940364 ] } },
{ "type": "Feature", "properties": { "name": "Preston Riverside", "ref:crs": null, "ref": null, "id": 3232 }, "geometry": { "type": "Point", "coordinates": [ -2.754002, 53.7587057 ] } },
{ "type": "Feature", "properties": { "name": "Pier", "ref:crs": null, "ref": null, "id": 3233 }, "geometry": { "type": "Point", "coordinates": [ -0.9707315, 54.5861191 ] } },
{ "type": "Feature", "properties": { "name": "Clogwyn", "ref:crs": null, "ref": null, "id": 3234 }, "geometry": { "type": "Point", "coordinates": [ -4.0803839, 53.0841378 ] } },
{ "type": "Feature", "properties": { "name": "Halfway", "ref:crs": null, "ref": null, "id": 3235 }, "geometry": { "type": "Point", "coordinates": [ -4.0960793, 53.0955784 ] } },
{ "type": "Feature", "properties": { "name": "Butterley", "ref:crs": null, "ref": null, "id": 3236 }, "geometry": { "type": "Point", "coordinates": [ -1.401268, 53.0633087 ] } },
{ "type": "Feature", "properties": { "name": "Riverside Station", "ref:crs": null, "ref": null, "id": 3237 }, "geometry": { "type": "Point", "coordinates": [ -3.6645247, 50.5579041 ] } },
{ "type": "Feature", "properties": { "name": "Kingsway Station", "ref:crs": null, "ref": null, "id": 3238 }, "geometry": { "type": "Point", "coordinates": [ -0.0168191, 53.550671 ] } },
{ "type": "Feature", "properties": { "name": "Lakeside Central", "ref:crs": null, "ref": null, "id": 3239 }, "geometry": { "type": "Point", "coordinates": [ -0.0095815, 53.5436891 ] } },
{ "type": "Feature", "properties": { "name": "Rowsley South", "ref:crs": null, "ref": null, "id": 3240 }, "geometry": { "type": "Point", "coordinates": [ -1.6096489, 53.1745377 ] } },
{ "type": "Feature", "properties": { "name": "Silverdale", "ref:crs": null, "ref": null, "id": 3241 }, "geometry": { "type": "Point", "coordinates": [ -2.2658653, 53.0329455 ] } },
{ "type": "Feature", "properties": { "name": "Diss", "ref:crs": "DIS", "ref": null, "id": 3242 }, "geometry": { "type": "Point", "coordinates": [ 1.1235411, 52.3736162 ] } },
{ "type": "Feature", "properties": { "name": "Danzey", "ref:crs": "DZY", "ref": null, "id": 3243 }, "geometry": { "type": "Point", "coordinates": [ -1.8208401, 52.3247544 ] } },
{ "type": "Feature", "properties": { "name": "Bolton-upon-Dearne", "ref:crs": "BTD", "ref": null, "id": 3244 }, "geometry": { "type": "Point", "coordinates": [ -1.3114857, 53.5188149 ] } },
{ "type": "Feature", "properties": { "name": "Goldthorpe", "ref:crs": "GOE", "ref": null, "id": 3245 }, "geometry": { "type": "Point", "coordinates": [ -1.3128969, 53.5338284 ] } },
{ "type": "Feature", "properties": { "name": "Thurnscoe", "ref:crs": "THC", "ref": null, "id": 3246 }, "geometry": { "type": "Point", "coordinates": [ -1.3083856, 53.5455375 ] } },
{ "type": "Feature", "properties": { "name": "Moorthorpe", "ref:crs": "MRP", "ref": null, "id": 3247 }, "geometry": { "type": "Point", "coordinates": [ -1.3048115, 53.5948943 ] } },
{ "type": "Feature", "properties": { "name": "Normanton", "ref:crs": "NOR", "ref": null, "id": 3248 }, "geometry": { "type": "Point", "coordinates": [ -1.4235073, 53.7004001 ] } },
{ "type": "Feature", "properties": { "name": "Snaith", "ref:crs": "SNI", "ref": null, "id": 3249 }, "geometry": { "type": "Point", "coordinates": [ -1.0279398, 53.6931673 ] } },
{ "type": "Feature", "properties": { "name": "Whitley Bridge", "ref:crs": "WBD", "ref": null, "id": 3250 }, "geometry": { "type": "Point", "coordinates": [ -1.1588897, 53.6991292 ] } },
{ "type": "Feature", "properties": { "name": "Knottingley", "ref:crs": "KNO", "ref": null, "id": 3251 }, "geometry": { "type": "Point", "coordinates": [ -1.2592535, 53.7064452 ] } },
{ "type": "Feature", "properties": { "name": "Glasshoughton", "ref:crs": "GLH", "ref": null, "id": 3252 }, "geometry": { "type": "Point", "coordinates": [ -1.3420479, 53.7090568 ] } },
{ "type": "Feature", "properties": { "name": "Pontefract Monkhill", "ref:crs": "PFM", "ref": null, "id": 3253 }, "geometry": { "type": "Point", "coordinates": [ -1.3041376, 53.6988004 ] } },
{ "type": "Feature", "properties": { "name": "Castleford", "ref:crs": "CFD", "ref": null, "id": 3254 }, "geometry": { "type": "Point", "coordinates": [ -1.3551009, 53.7240751 ] } },
{ "type": "Feature", "properties": { "name": "Goole", "ref:crs": "GOO", "ref": null, "id": 3255 }, "geometry": { "type": "Point", "coordinates": [ -0.874258, 53.7049682 ] } },
{ "type": "Feature", "properties": { "name": "Thorne North", "ref:crs": "TNN", "ref": null, "id": 3256 }, "geometry": { "type": "Point", "coordinates": [ -0.9724456, 53.6161857 ] } },
{ "type": "Feature", "properties": { "name": "Horden", "ref:crs": "HRE", "ref": null, "id": 3257 }, "geometry": { "type": "Point", "coordinates": [ -1.3072209, 54.7637615 ] } },
{ "type": "Feature", "properties": { "name": "Bow Street", "ref:crs": "BOW", "ref": null, "id": 3258 }, "geometry": { "type": "Point", "coordinates": [ -4.0303603, 52.4399137 ] } },
{ "type": "Feature", "properties": { "name": null, "ref:crs": null, "ref": null, "id": 3259 }, "geometry": { "type": "Point", "coordinates": [ -1.0654981, 53.1083163 ] } },
{ "type": "Feature", "properties": { "name": "Mortimer", "ref:crs": "MOR", "ref": null, "id": 3260 }, "geometry": { "type": "Point", "coordinates": [ -1.0356438, 51.3720595 ] } },
{ "type": "Feature", "properties": { "name": "Bramley", "ref:crs": "BMY", "ref": null, "id": 3261 }, "geometry": { "type": "Point", "coordinates": [ -1.0608367, 51.3299792 ] } },
{ "type": "Feature", "properties": { "name": "Livingston Mill", "ref:crs": null, "ref": null, "id": 3262 }, "geometry": { "type": "Point", "coordinates": [ -3.5485017, 55.8852617 ] } },
{ "type": "Feature", "properties": { "name": "Almondhaugh Halt", "ref:crs": null, "ref": null, "id": 3263 }, "geometry": { "type": "Point", "coordinates": [ -3.5553551, 55.8847771 ] } },
{ "type": "Feature", "properties": { "name": "Lionheart", "ref:crs": null, "ref": null, "id": 3264 }, "geometry": { "type": "Point", "coordinates": [ -1.6866887, 55.402568100000011 ] } },
{ "type": "Feature", "properties": { "name": "Weymouth Bay Miniature Railway", "ref:crs": null, "ref": null, "id": 3265 }, "geometry": { "type": "Point", "coordinates": [ -2.4455866, 50.6258855 ] } },
{ "type": "Feature", "properties": { "name": "Trago Central", "ref:crs": null, "ref": null, "id": 3266 }, "geometry": { "type": "Point", "coordinates": [ -3.6660642, 50.5555299 ] } },
{ "type": "Feature", "properties": { "name": "Hall Drive", "ref:crs": null, "ref": null, "id": 3267 }, "geometry": { "type": "Point", "coordinates": [ -2.6047757, 53.5689612 ] } },
{ "type": "Feature", "properties": { "name": "Mills Wood", "ref:crs": null, "ref": null, "id": 3268 }, "geometry": { "type": "Point", "coordinates": [ -0.7720564, 51.1838357 ] } },
{ "type": "Feature", "properties": { "name": "Burmarsh Road", "ref:crs": null, "ref": null, "id": 3269 }, "geometry": { "type": "Point", "coordinates": [ 1.0040989, 51.036039 ] } },
{ "type": "Feature", "properties": { "name": "Dumbarton East", "ref:crs": "DBE", "ref": null, "id": 3270 }, "geometry": { "type": "Point", "coordinates": [ -4.5540413, 55.9423477 ] } },
{ "type": "Feature", "properties": { "name": "Northampton", "ref:crs": "NMP", "ref": null, "id": 3271 }, "geometry": { "type": "Point", "coordinates": [ -0.9069769, 52.2373719 ] } },
{ "type": "Feature", "properties": { "name": "Hawarden", "ref:crs": "HWD", "ref": null, "id": 3272 }, "geometry": { "type": "Point", "coordinates": [ -3.0320721, 53.184846799999988 ] } },
{ "type": "Feature", "properties": { "name": "Station", "ref:crs": null, "ref": null, "id": 3273 }, "geometry": { "type": "Point", "coordinates": [ -1.3640883, 50.9553976 ] } },
{ "type": "Feature", "properties": { "name": "Cannock", "ref:crs": "CAO", "ref": null, "id": 3274 }, "geometry": { "type": "Point", "coordinates": [ -2.0223507, 52.6860971 ] } },
{ "type": "Feature", "properties": { "name": "Leyburn", "ref:crs": null, "ref": null, "id": 3275 }, "geometry": { "type": "Point", "coordinates": [ -1.8222392, 54.308109 ] } },
{ "type": "Feature", "properties": { "name": "Shakespeare Line Warwick Road", "ref:crs": null, "ref": null, "id": 3276 }, "geometry": { "type": "Point", "coordinates": [ -1.843698, 52.4544518 ] } },
{ "type": "Feature", "properties": { "name": "California Crossing", "ref:crs": null, "ref": null, "id": 3277 }, "geometry": { "type": "Point", "coordinates": [ -1.9292816, 51.985948 ] } },
{ "type": "Feature", "properties": { "name": "Witton", "ref:crs": "WTT", "ref": null, "id": 3278 }, "geometry": { "type": "Point", "coordinates": [ -1.8839327, 52.512194 ] } },
{ "type": "Feature", "properties": { "name": "Earlswood", "ref:crs": "EWD", "ref": null, "id": 3279 }, "geometry": { "type": "Point", "coordinates": [ -1.8614034, 52.3665989 ] } },
{ "type": "Feature", "properties": { "name": "The Lakes", "ref:crs": "TLK", "ref": null, "id": 3280 }, "geometry": { "type": "Point", "coordinates": [ -1.8446544, 52.3590972 ] } },
{ "type": "Feature", "properties": { "name": "Inverness Airport", "ref:crs": "IVA", "ref": null, "id": 3281 }, "geometry": { "type": "Point", "coordinates": [ -4.055475, 57.5333636 ] } },
{ "type": "Feature", "properties": { "name": "Wickham Market", "ref:crs": "WCM", "ref": null, "id": 3282 }, "geometry": { "type": "Point", "coordinates": [ 1.3986272, 52.1510336 ] } },
{ "type": "Feature", "properties": { "name": "Alexandra Palace", "ref:crs": "AAP", "ref": null, "id": 3283 }, "geometry": { "type": "Point", "coordinates": [ -0.1206625, 51.5982024 ] } },
{ "type": "Feature", "properties": { "name": "New Southgate", "ref:crs": "NSG", "ref": null, "id": 3284 }, "geometry": { "type": "Point", "coordinates": [ -0.1428091, 51.613804 ] } },
{ "type": "Feature", "properties": { "name": "Oakleigh Park", "ref:crs": "OKL", "ref": null, "id": 3285 }, "geometry": { "type": "Point", "coordinates": [ -0.1662251, 51.6376675 ] } },
{ "type": "Feature", "properties": { "name": "New Barnet", "ref:crs": "NBA", "ref": null, "id": 3286 }, "geometry": { "type": "Point", "coordinates": [ -0.1726236, 51.6482779 ] } },
{ "type": "Feature", "properties": { "name": "Sundridge Park", "ref:crs": "SUP", "ref": null, "id": 3287 }, "geometry": { "type": "Point", "coordinates": [ 0.021475, 51.4139567 ] } },
{ "type": "Feature", "properties": { "name": "West Norwood", "ref:crs": "WNW", "ref": null, "id": 3288 }, "geometry": { "type": "Point", "coordinates": [ -0.1034911, 51.4316272 ] } },
{ "type": "Feature", "properties": { "name": "Gipsy Hill", "ref:crs": "GIP", "ref": null, "id": 3289 }, "geometry": { "type": "Point", "coordinates": [ -0.0840424, 51.4245334 ] } },
{ "type": "Feature", "properties": { "name": "Birkbeck", "ref:crs": "BIK", "ref": null, "id": 3290 }, "geometry": { "type": "Point", "coordinates": [ -0.0565394, 51.403456299999988 ] } },
{ "type": "Feature", "properties": { "name": "East Dulwich", "ref:crs": "EDW", "ref": null, "id": 3291 }, "geometry": { "type": "Point", "coordinates": [ -0.0807982, 51.4610374 ] } },
{ "type": "Feature", "properties": { "name": "South Greenford", "ref:crs": "SGN", "ref": null, "id": 3292 }, "geometry": { "type": "Point", "coordinates": [ -0.3364379, 51.53320320000001 ] } },
{ "type": "Feature", "properties": { "name": "Castle Bar Park", "ref:crs": "CBP", "ref": null, "id": 3293 }, "geometry": { "type": "Point", "coordinates": [ -0.3315024, 51.5228669 ] } },
{ "type": "Feature", "properties": { "name": "Drayton Green", "ref:crs": "DRG", "ref": null, "id": 3294 }, "geometry": { "type": "Point", "coordinates": [ -0.3301943, 51.516385399999983 ] } },
{ "type": "Feature", "properties": { "name": "Windsor and Eton Central", "ref:crs": "WNC", "ref": null, "id": 3295 }, "geometry": { "type": "Point", "coordinates": [ -0.6105638, 51.4832744 ] } },
{ "type": "Feature", "properties": { "name": "Blake Street", "ref:crs": "BKT", "ref": null, "id": 3296 }, "geometry": { "type": "Point", "coordinates": [ -1.8446597, 52.6043776 ] } },
{ "type": "Feature", "properties": { "name": "Depot Approach", "ref:crs": null, "ref": null, "id": 3297 }, "geometry": { "type": "Point", "coordinates": [ -0.2807018, 51.5042491 ] } },
{ "type": "Feature", "properties": { "name": "Ealing End", "ref:crs": null, "ref": null, "id": 3298 }, "geometry": { "type": "Point", "coordinates": [ -0.2817182, 51.5054114 ] } },
{ "type": "Feature", "properties": { "name": "Killington Lane", "ref:crs": null, "ref": null, "id": 3299 }, "geometry": { "type": "Point", "coordinates": [ -3.9036851, 51.1967627 ] } },
{ "type": "Feature", "properties": { "name": "Woody Bay", "ref:crs": null, "ref": null, "id": 3300 }, "geometry": { "type": "Point", "coordinates": [ -3.8874256, 51.2017482 ] } },
{ "type": "Feature", "properties": { "name": "Wrexham General", "ref:crs": "WRX", "ref": null, "id": 3301 }, "geometry": { "type": "Point", "coordinates": [ -3.0015161, 53.0505698 ] } },
{ "type": "Feature", "properties": { "name": "Ashford International", "ref:crs": "AFK", "ref": null, "id": 3302 }, "geometry": { "type": "Point", "coordinates": [ 0.8752323, 51.143379 ] } },
{ "type": "Feature", "properties": { "name": "Colchester", "ref:crs": "COL", "ref": null, "id": 3303 }, "geometry": { "type": "Point", "coordinates": [ 0.8924554, 51.9005793 ] } },
{ "type": "Feature", "properties": { "name": "Cramlington", "ref:crs": "CRM", "ref": null, "id": 3304 }, "geometry": { "type": "Point", "coordinates": [ -1.5986832, 55.0877627 ] } },
{ "type": "Feature", "properties": { "name": "Woodbridge", "ref:crs": "WDB", "ref": null, "id": 3305 }, "geometry": { "type": "Point", "coordinates": [ 1.3178856, 52.09029610000001 ] } },
{ "type": "Feature", "properties": { "name": "Knowsley Safari Park Train Station", "ref:crs": null, "ref": null, "id": 3306 }, "geometry": { "type": "Point", "coordinates": [ -2.8151829, 53.4369651 ] } },
{ "type": "Feature", "properties": { "name": "Old Hill", "ref:crs": "OHL", "ref": null, "id": 3307 }, "geometry": { "type": "Point", "coordinates": [ -2.0561814, 52.4707939 ] } },
{ "type": "Feature", "properties": { "name": "Coseley", "ref:crs": "CSY", "ref": null, "id": 3308 }, "geometry": { "type": "Point", "coordinates": [ -2.0858098, 52.5453191 ] } },
{ "type": "Feature", "properties": { "name": "Spring Road", "ref:crs": "SRI", "ref": null, "id": 3309 }, "geometry": { "type": "Point", "coordinates": [ -1.8362585, 52.444262 ] } },
{ "type": "Feature", "properties": { "name": "Thompson Green station (MR2)", "ref:crs": null, "ref": null, "id": 3310 }, "geometry": { "type": "Point", "coordinates": [ 0.7609321, 51.9250992 ] } },
{ "type": "Feature", "properties": { "name": "Hag Fold", "ref:crs": "HGF", "ref": null, "id": 3311 }, "geometry": { "type": "Point", "coordinates": [ -2.4938302, 53.5335276 ] } },
{ "type": "Feature", "properties": { "name": "Golding Spring Central", "ref:crs": null, "ref": null, "id": 3312 }, "geometry": { "type": "Point", "coordinates": [ -0.9228506, 51.8625389 ] } },
{ "type": "Feature", "properties": { "name": "Adderley Park", "ref:crs": "ADD", "ref": null, "id": 3313 }, "geometry": { "type": "Point", "coordinates": [ -1.8551418, 52.4830865 ] } },
{ "type": "Feature", "properties": { "name": "Marsh Barton", "ref:crs": "MBT", "ref": null, "id": 3314 }, "geometry": { "type": "Point", "coordinates": [ -3.521486, 50.7043896 ] } },
{ "type": "Feature", "properties": { "name": "Foxfield Colliery", "ref:crs": null, "ref": null, "id": 3315 }, "geometry": { "type": "Point", "coordinates": [ -2.0369415, 52.9984067 ] } },
{ "type": "Feature", "properties": { "name": "Wootton Wawen", "ref:crs": "WWW", "ref": null, "id": 3316 }, "geometry": { "type": "Point", "coordinates": [ -1.7845997, 52.2658372 ] } },
{ "type": "Feature", "properties": { "name": "Hall Green", "ref:crs": "HLG", "ref": null, "id": 3317 }, "geometry": { "type": "Point", "coordinates": [ -1.8455704, 52.4369843 ] } },
{ "type": "Feature", "properties": { "name": "Olton", "ref:crs": "OLT", "ref": null, "id": 3318 }, "geometry": { "type": "Point", "coordinates": [ -1.804385, 52.4384167 ] } },
{ "type": "Feature", "properties": { "name": null, "ref:crs": null, "ref": null, "id": 3319 }, "geometry": { "type": "Point", "coordinates": [ -1.5607643, 53.730005400000024 ] } },
{ "type": "Feature", "properties": { "name": "Birmingham Moor Street", "ref:crs": "BMO", "ref": null, "id": 3320 }, "geometry": { "type": "Point", "coordinates": [ -1.8919518, 52.4789357 ] } },
{ "type": "Feature", "properties": { "name": "Marston Green", "ref:crs": "MGN", "ref": null, "id": 3321 }, "geometry": { "type": "Point", "coordinates": [ -1.7550948, 52.4668809 ] } },
{ "type": "Feature", "properties": { "name": "Luton", "ref:crs": "LUT", "ref": null, "id": 3322 }, "geometry": { "type": "Point", "coordinates": [ -0.4140848, 51.8825271 ] } },
{ "type": "Feature", "properties": { "name": "Weston Wharf", "ref:crs": null, "ref": null, "id": 3323 }, "geometry": { "type": "Point", "coordinates": [ -3.0428622, 52.8415842 ] } },
{ "type": "Feature", "properties": { "name": "Four Oaks", "ref:crs": "FOK", "ref": null, "id": 3324 }, "geometry": { "type": "Point", "coordinates": [ -1.8280314, 52.5795454 ] } },
{ "type": "Feature", "properties": { "name": "Gilshochill", "ref:crs": "GSC", "ref": null, "id": 3325 }, "geometry": { "type": "Point", "coordinates": [ -4.2824645, 55.8972756 ] } },
{ "type": "Feature", "properties": { "name": "Strathcarron", "ref:crs": "STC", "ref": null, "id": 3326 }, "geometry": { "type": "Point", "coordinates": [ -5.4285637, 57.4227498 ] } },
{ "type": "Feature", "properties": { "name": "Roose", "ref:crs": "ROO", "ref": null, "id": 3327 }, "geometry": { "type": "Point", "coordinates": [ -3.1943835, 54.1150592 ] } },
{ "type": "Feature", "properties": { "name": null, "ref:crs": null, "ref": null, "id": 3328 }, "geometry": { "type": "Point", "coordinates": [ -2.1989333, 52.9607275 ] } },
{ "type": "Feature", "properties": { "name": null, "ref:crs": null, "ref": null, "id": 3329 }, "geometry": { "type": "Point", "coordinates": [ -2.1973282, 52.956173 ] } },
{ "type": "Feature", "properties": { "name": "Meols Cop", "ref:crs": "MEC", "ref": null, "id": 3330 }, "geometry": { "type": "Point", "coordinates": [ -2.9753812, 53.6460698 ] } },
{ "type": "Feature", "properties": { "name": "Shirley", "ref:crs": "SRL", "ref": null, "id": 3331 }, "geometry": { "type": "Point", "coordinates": [ -1.8451962, 52.4035742 ] } },
{ "type": "Feature", "properties": { "name": "Pye Corner", "ref:crs": "PYE", "ref": null, "id": 3332 }, "geometry": { "type": "Point", "coordinates": [ -3.0412227, 51.5813041 ] } },
{ "type": "Feature", "properties": { "name": "Shepherdswell (EKMR)", "ref:crs": null, "ref": null, "id": 3333 }, "geometry": { "type": "Point", "coordinates": [ 1.2299591, 51.1891733 ] } },
{ "type": "Feature", "properties": { "name": "Kingfisher Halt", "ref:crs": null, "ref": null, "id": 3334 }, "geometry": { "type": "Point", "coordinates": [ -1.9243093, 54.726008899999982 ] } },
{ "type": "Feature", "properties": { "name": "Tulse Hill", "ref:crs": "TUH", "ref": null, "id": 3335 }, "geometry": { "type": "Point", "coordinates": [ -0.1048466, 51.4399271 ] } },
{ "type": "Feature", "properties": { "name": "Headbolt Lane", "ref:crs": "HBL", "ref": null, "id": 3336 }, "geometry": { "type": "Point", "coordinates": [ -2.8837132, 53.49158340000001 ] } },
{ "type": "Feature", "properties": { "name": "Reading Green Park", "ref:crs": "RGP", "ref": null, "id": 3337 }, "geometry": { "type": "Point", "coordinates": [ -1.0013637, 51.4265936 ] } },
{ "type": "Feature", "properties": { "name": "Portslade", "ref:crs": "PLD", "ref": null, "id": 3338 }, "geometry": { "type": "Point", "coordinates": [ -0.2052986, 50.8357626 ] } },
{ "type": "Feature", "properties": { "name": "Waterside Station", "ref:crs": null, "ref": null, "id": 3339 }, "geometry": { "type": "Point", "coordinates": [ -1.5432862, 52.7388088 ] } },
{ "type": "Feature", "properties": { "name": "Greenrigg Halt", "ref:crs": null, "ref": null, "id": 3340 }, "geometry": { "type": "Point", "coordinates": [ -1.6603872, 55.396437 ] } },
{ "type": "Feature", "properties": { "name": "Berwyn", "ref:crs": null, "ref": null, "id": 3341 }, "geometry": { "type": "Point", "coordinates": [ -3.1950487, 52.979942 ] } },
{ "type": "Feature", "properties": { "name": "Deeside Halt", "ref:crs": null, "ref": null, "id": 3342 }, "geometry": { "type": "Point", "coordinates": [ -3.2301065, 52.9727965 ] } },
{ "type": "Feature", "properties": { "name": "Glyndyfrdwy", "ref:crs": null, "ref": null, "id": 3343 }, "geometry": { "type": "Point", "coordinates": [ -3.2674053, 52.9766183 ] } },
{ "type": "Feature", "properties": { "name": "Carrog", "ref:crs": null, "ref": null, "id": 3344 }, "geometry": { "type": "Point", "coordinates": [ -3.314922, 52.981703 ] } },
{ "type": "Feature", "properties": { "name": "Cedarbarn", "ref:crs": null, "ref": null, "id": 3345 }, "geometry": { "type": "Point", "coordinates": [ -0.7504915, 54.2379744 ] } },
{ "type": "Feature", "properties": { "name": "Brent Cross West", "ref:crs": "BCZ", "ref": null, "id": 3346 }, "geometry": { "type": "Point", "coordinates": [ -0.2265437, 51.5688188 ] } },
{ "type": "Feature", "properties": { "name": "Appleby", "ref:crs": null, "ref": null, "id": 3347 }, "geometry": { "type": "Point", "coordinates": [ -0.6224048, 53.5866845 ] } },
{ "type": "Feature", "properties": { "name": "Whitehead Lane", "ref:crs": null, "ref": null, "id": 3348 }, "geometry": { "type": "Point", "coordinates": [ -2.4435015, 53.4945115 ] } },
{ "type": "Feature", "properties": { "name": "Trencherbone Platform", "ref:crs": null, "ref": null, "id": 3349 }, "geometry": { "type": "Point", "coordinates": [ -2.4458362, 53.4954145 ] } },
{ "type": "Feature", "properties": { "name": "Puxton Park", "ref:crs": null, "ref": null, "id": 3350 }, "geometry": { "type": "Point", "coordinates": [ -2.8673149, 51.3618222 ] } },
{ "type": "Feature", "properties": { "name": "Canary Wharf", "ref:crs": "CWX", "ref": null, "id": 3351 }, "geometry": { "type": "Point", "coordinates": [ -0.0176241, 51.5061102 ] } },
{ "type": "Feature", "properties": { "name": "Nine Elms", "ref:crs": null, "ref": null, "id": 3352 }, "geometry": { "type": "Point", "coordinates": [ -0.1296937, 51.4801837 ] } },
{ "type": "Feature", "properties": { "name": "Battersea Power Station", "ref:crs": null, "ref": null, "id": 3353 }, "geometry": { "type": "Point", "coordinates": [ -0.1429709, 51.4796154 ] } },
{ "type": "Feature", "properties": { "name": null, "ref:crs": null, "ref": null, "id": 3354 }, "geometry": { "type": "Point", "coordinates": [ -2.2360818, 52.860256 ] } },
{ "type": "Feature", "properties": { "name": "Wilmcote", "ref:crs": "WMC", "ref": null, "id": 3355 }, "geometry": { "type": "Point", "coordinates": [ -1.7557915, 52.2225644 ] } },
{ "type": "Feature", "properties": { "name": "Barking Riverside", "ref:crs": "BGV", "ref": null, "id": 3356 }, "geometry": { "type": "Point", "coordinates": [ 0.1160126, 51.5195582 ] } },
{ "type": "Feature", "properties": { "name": "Alvechurch", "ref:crs": "ALV", "ref": null, "id": 3357 }, "geometry": { "type": "Point", "coordinates": [ -1.9679877, 52.3468339 ] } },
{ "type": "Feature", "properties": { "name": "Aspatria", "ref:crs": "ASP", "ref": null, "id": 3358 }, "geometry": { "type": "Point", "coordinates": [ -3.3318813, 54.7589539 ] } },
{ "type": "Feature", "properties": { "name": "Corkickle", "ref:crs": "CKL", "ref": null, "id": 3359 }, "geometry": { "type": "Point", "coordinates": [ -3.5821304, 54.5416692 ] } },
{ "type": "Feature", "properties": { "name": "Parton", "ref:crs": "PRN", "ref": null, "id": 3360 }, "geometry": { "type": "Point", "coordinates": [ -3.5807799, 54.5704232 ] } },
{ "type": "Feature", "properties": { "name": "Cynghordy", "ref:crs": "CYN", "ref": null, "id": 3361 }, "geometry": { "type": "Point", "coordinates": [ -3.7484924, 52.0514771 ] } },
{ "type": "Feature", "properties": { "name": "Portway Park and Ride", "ref:crs": "PRI", "ref": null, "id": 3362 }, "geometry": { "type": "Point", "coordinates": [ -2.6875586, 51.4881079 ] } },
{ "type": "Feature", "properties": { "name": "Crosskeys", "ref:crs": "CKY", "ref": null, "id": 3363 }, "geometry": { "type": "Point", "coordinates": [ -3.1258367, 51.6207575 ] } },
{ "type": "Feature", "properties": { "name": "Yardley Wood", "ref:crs": "YRD", "ref": null, "id": 3364 }, "geometry": { "type": "Point", "coordinates": [ -1.8545598, 52.421023 ] } },
{ "type": "Feature", "properties": { "name": "Reston", "ref:crs": "RSN", "ref": null, "id": 3365 }, "geometry": { "type": "Point", "coordinates": [ -2.1926024, 55.849914 ] } },
{ "type": "Feature", "properties": { "name": "Gresford (WDSME)", "ref:crs": null, "ref": null, "id": 3366 }, "geometry": { "type": "Point", "coordinates": [ -2.9784405, 53.0738888 ] } },
{ "type": "Feature", "properties": { "name": "Custom House", "ref:crs": "CUS", "ref": null, "id": 3367 }, "geometry": { "type": "Point", "coordinates": [ 0.0272279, 51.5098025 ] } },
{ "type": "Feature", "properties": { "name": "Bond Street", "ref:crs": "BDS", "ref": null, "id": 3368 }, "geometry": { "type": "Point", "coordinates": [ -0.1470905, 51.5135348 ] } },
{ "type": "Feature", "properties": { "name": "Tottenham Court Road", "ref:crs": "TCR", "ref": null, "id": 3369 }, "geometry": { "type": "Point", "coordinates": [ -0.1305917, 51.515401 ] } },
{ "type": "Feature", "properties": { "name": null, "ref:crs": null, "ref": null, "id": 3370 }, "geometry": { "type": "Point", "coordinates": [ -2.642275, 51.452731300000018 ] } },
{ "type": "Feature", "properties": { "name": "Kearsley", "ref:crs": "KSL", "ref": null, "id": 3371 }, "geometry": { "type": "Point", "coordinates": [ -2.3754601, 53.5445108 ] } },
{ "type": "Feature", "properties": { "name": "Ashton-under-Lyne", "ref:crs": "AHN", "ref": null, "id": 3372 }, "geometry": { "type": "Point", "coordinates": [ -2.09355, 53.4911925 ] } },
{ "type": "Feature", "properties": { "name": "Ince", "ref:crs": "INC", "ref": null, "id": 3373 }, "geometry": { "type": "Point", "coordinates": [ -2.6127432, 53.539096 ] } },
{ "type": "Feature", "properties": { "name": "Hindley", "ref:crs": "HIN", "ref": null, "id": 3374 }, "geometry": { "type": "Point", "coordinates": [ -2.5748804, 53.542391 ] } },
{ "type": "Feature", "properties": { "name": "Patricroft", "ref:crs": "PAT", "ref": null, "id": 3375 }, "geometry": { "type": "Point", "coordinates": [ -2.3573446, 53.4848233 ] } },
{ "type": "Feature", "properties": { "name": "Heald Green", "ref:crs": "HDG", "ref": null, "id": 3376 }, "geometry": { "type": "Point", "coordinates": [ -2.2366797, 53.3694132 ] } },
{ "type": "Feature", "properties": { "name": "Mauldeth Road", "ref:crs": "MAU", "ref": null, "id": 3377 }, "geometry": { "type": "Point", "coordinates": [ -2.208947, 53.4336613 ] } },
{ "type": "Feature", "properties": { "name": "North Thoresby", "ref:crs": null, "ref": null, "id": 3378 }, "geometry": { "type": "Point", "coordinates": [ -0.040372, 53.4675548 ] } },
{ "type": "Feature", "properties": { "name": "Moseley Junction (High Level)", "ref:crs": null, "ref": null, "id": 3379 }, "geometry": { "type": "Point", "coordinates": [ -5.2468577, 50.239719599999987 ] } },
{ "type": "Feature", "properties": { "name": "Moseley Junction (Low Level)", "ref:crs": null, "ref": null, "id": 3380 }, "geometry": { "type": "Point", "coordinates": [ -5.2470171, 50.239703400000018 ] } },
{ "type": "Feature", "properties": { "name": "Paul's Loop", "ref:crs": null, "ref": null, "id": 3381 }, "geometry": { "type": "Point", "coordinates": [ -5.246274, 50.2402266 ] } },
{ "type": "Feature", "properties": { "name": "Common Lane", "ref:crs": null, "ref": null, "id": 3382 }, "geometry": { "type": "Point", "coordinates": [ -2.4024297, 50.9949551 ] } },
{ "type": "Feature", "properties": { "name": "Pinesway Junction", "ref:crs": null, "ref": null, "id": 3383 }, "geometry": { "type": "Point", "coordinates": [ -2.4036374, 50.9936437 ] } },
{ "type": "Feature", "properties": { "name": "Central Station", "ref:crs": null, "ref": null, "id": 3384 }, "geometry": { "type": "Point", "coordinates": [ -3.5033404, 53.3137652 ] } },
{ "type": "Feature", "properties": { "name": "Swanley New Barn Miniature Railway", "ref:crs": null, "ref": null, "id": 3385 }, "geometry": { "type": "Point", "coordinates": [ 0.171652, 51.4056227 ] } },
{ "type": "Feature", "properties": { "name": "Hamilton Square", "ref:crs": "BKQ", "ref": null, "id": 3386 }, "geometry": { "type": "Point", "coordinates": [ -3.0140763, 53.3943237 ] } },
{ "type": "Feature", "properties": { "name": "Conway Park", "ref:crs": "CNP", "ref": null, "id": 3387 }, "geometry": { "type": "Point", "coordinates": [ -3.0230881, 53.3935254 ] } },
{ "type": "Feature", "properties": { "name": "Birkenhead Park", "ref:crs": "BKP", "ref": null, "id": 3388 }, "geometry": { "type": "Point", "coordinates": [ -3.0398169, 53.3975951 ] } },
{ "type": "Feature", "properties": { "name": "Birkenhead North", "ref:crs": "BKN", "ref": null, "id": 3389 }, "geometry": { "type": "Point", "coordinates": [ -3.0579268, 53.404707 ] } },
{ "type": "Feature", "properties": { "name": "Bidston", "ref:crs": "BID", "ref": null, "id": 3390 }, "geometry": { "type": "Point", "coordinates": [ -3.078782, 53.4093577 ] } },
{ "type": "Feature", "properties": { "name": "Meols", "ref:crs": "MEO", "ref": null, "id": 3391 }, "geometry": { "type": "Point", "coordinates": [ -3.1539246, 53.3994382 ] } },
{ "type": "Feature", "properties": { "name": "Manor Road", "ref:crs": "MNR", "ref": null, "id": 3392 }, "geometry": { "type": "Point", "coordinates": [ -3.1700493, 53.3949574 ] } },
{ "type": "Feature", "properties": { "name": "Hoylake", "ref:crs": "HYK", "ref": null, "id": 3393 }, "geometry": { "type": "Point", "coordinates": [ -3.1788231, 53.3899025 ] } },
{ "type": "Feature", "properties": { "name": "West Kirby", "ref:crs": "WKI", "ref": null, "id": 3394 }, "geometry": { "type": "Point", "coordinates": [ -3.1837893, 53.3734193 ] } },
{ "type": "Feature", "properties": { "name": "Wallasey Village", "ref:crs": "WLV", "ref": null, "id": 3395 }, "geometry": { "type": "Point", "coordinates": [ -3.0691606, 53.4229804 ] } },
{ "type": "Feature", "properties": { "name": "Wallasey Grove Road", "ref:crs": "WLG", "ref": null, "id": 3396 }, "geometry": { "type": "Point", "coordinates": [ -3.0697346, 53.4284435 ] } },
{ "type": "Feature", "properties": { "name": "Rock Ferry", "ref:crs": "RFY", "ref": null, "id": 3397 }, "geometry": { "type": "Point", "coordinates": [ -3.0108212, 53.3728002 ] } },
{ "type": "Feature", "properties": { "name": "Bebington", "ref:crs": "BEB", "ref": null, "id": 3398 }, "geometry": { "type": "Point", "coordinates": [ -3.0030663, 53.3576614 ] } },
{ "type": "Feature", "properties": { "name": "Spital", "ref:crs": "SPI", "ref": null, "id": 3399 }, "geometry": { "type": "Point", "coordinates": [ -2.9940923, 53.3400511 ] } },
{ "type": "Feature", "properties": { "name": "Bromborough", "ref:crs": "BOM", "ref": null, "id": 3400 }, "geometry": { "type": "Point", "coordinates": [ -2.9868878, 53.321857899999983 ] } },
{ "type": "Feature", "properties": { "name": "Eastham Rake", "ref:crs": "ERA", "ref": null, "id": 3401 }, "geometry": { "type": "Point", "coordinates": [ -2.981272, 53.3075725 ] } },
{ "type": "Feature", "properties": { "name": "Hooton", "ref:crs": "HOO", "ref": null, "id": 3402 }, "geometry": { "type": "Point", "coordinates": [ -2.9773177, 53.2969936 ] } },
{ "type": "Feature", "properties": { "name": "Little Sutton", "ref:crs": "LTT", "ref": null, "id": 3403 }, "geometry": { "type": "Point", "coordinates": [ -2.9431269, 53.2853509 ] } },
{ "type": "Feature", "properties": { "name": "Overpool", "ref:crs": "OVE", "ref": null, "id": 3404 }, "geometry": { "type": "Point", "coordinates": [ -2.9249263, 53.2840873 ] } },
{ "type": "Feature", "properties": { "name": "Capenhurst", "ref:crs": "CPU", "ref": null, "id": 3405 }, "geometry": { "type": "Point", "coordinates": [ -2.9426005, 53.260233 ] } },
{ "type": "Feature", "properties": { "name": "Bache", "ref:crs": "BAC", "ref": null, "id": 3406 }, "geometry": { "type": "Point", "coordinates": [ -2.8913945, 53.2082623 ] } },
{ "type": "Feature", "properties": { "name": "Copsewood Miniature Railway", "ref:crs": null, "ref": null, "id": 3407 }, "geometry": { "type": "Point", "coordinates": [ -1.4624777, 52.4000212 ] } },
{ "type": "Feature", "properties": { "name": "Murthwaite Halt", "ref:crs": null, "ref": null, "id": 3408 }, "geometry": { "type": "Point", "coordinates": [ -3.3619494, 54.3806285 ] } },
{ "type": "Feature", "properties": { "name": "Broomy Hill", "ref:crs": null, "ref": null, "id": 3409 }, "geometry": { "type": "Point", "coordinates": [ -2.7351338, 52.0491983 ] } },
{ "type": "Feature", "properties": { "name": "Cardiff Queen Street", "ref:crs": "CDQ", "ref": null, "id": 3410 }, "geometry": { "type": "Point", "coordinates": [ -3.1702926, 51.4820022 ] } },
{ "type": "Feature", "properties": { "name": "Barrhead", "ref:crs": "BRR", "ref": null, "id": 3411 }, "geometry": { "type": "Point", "coordinates": [ -4.3971091, 55.8039857 ] } },
{ "type": "Feature", "properties": { "name": "Kirkhill", "ref:crs": "KKH", "ref": null, "id": 3412 }, "geometry": { "type": "Point", "coordinates": [ -4.1679698, 55.814145599999989 ] } },
{ "type": "Feature", "properties": { "name": "Swanwick Junction", "ref:crs": null, "ref": null, "id": 3413 }, "geometry": { "type": "Point", "coordinates": [ -1.3838589, 53.0639519 ] } },
{ "type": "Feature", "properties": { "name": "St Helens Central", "ref:crs": "SNH", "ref": null, "id": 3414 }, "geometry": { "type": "Point", "coordinates": [ -2.7299776, 53.4526608 ] } },
{ "type": "Feature", "properties": { "name": "Grotto Halt", "ref:crs": null, "ref": null, "id": 3415 }, "geometry": { "type": "Point", "coordinates": [ -1.5063236, 52.3739177 ] } },
{ "type": "Feature", "properties": { "name": "Statfold Junction", "ref:crs": null, "ref": null, "id": 3416 }, "geometry": { "type": "Point", "coordinates": [ -1.6457952, 52.65534 ] } },
{ "type": "Feature", "properties": { "name": "Oak Tree Halt", "ref:crs": null, "ref": null, "id": 3417 }, "geometry": { "type": "Point", "coordinates": [ -1.6422322, 52.6515328 ] } },
{ "type": "Feature", "properties": { "name": "Cogan Halt", "ref:crs": null, "ref": null, "id": 3418 }, "geometry": { "type": "Point", "coordinates": [ -1.6362501, 52.6528103 ] } },
{ "type": "Feature", "properties": { "name": "Mallard Halt", "ref:crs": null, "ref": null, "id": 3419 }, "geometry": { "type": "Point", "coordinates": [ -1.645068, 52.6497777 ] } },
{ "type": "Feature", "properties": { "name": "Corwen", "ref:crs": null, "ref": null, "id": 3420 }, "geometry": { "type": "Point", "coordinates": [ -3.3711545, 52.9818258 ] } },
{ "type": "Feature", "properties": { "name": "Barassie", "ref:crs": "BSS", "ref": null, "id": 3421 }, "geometry": { "type": "Point", "coordinates": [ -4.6514783, 55.5617266 ] } },
{ "type": "Feature", "properties": { "name": "Ayr", "ref:crs": "AYR", "ref": null, "id": 3422 }, "geometry": { "type": "Point", "coordinates": [ -4.6258275, 55.4582668 ] } },
{ "type": "Feature", "properties": { "name": "Little Ruddington", "ref:crs": null, "ref": null, "id": 3423 }, "geometry": { "type": "Point", "coordinates": [ -1.1487445, 52.885603 ] } },
{ "type": "Feature", "properties": { "name": "Lakeside", "ref:crs": null, "ref": null, "id": 3424 }, "geometry": { "type": "Point", "coordinates": [ -1.8509193, 50.8508845 ] } },
{ "type": "Feature", "properties": { "name": "Kingsmere", "ref:crs": null, "ref": null, "id": 3425 }, "geometry": { "type": "Point", "coordinates": [ -1.8536555, 50.8536434 ] } },
{ "type": "Feature", "properties": { "name": "Pleasurewood Hills", "ref:crs": null, "ref": null, "id": 3426 }, "geometry": { "type": "Point", "coordinates": [ 1.744004, 52.5071639 ] } },
{ "type": "Feature", "properties": { "name": "Leven", "ref:crs": "LEV", "ref": null, "id": 3427 }, "geometry": { "type": "Point", "coordinates": [ -3.0022502, 56.19246 ] } },
{ "type": "Feature", "properties": { "name": "Springy's Railroad", "ref:crs": null, "ref": null, "id": 3428 }, "geometry": { "type": "Point", "coordinates": [ -0.1249298, 52.7989647 ] } },
{ "type": "Feature", "properties": { "name": "Midgeway", "ref:crs": null, "ref": null, "id": 3429 }, "geometry": { "type": "Point", "coordinates": [ -1.5054448, 52.374288 ] } },
{ "type": "Feature", "properties": { "name": "Quarry Siding Halt", "ref:crs": null, "ref": null, "id": 3430 }, "geometry": { "type": "Point", "coordinates": [ -3.988765, 52.6265065 ] } },
{ "type": "Feature", "properties": { "name": "Howard's Halt", "ref:crs": null, "ref": null, "id": 3431 }, "geometry": { "type": "Point", "coordinates": [ -1.1110145, 51.4983202 ] } },
{ "type": "Feature", "properties": { "name": "East Linton", "ref:crs": "ELT", "ref": null, "id": 3432 }, "geometry": { "type": "Point", "coordinates": [ -2.6628247, 55.9871488 ] } },
{ "type": "Feature", "properties": { "name": "Weybourne", "ref:crs": null, "ref": null, "id": 3433 }, "geometry": { "type": "Point", "coordinates": [ 1.1501325, 52.932799 ] } },
{ "type": "Feature", "properties": { "name": "Middle Engine Lane", "ref:crs": null, "ref": null, "id": 3434 }, "geometry": { "type": "Point", "coordinates": [ -1.4958574, 55.0154743 ] } },
{ "type": "Feature", "properties": { "name": "Ashley Down", "ref:crs": "ASD", "ref": null, "id": 3435 }, "geometry": { "type": "Point", "coordinates": [ -2.5766511, 51.478130699999987 ] } },
{ "type": "Feature", "properties": { "name": null, "ref:crs": null, "ref": null, "id": 3436 }, "geometry": { "type": "Point", "coordinates": [ -1.5564872, 53.494503 ] } },
{ "type": "Feature", "properties": { "name": "Turf Moor Halt", "ref:crs": null, "ref": null, "id": 3437 }, "geometry": { "type": "Point", "coordinates": [ -0.8616583, 53.6205255 ] } },
{ "type": "Feature", "properties": { "name": "Mutford Thorpe", "ref:crs": null, "ref": null, "id": 3438 }, "geometry": { "type": "Point", "coordinates": [ 1.6837499, 52.4508709 ] } },
{ "type": "Feature", "properties": { "name": "Hanwell Halt", "ref:crs": null, "ref": null, "id": 3439 }, "geometry": { "type": "Point", "coordinates": [ -0.4066931, 51.4257192 ] } },
{ "type": "Feature", "properties": { "name": "Llanhilleth", "ref:crs": "LTH", "ref": null, "id": 3440 }, "geometry": { "type": "Point", "coordinates": [ -3.1342108, 51.7000382 ] } },
{ "type": "Feature", "properties": { "name": "Chapel Road", "ref:crs": null, "ref": null, "id": 3441 }, "geometry": { "type": "Point", "coordinates": [ 1.6865812, 52.4528926 ] } },
{ "type": "Feature", "properties": { "name": "Newsham", "ref:crs": "NWH", "ref": null, "id": 3442 }, "geometry": { "type": "Point", "coordinates": [ -1.5239825, 55.1027544 ] } },
{ "type": "Feature", "properties": { "name": "Ashington", "ref:crs": "ASL", "ref": null, "id": 3443 }, "geometry": { "type": "Point", "coordinates": [ -1.5725975, 55.1821205 ] } }
]
}
