{
"type": "FeatureCollection",
"name": "green_assets_merged_avg_area",
"crs": { "type": "name", "properties": { "name": "urn:ogc:def:crs:OGC:1.3:CRS84" } },
"features": [
{ "type": "Feature", "properties": { "name": "Addington Hills", "category": "protected_areas", "area_m2": 1253276.8566258734, "category_cleaned": "protected_areas", "iso_ids": [ "London_60min", "London_90min", "London_120min" ], "iso_joined": "London_60min,London_90min,London_120min" }, "geometry": { "type": "Point", "coordinates": [ -0.058209558837655, 51.362951432464818 ] } },
{ "type": "Feature", "properties": { "name": "Alexandra Park", "category": "parks", "area_m2": 1489110.5886934183, "category_cleaned": "parks", "iso_ids": [ ], "iso_joined": null }, "geometry": { "type": "Point", "coordinates": [ -2.845334779415095, 54.441733848429017 ] } },
{ "type": "Feature", "properties": { "name": "Alice Holt Forest", "category": "nature_reserves", "area_m2": 21890821.320981093, "category_cleaned": "nature_reserves", "iso_ids": [ "London_120min" ], "iso_joined": "London_120min" }, "geometry": { "type": "Point", "coordinates": [ -0.846329705945692, 51.170720174143668 ] } },
{ "type": "Feature", "properties": { "name": "Alkrington Wood", "category": "forest_landuse", "area_m2": 2135300.8235043082, "category_cleaned": "forests", "iso_ids": [ "Manchester_30min", "Manchester_60min", "Manchester_90min", "Manchester_120min", "Leeds_90min", "Leeds_120min", "Sheffield_120min" ], "iso_joined": "Manchester_30min,Manchester_60min,Manchester_90min,Manchester_120min,Leeds_90min,Leeds_120min,Sheffield_120min" }, "geometry": { "type": "Point", "coordinates": [ -2.211450896723091, 53.542649434091011 ] } },
{ "type": "Feature", "properties": { "name": "Annesley Forest", "category": "forest_landuse", "area_m2": 2627705.7737413333, "category_cleaned": "forests", "iso_ids": [ "Birmingham_120min", "Sheffield_120min" ], "iso_joined": "Birmingham_120min,Sheffield_120min" }, "geometry": { "type": "Point", "coordinates": [ -1.235031549261, 53.068977852716387 ] } },
{ "type": "Feature", "properties": { "name": "Anston Stones Wood", "category": "wood", "area_m2": 1236163.0286975331, "category_cleaned": "wood", "iso_ids": [ "Sheffield_30min", "Sheffield_60min", "Sheffield_90min", "Sheffield_120min" ], "iso_joined": "Sheffield_30min,Sheffield_60min,Sheffield_90min,Sheffield_120min" }, "geometry": { "type": "Point", "coordinates": [ -1.205284666710802, 53.344004140210515 ] } },
{ "type": "Feature", "properties": { "name": "Ashtead Common", "category": "nature_reserves", "area_m2": 5379917.8645664239, "category_cleaned": "nature_reserves", "iso_ids": [ "London_90min", "London_120min" ], "iso_joined": "London_90min,London_120min" }, "geometry": { "type": "Point", "coordinates": [ -0.310984201276361, 51.32400793141322 ] } },
{ "type": "Feature", "properties": { "name": "Ashton Court Estate", "category": "parks", "area_m2": 7901776.4377571363, "category_cleaned": "parks", "iso_ids": [ "Bristol_30min", "Bristol_60min", "Bristol_90min", "Bristol_120min" ], "iso_joined": "Bristol_30min,Bristol_60min,Bristol_90min,Bristol_120min" }, "geometry": { "type": "Point", "coordinates": [ -2.645218665321062, 51.445571861566968 ] } },
{ "type": "Feature", "properties": { "name": "Astley Park", "category": "parks", "area_m2": 1213873.6210815003, "category_cleaned": "parks", "iso_ids": [ "Manchester_60min", "Manchester_90min", "Manchester_120min" ], "iso_joined": "Manchester_60min,Manchester_90min,Manchester_120min" }, "geometry": { "type": "Point", "coordinates": [ -2.642744122380896, 53.658094086534888 ] } },
{ "type": "Feature", "properties": { "name": "Attenborough Nature Reserve", "category": "nature_reserves", "area_m2": 6221972.485291386, "category_cleaned": "nature_reserves", "iso_ids": [ "Birmingham_120min", "Sheffield_90min", "Sheffield_120min" ], "iso_joined": "Birmingham_120min,Sheffield_90min,Sheffield_120min" }, "geometry": { "type": "Point", "coordinates": [ -1.226754245864081, 52.902942214242408 ] } },
{ "type": "Feature", "properties": { "name": "Baddy's Wood", "category": "wood", "area_m2": 1492409.0568252734, "category_cleaned": "wood", "iso_ids": [ "Birmingham_120min" ], "iso_joined": "Birmingham_120min" }, "geometry": { "type": "Point", "coordinates": [ -3.083561795456629, 52.930466837048442 ] } },
{ "type": "Feature", "properties": { "name": "Badminton Park Deer Park", "category": "grassland", "area_m2": 5860762.4379670983, "category_cleaned": "grassland", "iso_ids": [ "Bristol_30min", "Bristol_60min", "Bristol_90min", "Bristol_120min" ], "iso_joined": "Bristol_30min,Bristol_60min,Bristol_90min,Bristol_120min" }, "geometry": { "type": "Point", "coordinates": [ -2.278483976572348, 51.548734886041807 ] } },
{ "type": "Feature", "properties": { "name": "Balbirnie Park", "category": "parks", "area_m2": 4048595.2443545014, "category_cleaned": "parks", "iso_ids": [ "Edinburgh_120min", "Glasgow_120min" ], "iso_joined": "Edinburgh_120min,Glasgow_120min" }, "geometry": { "type": "Point", "coordinates": [ -3.147578276412364, 56.209599745356861 ] } },
{ "type": "Feature", "properties": { "name": "Balloch Castle Country Park", "category": "parks", "area_m2": 2592898.0049827159, "category_cleaned": "parks", "iso_ids": [ "Glasgow_90min", "Glasgow_120min" ], "iso_joined": "Glasgow_90min,Glasgow_120min" }, "geometry": { "type": "Point", "coordinates": [ -4.584101225659562, 56.011487944871128 ] } },
{ "type": "Feature", "properties": { "name": "Banstead Common", "category": "forest_landuse", "area_m2": 1652907.9955600966, "category_cleaned": "forests", "iso_ids": [ "London_90min", "London_120min" ], "iso_joined": "London_90min,London_120min" }, "geometry": { "type": "Point", "coordinates": [ -0.196696018025729, 51.33631151034627 ] } },
{ "type": "Feature", "properties": { "name": "Banstead Common", "category": "grassland", "area_m2": 2092287.8779385444, "category_cleaned": "grassland", "iso_ids": [ "London_90min", "London_120min" ], "iso_joined": "London_90min,London_120min" }, "geometry": { "type": "Point", "coordinates": [ -0.19670359676849, 51.336674751885226 ] } },
{ "type": "Feature", "properties": { "name": "Banstead Downs", "category": "nature_reserves", "area_m2": 4544451.8822952034, "category_cleaned": "nature_reserves", "iso_ids": [ "London_90min", "London_120min" ], "iso_joined": "London_90min,London_120min" }, "geometry": { "type": "Point", "coordinates": [ -0.201966436261119, 51.33497301011819 ] } },
{ "type": "Feature", "properties": { "name": "Banstead Wood", "category": "wood", "area_m2": 2675574.9460535846, "category_cleaned": "wood", "iso_ids": [ "London_90min", "London_120min" ], "iso_joined": "London_90min,London_120min" }, "geometry": { "type": "Point", "coordinates": [ -0.187187425161886, 51.306074099200124 ] } },
{ "type": "Feature", "properties": { "name": "Banwell Wood", "category": "wood", "area_m2": 1058687.6419475297, "category_cleaned": "wood", "iso_ids": [ "Bristol_30min", "Bristol_60min", "Bristol_90min", "Bristol_120min" ], "iso_joined": "Bristol_30min,Bristol_60min,Bristol_90min,Bristol_120min" }, "geometry": { "type": "Point", "coordinates": [ -2.851819740660929, 51.326747616801846 ] } },
{ "type": "Feature", "properties": { "name": "Barnes Common", "category": "parks", "area_m2": 1268273.6111474051, "category_cleaned": "parks", "iso_ids": [ "London_30min", "London_60min", "London_90min", "London_120min" ], "iso_joined": "London_30min,London_60min,London_90min,London_120min" }, "geometry": { "type": "Point", "coordinates": [ -0.239964441538684, 51.468612656138902 ] } },
{ "type": "Feature", "properties": { "name": "Barochan Moss", "category": "forest_landuse", "area_m2": 1554191.0509398142, "category_cleaned": "forests", "iso_ids": [ "Edinburgh_120min", "Glasgow_30min", "Glasgow_60min", "Glasgow_90min", "Glasgow_120min" ], "iso_joined": "Edinburgh_120min,Glasgow_30min,Glasgow_60min,Glasgow_90min,Glasgow_120min" }, "geometry": { "type": "Point", "coordinates": [ -4.513910476271126, 55.883937130912457 ] } },
{ "type": "Feature", "properties": { "name": "Battersea Park", "category": "parks", "area_m2": 2071374.4452884381, "category_cleaned": "parks", "iso_ids": [ "London_30min", "London_60min", "London_90min", "London_120min" ], "iso_joined": "London_30min,London_60min,London_90min,London_120min" }, "geometry": { "type": "Point", "coordinates": [ -0.157173069553267, 51.479203151865711 ] } },
{ "type": "Feature", "properties": { "name": "Battle Great Wood", "category": "forest_landuse", "area_m2": 4974774.0927402591, "category_cleaned": "forests", "iso_ids": [ "London_120min" ], "iso_joined": "London_120min" }, "geometry": { "type": "Point", "coordinates": [ 0.516046835938584, 50.914797885907042 ] } },
{ "type": "Feature", "properties": { "name": "Baye's Wood", "category": "wood", "area_m2": 3898811.7937447457, "category_cleaned": "wood", "iso_ids": [ "Bristol_30min", "Bristol_60min", "Bristol_90min", "Bristol_120min" ], "iso_joined": "Bristol_30min,Bristol_60min,Bristol_90min,Bristol_120min" }, "geometry": { "type": "Point", "coordinates": [ -2.778943080252891, 51.450910645678029 ] } },
{ "type": "Feature", "properties": { "name": "Beckenham Place Park", "category": "parks", "area_m2": 2522879.3686954374, "category_cleaned": "parks", "iso_ids": [ "London_60min", "London_90min", "London_120min" ], "iso_joined": "London_60min,London_90min,London_120min" }, "geometry": { "type": "Point", "coordinates": [ -0.013026396719184, 51.418697776014845 ] } },
{ "type": "Feature", "properties": { "name": "Beddington Farmlands", "category": "scrub", "area_m2": 3235716.5992454365, "category_cleaned": "scrub", "iso_ids": [ "London_60min", "London_90min", "London_120min" ], "iso_joined": "London_60min,London_90min,London_120min" }, "geometry": { "type": "Point", "coordinates": [ -0.145049395462167, 51.381378629019395 ] } },
{ "type": "Feature", "properties": { "name": "Beddington Park", "category": "parks", "area_m2": 1470819.7097181794, "category_cleaned": "parks", "iso_ids": [ "London_60min", "London_90min", "London_120min" ], "iso_joined": "London_60min,London_90min,London_120min" }, "geometry": { "type": "Point", "coordinates": [ -0.145419932234502, 51.373089198747593 ] } },
{ "type": "Feature", "properties": { "name": "Bedelands Farm Local Nature Reserve", "category": "nature_reserves", "area_m2": 1138287.7646413597, "category_cleaned": "nature_reserves", "iso_ids": [ "London_90min", "London_120min" ], "iso_joined": "London_90min,London_120min" }, "geometry": { "type": "Point", "coordinates": [ -0.12209766731508, 50.970960543217579 ] } },
{ "type": "Feature", "properties": { "name": "Beeley Wood", "category": "wood", "area_m2": 2040694.0555908915, "category_cleaned": "wood", "iso_ids": [ "Manchester_120min", "Leeds_120min", "Sheffield_30min", "Sheffield_60min", "Sheffield_90min", "Sheffield_120min" ], "iso_joined": "Manchester_120min,Leeds_120min,Sheffield_30min,Sheffield_60min,Sheffield_90min,Sheffield_120min" }, "geometry": { "type": "Point", "coordinates": [ -1.523068920003297, 53.429134496094072 ] } },
{ "type": "Feature", "properties": { "name": "Bellahouston Park", "category": "parks", "area_m2": 2203320.1412484986, "category_cleaned": "parks", "iso_ids": [ "Edinburgh_90min", "Edinburgh_120min", "Glasgow_30min", "Glasgow_60min", "Glasgow_90min", "Glasgow_120min" ], "iso_joined": "Edinburgh_90min,Edinburgh_120min,Glasgow_30min,Glasgow_60min,Glasgow_90min,Glasgow_120min" }, "geometry": { "type": "Point", "coordinates": [ -4.317698240573467, 55.845060195582462 ] } },
{ "type": "Feature", "properties": { "name": "Benting Wood", "category": "wood", "area_m2": 1564197.2373579869, "category_cleaned": "wood", "iso_ids": [ "London_90min", "London_120min" ], "iso_joined": "London_90min,London_120min" }, "geometry": { "type": "Point", "coordinates": [ -0.178919018252077, 51.210811740659068 ] } },
{ "type": "Feature", "properties": { "name": "Bestwood Country Park", "category": "parks", "area_m2": 4790555.0813177265, "category_cleaned": "parks", "iso_ids": [ "Birmingham_120min", "Sheffield_120min" ], "iso_joined": "Birmingham_120min,Sheffield_120min" }, "geometry": { "type": "Point", "coordinates": [ -1.163875244437339, 53.017902559561719 ] } },
{ "type": "Feature", "properties": { "name": "Bifrons Park, Bekesbourne with Patrixbourne and Bridge", "category": "protected_areas", "area_m2": 3123460.4272166733, "category_cleaned": "protected_areas", "iso_ids": [ "London_120min" ], "iso_joined": "London_120min" }, "geometry": { "type": "Point", "coordinates": [ 1.132001057340732, 51.250671306248307 ] } },
{ "type": "Feature", "properties": { "name": "Big Wood", "category": "wood", "area_m2": 1891535.3558511478, "category_cleaned": "wood", "iso_ids": [ "Edinburgh_120min", "Glasgow_30min", "Glasgow_60min", "Glasgow_90min", "Glasgow_120min" ], "iso_joined": "Edinburgh_120min,Glasgow_30min,Glasgow_60min,Glasgow_90min,Glasgow_120min" }, "geometry": { "type": "Point", "coordinates": [ -4.214945681981179, 55.800198460624514 ] } },
{ "type": "Feature", "properties": { "name": "Birkenhead Park", "category": "parks", "area_m2": 1619131.7118124361, "category_cleaned": "parks", "iso_ids": [ "Manchester_90min", "Manchester_120min" ], "iso_joined": "Manchester_90min,Manchester_120min" }, "geometry": { "type": "Point", "coordinates": [ -3.042150341277272, 53.393864504788048 ] } },
{ "type": "Feature", "properties": { "name": "Bitholmes Wood", "category": "wood", "area_m2": 2054878.3123335862, "category_cleaned": "wood", "iso_ids": [ "Sheffield_30min", "Sheffield_60min", "Sheffield_90min", "Sheffield_120min" ], "iso_joined": "Sheffield_30min,Sheffield_60min,Sheffield_90min,Sheffield_120min" }, "geometry": { "type": "Point", "coordinates": [ -1.561929732503829, 53.463413782098947 ] } },
{ "type": "Feature", "properties": { "name": "Black Carr Wood", "category": "wood", "area_m2": 1273782.747701572, "category_cleaned": "wood", "iso_ids": [ "Manchester_120min", "Leeds_30min", "Leeds_60min", "Leeds_90min", "Leeds_120min", "Sheffield_90min", "Sheffield_120min" ], "iso_joined": "Manchester_120min,Leeds_30min,Leeds_60min,Leeds_90min,Leeds_120min,Sheffield_90min,Sheffield_120min" }, "geometry": { "type": "Point", "coordinates": [ -1.685233835238776, 53.78508072616399 ] } },
{ "type": "Feature", "properties": { "name": "Black Down", "category": "heaths", "area_m2": 7626059.1323237456, "category_cleaned": "heaths", "iso_ids": [ "Bristol_30min", "Bristol_60min", "Bristol_90min", "Bristol_120min" ], "iso_joined": "Bristol_30min,Bristol_60min,Bristol_90min,Bristol_120min" }, "geometry": { "type": "Point", "coordinates": [ -2.74950658934911, 51.313613110627259 ] } },
{ "type": "Feature", "properties": { "name": "Black Moss", "category": "wetlands", "area_m2": 2094748.4045927695, "category_cleaned": "wetlands", "iso_ids": [ "Edinburgh_60min", "Edinburgh_90min", "Edinburgh_120min", "Glasgow_90min", "Glasgow_120min" ], "iso_joined": "Edinburgh_60min,Edinburgh_90min,Edinburgh_120min,Glasgow_90min,Glasgow_120min" }, "geometry": { "type": "Point", "coordinates": [ -3.741048963303961, 55.883663011013361 ] } },
{ "type": "Feature", "properties": { "name": "Blackheath", "category": "parks", "area_m2": 2329591.8483366631, "category_cleaned": "parks", "iso_ids": [ "London_60min", "London_90min", "London_120min" ], "iso_joined": "London_60min,London_90min,London_120min" }, "geometry": { "type": "Point", "coordinates": [ 0.00418367394884, 51.471399844350564 ] } },
{ "type": "Feature", "properties": { "name": "Blaise Castle Estate", "category": "parks", "area_m2": 3155944.2810323099, "category_cleaned": "parks", "iso_ids": [ "Bristol_30min", "Bristol_60min", "Bristol_90min", "Bristol_120min" ], "iso_joined": "Bristol_30min,Bristol_60min,Bristol_90min,Bristol_120min" }, "geometry": { "type": "Point", "coordinates": [ -2.64016045875723, 51.500165659571053 ] } },
{ "type": "Feature", "properties": { "name": "Blantyre Muir (SSSI)", "category": "wetlands", "area_m2": 1354936.5661871487, "category_cleaned": "wetlands", "iso_ids": [ "Glasgow_30min", "Glasgow_60min", "Glasgow_90min", "Glasgow_120min" ], "iso_joined": "Glasgow_30min,Glasgow_60min,Glasgow_90min,Glasgow_120min" }, "geometry": { "type": "Point", "coordinates": [ -4.131936712957666, 55.749121462091757 ] } },
{ "type": "Feature", "properties": { "name": "Blue Lagoon Local Nature Reserve", "category": "nature_reserves", "area_m2": 1031678.5916342359, "category_cleaned": "nature_reserves", "iso_ids": [ "London_90min", "London_120min", "Birmingham_120min" ], "iso_joined": "London_90min,London_120min,Birmingham_120min" }, "geometry": { "type": "Point", "coordinates": [ -0.736739410045953, 51.985981190680768 ] } },
{ "type": "Feature", "properties": { "name": "Boggart Hole Clough", "category": "parks", "area_m2": 2459481.2913474576, "category_cleaned": "parks", "iso_ids": [ "Manchester_30min", "Manchester_60min", "Manchester_90min", "Manchester_120min", "Leeds_90min", "Leeds_120min", "Sheffield_120min" ], "iso_joined": "Manchester_30min,Manchester_60min,Manchester_90min,Manchester_120min,Leeds_90min,Leeds_120min,Sheffield_120min" }, "geometry": { "type": "Point", "coordinates": [ -2.20174308964677, 53.520131916667879 ] } },
{ "type": "Feature", "properties": { "name": "Bonaly Country Park", "category": "protected_areas", "area_m2": 9295458.3566047959, "category_cleaned": "protected_areas", "iso_ids": [ "Edinburgh_30min", "Edinburgh_60min", "Edinburgh_90min", "Edinburgh_120min", "Glasgow_120min" ], "iso_joined": "Edinburgh_30min,Edinburgh_60min,Edinburgh_90min,Edinburgh_120min,Glasgow_120min" }, "geometry": { "type": "Point", "coordinates": [ -3.269563649654208, 55.885919790927986 ] } },
{ "type": "Feature", "properties": { "name": "Borsdane Wood", "category": "nature_reserves", "area_m2": 1263518.2116102872, "category_cleaned": "nature_reserves", "iso_ids": [ "Manchester_60min", "Manchester_90min", "Manchester_120min", "Birmingham_120min", "Leeds_120min", "Sheffield_120min" ], "iso_joined": "Manchester_60min,Manchester_90min,Manchester_120min,Birmingham_120min,Leeds_120min,Sheffield_120min" }, "geometry": { "type": "Point", "coordinates": [ -2.565348562630131, 53.552284626161153 ] } },
{ "type": "Feature", "properties": { "name": "Botany Bay Wood", "category": "wood", "area_m2": 3709582.2789601972, "category_cleaned": "wood", "iso_ids": [ "Manchester_30min", "Manchester_60min", "Manchester_90min", "Manchester_120min" ], "iso_joined": "Manchester_30min,Manchester_60min,Manchester_90min,Manchester_120min" }, "geometry": { "type": "Point", "coordinates": [ -2.410528281145423, 53.482793145164344 ] } },
{ "type": "Feature", "properties": { "name": "Bowling Park", "category": "parks", "area_m2": 1284910.5367710534, "category_cleaned": "parks", "iso_ids": [ "Manchester_90min", "Manchester_120min", "Leeds_30min", "Leeds_60min", "Leeds_90min", "Leeds_120min", "Sheffield_120min" ], "iso_joined": "Manchester_90min,Manchester_120min,Leeds_30min,Leeds_60min,Leeds_90min,Leeds_120min,Sheffield_120min" }, "geometry": { "type": "Point", "coordinates": [ -1.740848475684621, 53.775661385495717 ] } },
{ "type": "Feature", "properties": { "name": "Brabyns Park", "category": "parks", "area_m2": 1079861.8044441903, "category_cleaned": "parks", "iso_ids": [ "Manchester_60min", "Manchester_90min", "Manchester_120min", "Sheffield_90min", "Sheffield_120min" ], "iso_joined": "Manchester_60min,Manchester_90min,Manchester_120min,Sheffield_90min,Sheffield_120min" }, "geometry": { "type": "Point", "coordinates": [ -2.05970236025216, 53.406125281219268 ] } },
{ "type": "Feature", "properties": { "name": "Braid Hills", "category": "parks", "area_m2": 2983170.5400555474, "category_cleaned": "parks", "iso_ids": [ "Edinburgh_30min", "Edinburgh_60min", "Edinburgh_90min", "Edinburgh_120min", "Glasgow_120min" ], "iso_joined": "Edinburgh_30min,Edinburgh_60min,Edinburgh_90min,Edinburgh_120min,Glasgow_120min" }, "geometry": { "type": "Point", "coordinates": [ -3.194145264840234, 55.91427772370497 ] } },
{ "type": "Feature", "properties": { "name": "Bretton Country Park", "category": "parks", "area_m2": 14979834.168094099, "category_cleaned": "parks", "iso_ids": [ "Leeds_30min", "Leeds_60min", "Leeds_90min", "Leeds_120min" ], "iso_joined": "Leeds_30min,Leeds_60min,Leeds_90min,Leeds_120min" }, "geometry": { "type": "Point", "coordinates": [ -1.575935257135809, 53.609755777827843 ] } },
{ "type": "Feature", "properties": { "name": "Brighton Beach", "category": "beaches", "area_m2": 1055254.162810002, "category_cleaned": "beaches", "iso_ids": [ "London_120min" ], "iso_joined": "London_120min" }, "geometry": { "type": "Point", "coordinates": [ -0.194574595866341, 50.825235962955951 ] } },
{ "type": "Feature", "properties": { "name": "Broadwood Nature Reserve", "category": "parks", "area_m2": 1995220.2004510141, "category_cleaned": "parks", "iso_ids": [ "Edinburgh_60min", "Edinburgh_90min", "Edinburgh_120min", "Glasgow_30min", "Glasgow_60min", "Glasgow_90min", "Glasgow_120min" ], "iso_joined": "Edinburgh_60min,Edinburgh_90min,Edinburgh_120min,Glasgow_30min,Glasgow_60min,Glasgow_90min,Glasgow_120min" }, "geometry": { "type": "Point", "coordinates": [ -4.043157907253906, 55.940296263749161 ] } },
{ "type": "Feature", "properties": { "name": "Brockwell Park", "category": "parks", "area_m2": 1333555.8614151124, "category_cleaned": "parks", "iso_ids": [ "London_30min", "London_60min", "London_90min", "London_120min" ], "iso_joined": "London_30min,London_60min,London_90min,London_120min" }, "geometry": { "type": "Point", "coordinates": [ -0.107104133595171, 51.450206719519606 ] } },
{ "type": "Feature", "properties": { "name": "Brookfields Park", "category": "parks", "area_m2": 1116629.704533763, "category_cleaned": "parks", "iso_ids": [ "Manchester_120min", "Leeds_90min", "Leeds_120min", "Sheffield_60min", "Sheffield_90min", "Sheffield_120min" ], "iso_joined": "Manchester_120min,Leeds_90min,Leeds_120min,Sheffield_60min,Sheffield_90min,Sheffield_120min" }, "geometry": { "type": "Point", "coordinates": [ -1.318865580553067, 53.511081695851502 ] } },
{ "type": "Feature", "properties": { "name": "Bruntwood Park", "category": "parks", "area_m2": 1487797.6812248097, "category_cleaned": "parks", "iso_ids": [ "Manchester_30min", "Manchester_60min", "Manchester_90min", "Manchester_120min", "Birmingham_120min", "Leeds_120min", "Sheffield_90min", "Sheffield_120min" ], "iso_joined": "Manchester_30min,Manchester_60min,Manchester_90min,Manchester_120min,Birmingham_120min,Leeds_120min,Sheffield_90min,Sheffield_120min" }, "geometry": { "type": "Point", "coordinates": [ -2.210886088636819, 53.379599685193789 ] } },
{ "type": "Feature", "properties": { "name": "Brynna Woods", "category": "wood", "area_m2": 1010046.8013422312, "category_cleaned": "wood", "iso_ids": [ "Bristol_120min" ], "iso_joined": "Bristol_120min" }, "geometry": { "type": "Point", "coordinates": [ -3.456149326077854, 51.537132044190031 ] } },
{ "type": "Feature", "properties": { "name": "Bulwell Hall Park", "category": "parks", "area_m2": 2748062.5708224825, "category_cleaned": "parks", "iso_ids": [ "Birmingham_120min", "Sheffield_120min" ], "iso_joined": "Birmingham_120min,Sheffield_120min" }, "geometry": { "type": "Point", "coordinates": [ -1.203789796359962, 53.014058243436395 ] } },
{ "type": "Feature", "properties": { "name": "Burbage Moor", "category": "heaths", "area_m2": 9016135.3937686123, "category_cleaned": "heaths", "iso_ids": [ "Sheffield_30min", "Sheffield_60min", "Sheffield_90min", "Sheffield_120min" ], "iso_joined": "Sheffield_30min,Sheffield_60min,Sheffield_90min,Sheffield_120min" }, "geometry": { "type": "Point", "coordinates": [ -1.590575404883059, 53.33587704509506 ] } },
{ "type": "Feature", "properties": { "name": "Bushy Park", "category": "parks", "area_m2": 10760301.429210018, "category_cleaned": "parks", "iso_ids": [ "London_60min", "London_90min", "London_120min" ], "iso_joined": "London_60min,London_90min,London_120min" }, "geometry": { "type": "Point", "coordinates": [ -0.338766966764496, 51.415398433943913 ] } },
{ "type": "Feature", "properties": { "name": "Cadishead Moss", "category": "wetlands", "area_m2": 2726855.9750640099, "category_cleaned": "wetlands", "iso_ids": [ "Manchester_30min", "Manchester_60min", "Manchester_90min", "Manchester_120min", "Sheffield_90min", "Sheffield_120min" ], "iso_joined": "Manchester_30min,Manchester_60min,Manchester_90min,Manchester_120min,Sheffield_90min,Sheffield_120min" }, "geometry": { "type": "Point", "coordinates": [ -2.466756526276956, 53.451701149774649 ] } },
{ "type": "Feature", "properties": { "name": "Caerphilly Common", "category": "heaths", "area_m2": 2868103.5679486422, "category_cleaned": "heaths", "iso_ids": [ "Bristol_90min", "Bristol_120min" ], "iso_joined": "Bristol_90min,Bristol_120min" }, "geometry": { "type": "Point", "coordinates": [ -3.224263649284794, 51.560322096937831 ] } },
{ "type": "Feature", "properties": { "name": "Caldecotte Lake", "category": "parks", "area_m2": 2927226.2545746635, "category_cleaned": "parks", "iso_ids": [ "London_90min", "London_120min", "Birmingham_120min" ], "iso_joined": "London_90min,London_120min,Birmingham_120min" }, "geometry": { "type": "Point", "coordinates": [ -0.70715476667646, 52.010009017518719 ] } },
{ "type": "Feature", "properties": { "name": "Calderglen Country Park", "category": "parks", "area_m2": 6297136.4228767361, "category_cleaned": "parks", "iso_ids": [ "Glasgow_30min", "Glasgow_60min", "Glasgow_90min", "Glasgow_120min" ], "iso_joined": "Glasgow_30min,Glasgow_60min,Glasgow_90min,Glasgow_120min" }, "geometry": { "type": "Point", "coordinates": [ -4.14389302789816, 55.755730186774883 ] } },
{ "type": "Feature", "properties": { "name": "Caldwell Forest", "category": "wood", "area_m2": 1387639.5286835094, "category_cleaned": "wood", "iso_ids": [ "Glasgow_30min", "Glasgow_60min", "Glasgow_90min", "Glasgow_120min" ], "iso_joined": "Glasgow_30min,Glasgow_60min,Glasgow_90min,Glasgow_120min" }, "geometry": { "type": "Point", "coordinates": [ -4.528373913585236, 55.754219203107553 ] } },
{ "type": "Feature", "properties": { "name": "Callendar Park", "category": "parks", "area_m2": 1943915.9379011004, "category_cleaned": "parks", "iso_ids": [ "Edinburgh_60min", "Edinburgh_90min", "Edinburgh_120min", "Glasgow_60min", "Glasgow_90min", "Glasgow_120min" ], "iso_joined": "Edinburgh_60min,Edinburgh_90min,Edinburgh_120min,Glasgow_60min,Glasgow_90min,Glasgow_120min" }, "geometry": { "type": "Point", "coordinates": [ -3.767141592557456, 55.995125765984682 ] } },
{ "type": "Feature", "properties": { "name": "Callendar Woods", "category": "forest_landuse", "area_m2": 3077254.2873425665, "category_cleaned": "forests", "iso_ids": [ "Edinburgh_60min", "Edinburgh_90min", "Edinburgh_120min", "Glasgow_60min", "Glasgow_90min", "Glasgow_120min" ], "iso_joined": "Edinburgh_60min,Edinburgh_90min,Edinburgh_120min,Glasgow_60min,Glasgow_90min,Glasgow_120min" }, "geometry": { "type": "Point", "coordinates": [ -3.77052473566341, 55.990935457298157 ] } },
{ "type": "Feature", "properties": { "name": "Calverley Wood", "category": "wood", "area_m2": 1289453.6965797185, "category_cleaned": "wood", "iso_ids": [ "Manchester_120min", "Leeds_30min", "Leeds_60min", "Leeds_90min", "Leeds_120min", "Sheffield_90min", "Sheffield_120min" ], "iso_joined": "Manchester_120min,Leeds_30min,Leeds_60min,Leeds_90min,Leeds_120min,Sheffield_90min,Sheffield_120min" }, "geometry": { "type": "Point", "coordinates": [ -1.692577069946665, 53.835104393949827 ] } },
{ "type": "Feature", "properties": { "name": "Cammo Estate Local Nature Reserve", "category": "protected_areas", "area_m2": 1255109.5074197876, "category_cleaned": "protected_areas", "iso_ids": [ "Edinburgh_30min", "Edinburgh_60min", "Edinburgh_90min", "Edinburgh_120min", "Glasgow_90min", "Glasgow_120min" ], "iso_joined": "Edinburgh_30min,Edinburgh_60min,Edinburgh_90min,Edinburgh_120min,Glasgow_90min,Glasgow_120min" }, "geometry": { "type": "Point", "coordinates": [ -3.323063618601962, 55.958157211240788 ] } },
{ "type": "Feature", "properties": { "name": "Canklow  Woods", "category": "wood", "area_m2": 2424521.1746677998, "category_cleaned": "wood", "iso_ids": [ "Manchester_120min", "Leeds_90min", "Leeds_120min", "Sheffield_30min", "Sheffield_60min", "Sheffield_90min", "Sheffield_120min" ], "iso_joined": "Manchester_120min,Leeds_90min,Leeds_120min,Sheffield_30min,Sheffield_60min,Sheffield_90min,Sheffield_120min" }, "geometry": { "type": "Point", "coordinates": [ -1.352641923454228, 53.410845422111294 ] } },
{ "type": "Feature", "properties": { "name": "Cannock Chase National Landscape", "category": "protected_areas", "area_m2": 189427479.3699685, "category_cleaned": "protected_areas", "iso_ids": [ ], "iso_joined": null }, "geometry": { "type": "Point", "coordinates": [ -1.99280991338657, 52.747164213516179 ] } },
{ "type": "Feature", "properties": { "name": "Carberry Estate", "category": "parks", "area_m2": 3068848.6884947, "category_cleaned": "parks", "iso_ids": [ "Edinburgh_30min", "Edinburgh_60min", "Edinburgh_90min", "Edinburgh_120min", "Glasgow_90min", "Glasgow_120min" ], "iso_joined": "Edinburgh_30min,Edinburgh_60min,Edinburgh_90min,Edinburgh_120min,Glasgow_90min,Glasgow_120min" }, "geometry": { "type": "Point", "coordinates": [ -3.015749317228464, 55.914832552754014 ] } },
{ "type": "Feature", "properties": { "name": "Cardowan Moss Local Nature Reserve", "category": "nature_reserves", "area_m2": 1994643.2257819183, "category_cleaned": "nature_reserves", "iso_ids": [ "Edinburgh_90min", "Edinburgh_120min", "Glasgow_30min", "Glasgow_60min", "Glasgow_90min", "Glasgow_120min" ], "iso_joined": "Edinburgh_90min,Edinburgh_120min,Glasgow_30min,Glasgow_60min,Glasgow_90min,Glasgow_120min" }, "geometry": { "type": "Point", "coordinates": [ -4.149052248715489, 55.880275239451912 ] } },
{ "type": "Feature", "properties": { "name": "Cassiobury Park", "category": "parks", "area_m2": 2011777.517005269, "category_cleaned": "parks", "iso_ids": [ "London_60min", "London_90min", "London_120min", "Birmingham_120min" ], "iso_joined": "London_60min,London_90min,London_120min,Birmingham_120min" }, "geometry": { "type": "Point", "coordinates": [ -0.420457370994655, 51.659954867291063 ] } },
{ "type": "Feature", "properties": { "name": "Castle Semple Country Park", "category": "parks", "area_m2": 5794243.488698476, "category_cleaned": "parks", "iso_ids": [ "Glasgow_30min", "Glasgow_60min", "Glasgow_90min", "Glasgow_120min" ], "iso_joined": "Glasgow_30min,Glasgow_60min,Glasgow_90min,Glasgow_120min" }, "geometry": { "type": "Point", "coordinates": [ -4.609771168347942, 55.797828396515122 ] } },
{ "type": "Feature", "properties": { "name": "Castlemilk Woodlands", "category": "wood", "area_m2": 1101962.4471178718, "category_cleaned": "wood", "iso_ids": [ "Edinburgh_120min", "Glasgow_30min", "Glasgow_60min", "Glasgow_90min", "Glasgow_120min" ], "iso_joined": "Edinburgh_120min,Glasgow_30min,Glasgow_60min,Glasgow_90min,Glasgow_120min" }, "geometry": { "type": "Point", "coordinates": [ -4.22339335500615, 55.806452380409993 ] } },
{ "type": "Feature", "properties": { "name": "Caswell Wood", "category": "wood", "area_m2": 7844629.5799873499, "category_cleaned": "wood", "iso_ids": [ "Bristol_30min", "Bristol_60min", "Bristol_90min", "Bristol_120min" ], "iso_joined": "Bristol_30min,Bristol_60min,Bristol_90min,Bristol_120min" }, "geometry": { "type": "Point", "coordinates": [ -2.663938763544588, 51.683742660714316 ] } },
{ "type": "Feature", "properties": { "name": "Cathkin Braes Country Park", "category": "parks", "area_m2": 5477980.0802051378, "category_cleaned": "parks", "iso_ids": [ "Edinburgh_120min", "Glasgow_30min", "Glasgow_60min", "Glasgow_90min", "Glasgow_120min" ], "iso_joined": "Edinburgh_120min,Glasgow_30min,Glasgow_60min,Glasgow_90min,Glasgow_120min" }, "geometry": { "type": "Point", "coordinates": [ -4.223824132287254, 55.797466368701336 ] } },
{ "type": "Feature", "properties": { "name": "Cawthorne Park", "category": "forest_landuse", "area_m2": 4344547.5279851705, "category_cleaned": "forests", "iso_ids": [ "Leeds_30min", "Leeds_60min", "Leeds_90min", "Leeds_120min", "Sheffield_60min", "Sheffield_90min", "Sheffield_120min" ], "iso_joined": "Leeds_30min,Leeds_60min,Leeds_90min,Leeds_120min,Sheffield_60min,Sheffield_90min,Sheffield_120min" }, "geometry": { "type": "Point", "coordinates": [ -1.573874528785535, 53.58132370189653 ] } },
{ "type": "Feature", "properties": { "name": "Chacefield Wood", "category": "forest_landuse", "area_m2": 1427907.2821154296, "category_cleaned": "forests", "iso_ids": [ "Glasgow_30min", "Glasgow_60min", "Glasgow_90min", "Glasgow_120min" ], "iso_joined": "Glasgow_30min,Glasgow_60min,Glasgow_90min,Glasgow_120min" }, "geometry": { "type": "Point", "coordinates": [ -3.892741154192571, 56.011131532599599 ] } },
{ "type": "Feature", "properties": { "name": "Chafford Gorges Nature Reserve", "category": "nature_reserves", "area_m2": 1634272.5843192278, "category_cleaned": "nature_reserves", "iso_ids": [ "London_90min", "London_120min" ], "iso_joined": "London_90min,London_120min" }, "geometry": { "type": "Point", "coordinates": [ 0.30658955675378, 51.485877188268745 ] } },
{ "type": "Feature", "properties": { "name": "Chatelherault - Clyde Valley Woodlands NNR", "category": "protected_areas", "area_m2": 5659660.2594799399, "category_cleaned": "protected_areas", "iso_ids": [ "Edinburgh_120min", "Glasgow_30min", "Glasgow_60min", "Glasgow_90min", "Glasgow_120min" ], "iso_joined": "Edinburgh_120min,Glasgow_30min,Glasgow_60min,Glasgow_90min,Glasgow_120min" }, "geometry": { "type": "Point", "coordinates": [ -4.015250093530219, 55.75372911353535 ] } },
{ "type": "Feature", "properties": { "name": "Chatelherault Country Park", "category": "parks", "area_m2": 6952385.2491944116, "category_cleaned": "parks", "iso_ids": [ "Edinburgh_120min", "Glasgow_30min", "Glasgow_60min", "Glasgow_90min", "Glasgow_120min" ], "iso_joined": "Edinburgh_120min,Glasgow_30min,Glasgow_60min,Glasgow_90min,Glasgow_120min" }, "geometry": { "type": "Point", "coordinates": [ -4.011879050347734, 55.755755143524752 ] } },
{ "type": "Feature", "properties": { "name": "Chepstow Park Wood", "category": "wood", "area_m2": 10763027.078545948, "category_cleaned": "wood", "iso_ids": [ "Bristol_30min", "Bristol_60min", "Bristol_90min", "Bristol_120min" ], "iso_joined": "Bristol_30min,Bristol_60min,Bristol_90min,Bristol_120min" }, "geometry": { "type": "Point", "coordinates": [ -2.738199547961028, 51.675102163064544 ] } },
{ "type": "Feature", "properties": { "name": "Chilterns National Landscape", "category": "protected_areas", "area_m2": 2180274003.3149486, "category_cleaned": "protected_areas", "iso_ids": [ ], "iso_joined": null }, "geometry": { "type": "Point", "coordinates": [ -0.768542049770058, 51.682273954071327 ] } },
{ "type": "Feature", "properties": { "name": "Chipstead Downs SSSI", "category": "protected_areas", "area_m2": 3620681.0060244128, "category_cleaned": "protected_areas", "iso_ids": [ "London_90min", "London_120min" ], "iso_joined": "London_90min,London_120min" }, "geometry": { "type": "Point", "coordinates": [ -0.18526147241022, 51.306895696003387 ] } },
{ "type": "Feature", "properties": { "name": "Chobham Common", "category": "nature_reserves", "area_m2": 15443735.123954443, "category_cleaned": "nature_reserves", "iso_ids": [ "London_90min", "London_120min" ], "iso_joined": "London_90min,London_120min" }, "geometry": { "type": "Point", "coordinates": [ -0.600743960297363, 51.371712491537039 ] } },
{ "type": "Feature", "properties": { "name": "Chorleywood Common", "category": "nature_reserves", "area_m2": 1922580.4456434876, "category_cleaned": "nature_reserves", "iso_ids": [ "London_60min", "London_90min", "London_120min" ], "iso_joined": "London_60min,London_90min,London_120min" }, "geometry": { "type": "Point", "coordinates": [ -0.509475215426322, 51.655023380896438 ] } },
{ "type": "Feature", "properties": { "name": "City of Bath WHS", "category": "protected_areas", "area_m2": 73563157.35041064, "category_cleaned": "protected_areas", "iso_ids": [ "London_120min", "Bristol_30min", "Bristol_60min", "Bristol_90min", "Bristol_120min" ], "iso_joined": "London_120min,Bristol_30min,Bristol_60min,Bristol_90min,Bristol_120min" }, "geometry": { "type": "Point", "coordinates": [ -2.366738022826584, 51.380243815224937 ] } },
{ "type": "Feature", "properties": { "name": "Clapham Common", "category": "parks", "area_m2": 1983275.1722790529, "category_cleaned": "parks", "iso_ids": [ "London_30min", "London_60min", "London_90min", "London_120min" ], "iso_joined": "London_30min,London_60min,London_90min,London_120min" }, "geometry": { "type": "Point", "coordinates": [ -0.149345342915195, 51.458457382743831 ] } },
{ "type": "Feature", "properties": { "name": "Clapton Moor Nature Reserve", "category": "nature_reserves", "area_m2": 1030252.5718229243, "category_cleaned": "nature_reserves", "iso_ids": [ "Bristol_30min", "Bristol_60min", "Bristol_90min", "Bristol_120min" ], "iso_joined": "Bristol_30min,Bristol_60min,Bristol_90min,Bristol_120min" }, "geometry": { "type": "Point", "coordinates": [ -2.781237238388609, 51.458130958451818 ] } },
{ "type": "Feature", "properties": { "name": "Clayton Vale", "category": "parks", "area_m2": 1595149.0198420943, "category_cleaned": "parks", "iso_ids": [ "Manchester_30min", "Manchester_60min", "Manchester_90min", "Manchester_120min", "Leeds_90min", "Leeds_120min", "Sheffield_90min", "Sheffield_120min" ], "iso_joined": "Manchester_30min,Manchester_60min,Manchester_90min,Manchester_120min,Leeds_90min,Leeds_120min,Sheffield_90min,Sheffield_120min" }, "geometry": { "type": "Point", "coordinates": [ -2.176134750290442, 53.49066760138863 ] } },
{ "type": "Feature", "properties": { "name": "Clifton Country Park", "category": "parks", "area_m2": 1411414.0328384358, "category_cleaned": "parks", "iso_ids": [ "Manchester_30min", "Manchester_60min", "Manchester_90min", "Manchester_120min", "Leeds_90min", "Leeds_120min", "Sheffield_120min" ], "iso_joined": "Manchester_30min,Manchester_60min,Manchester_90min,Manchester_120min,Leeds_90min,Leeds_120min,Sheffield_120min" }, "geometry": { "type": "Point", "coordinates": [ -2.340972437938914, 53.532848098502058 ] } },
{ "type": "Feature", "properties": { "name": "Clifton Down", "category": "parks", "area_m2": 2879967.9139781315, "category_cleaned": "parks", "iso_ids": [ "Birmingham_120min", "Bristol_30min", "Bristol_60min", "Bristol_90min", "Bristol_120min" ], "iso_joined": "Birmingham_120min,Bristol_30min,Bristol_60min,Bristol_90min,Bristol_120min" }, "geometry": { "type": "Point", "coordinates": [ -2.626245532062569, 51.466984408230154 ] } },
{ "type": "Feature", "properties": { "name": "Clifton Village Conservation Area", "category": "protected_areas", "area_m2": 1729255.8425842691, "category_cleaned": "protected_areas", "iso_ids": [ "Birmingham_120min", "Sheffield_90min", "Sheffield_120min" ], "iso_joined": "Birmingham_120min,Sheffield_90min,Sheffield_120min" }, "geometry": { "type": "Point", "coordinates": [ -1.193361049108018, 52.908839216862184 ] } },
{ "type": "Feature", "properties": { "name": "Close Wood", "category": "wood", "area_m2": 1104210.9522985462, "category_cleaned": "wood", "iso_ids": [ "Birmingham_30min", "Birmingham_60min", "Birmingham_90min", "Birmingham_120min" ], "iso_joined": "Birmingham_30min,Birmingham_60min,Birmingham_90min,Birmingham_120min" }, "geometry": { "type": "Point", "coordinates": [ -1.630452348194875, 52.45758801728806 ] } },
{ "type": "Feature", "properties": { "name": "Clyde Muirshiel Regional Park", "category": "protected_areas", "area_m2": 876022103.65469074, "category_cleaned": "protected_areas", "iso_ids": [ ], "iso_joined": null }, "geometry": { "type": "Point", "coordinates": [ -4.769579672748914, 55.824938871823029 ] } },
{ "type": "Feature", "properties": { "name": "Clyde Valley Woodlands National Nature Reserve", "category": "protected_areas", "area_m2": 9841718.3615228608, "category_cleaned": "protected_areas", "iso_ids": [ "Glasgow_30min", "Glasgow_60min", "Glasgow_90min", "Glasgow_120min" ], "iso_joined": "Glasgow_30min,Glasgow_60min,Glasgow_90min,Glasgow_120min" }, "geometry": { "type": "Point", "coordinates": [ -3.931841378435464, 55.727695978833097 ] } },
{ "type": "Feature", "properties": { "name": "Coal Pit Plantation", "category": "wood", "area_m2": 1749379.7402599151, "category_cleaned": "wood", "iso_ids": [ "Leeds_30min", "Leeds_60min", "Sheffield_30min", "Sheffield_60min", "Sheffield_90min", "Sheffield_120min" ], "iso_joined": "Leeds_30min,Leeds_60min,Sheffield_30min,Sheffield_60min,Sheffield_90min,Sheffield_120min" }, "geometry": { "type": "Point", "coordinates": [ -1.520242298074026, 53.497197169883741 ] } },
{ "type": "Feature", "properties": { "name": "Cobnar Wood", "category": "wood", "area_m2": 1260365.7566995297, "category_cleaned": "wood", "iso_ids": [ "Leeds_90min", "Leeds_120min", "Sheffield_30min", "Sheffield_60min", "Sheffield_90min", "Sheffield_120min" ], "iso_joined": "Leeds_90min,Leeds_120min,Sheffield_30min,Sheffield_60min,Sheffield_90min,Sheffield_120min" }, "geometry": { "type": "Point", "coordinates": [ -1.465782196604527, 53.272168999651832 ] } },
{ "type": "Feature", "properties": { "name": "Coed Trecastell", "category": "forest_landuse", "area_m2": 2426994.3488253155, "category_cleaned": "forests", "iso_ids": [ "Bristol_90min", "Bristol_120min" ], "iso_joined": "Bristol_90min,Bristol_120min" }, "geometry": { "type": "Point", "coordinates": [ -3.413267239783595, 51.52797838871431 ] } },
{ "type": "Feature", "properties": { "name": "Coed Waun-fawr", "category": "forest_landuse", "area_m2": 2013707.5100697379, "category_cleaned": "forests", "iso_ids": [ "Bristol_90min", "Bristol_120min" ], "iso_joined": "Bristol_90min,Bristol_120min" }, "geometry": { "type": "Point", "coordinates": [ -3.126018634054997, 51.612294953533322 ] } },
{ "type": "Feature", "properties": { "name": "Coedcae Berwerdy", "category": "wood", "area_m2": 1843043.3001783027, "category_cleaned": "wood", "iso_ids": [ "Bristol_120min" ], "iso_joined": "Bristol_120min" }, "geometry": { "type": "Point", "coordinates": [ -3.338646650826671, 51.613072356459888 ] } },
{ "type": "Feature", "properties": { "name": "Coldharbour Marshes", "category": "wetlands", "area_m2": 1730429.1548646297, "category_cleaned": "wetlands", "iso_ids": [ "London_120min" ], "iso_joined": "London_120min" }, "geometry": { "type": "Point", "coordinates": [ 0.74855285370203, 51.377693793059308 ] } },
{ "type": "Feature", "properties": { "name": "Coleman's Copse", "category": "wood", "area_m2": 3933648.2807562225, "category_cleaned": "wood", "iso_ids": [ "London_120min" ], "iso_joined": "London_120min" }, "geometry": { "type": "Point", "coordinates": [ -0.624950246258975, 51.126870957485487 ] } },
{ "type": "Feature", "properties": { "name": "Colinton Conservation Area", "category": "protected_areas", "area_m2": 5227843.6499375738, "category_cleaned": "protected_areas", "iso_ids": [ "Edinburgh_30min", "Edinburgh_60min", "Edinburgh_90min", "Edinburgh_120min", "Glasgow_90min", "Glasgow_120min" ], "iso_joined": "Edinburgh_30min,Edinburgh_60min,Edinburgh_90min,Edinburgh_120min,Glasgow_90min,Glasgow_120min" }, "geometry": { "type": "Point", "coordinates": [ -3.25672475972673, 55.908991335705501 ] } },
{ "type": "Feature", "properties": { "name": "Colinton and Craiglockhart Dells", "category": "parks", "area_m2": 1288335.0179566771, "category_cleaned": "parks", "iso_ids": [ "Edinburgh_30min", "Edinburgh_60min", "Edinburgh_90min", "Edinburgh_120min", "Glasgow_90min", "Glasgow_120min" ], "iso_joined": "Edinburgh_30min,Edinburgh_60min,Edinburgh_90min,Edinburgh_120min,Glasgow_90min,Glasgow_120min" }, "geometry": { "type": "Point", "coordinates": [ -3.254979309797017, 55.91517356648842 ] } },
{ "type": "Feature", "properties": { "name": "Colne Valley Regional Park", "category": "protected_areas", "area_m2": 286293065.17880064, "category_cleaned": "protected_areas", "iso_ids": [ "London_60min", "London_90min", "London_120min" ], "iso_joined": "London_60min,London_90min,London_120min" }, "geometry": { "type": "Point", "coordinates": [ -0.513850749485195, 51.540514445004135 ] } },
{ "type": "Feature", "properties": { "name": "Community Nature Park", "category": "parks", "area_m2": 1510805.0361716633, "category_cleaned": "parks", "iso_ids": [ "Edinburgh_90min", "Edinburgh_120min", "Glasgow_30min", "Glasgow_60min", "Glasgow_90min", "Glasgow_120min" ], "iso_joined": "Edinburgh_90min,Edinburgh_120min,Glasgow_30min,Glasgow_60min,Glasgow_90min,Glasgow_120min" }, "geometry": { "type": "Point", "coordinates": [ -3.971706843183252, 55.855364328709406 ] } },
{ "type": "Feature", "properties": { "name": "Concord Park", "category": "parks", "area_m2": 2773828.2967925225, "category_cleaned": "parks", "iso_ids": [ "Manchester_90min", "Manchester_120min", "Birmingham_120min", "Leeds_90min", "Leeds_120min", "Sheffield_30min", "Sheffield_60min", "Sheffield_90min", "Sheffield_120min" ], "iso_joined": "Manchester_90min,Manchester_120min,Birmingham_120min,Leeds_90min,Leeds_120min,Sheffield_30min,Sheffield_60min,Sheffield_90min,Sheffield_120min" }, "geometry": { "type": "Point", "coordinates": [ -1.431694392198153, 53.427847039155637 ] } },
{ "type": "Feature", "properties": { "name": "Corstorphine Hill Local Nature Reserve", "category": "nature_reserves", "area_m2": 2564053.4529233286, "category_cleaned": "nature_reserves", "iso_ids": [ "Edinburgh_30min", "Edinburgh_60min", "Edinburgh_90min", "Edinburgh_120min", "Glasgow_90min", "Glasgow_120min" ], "iso_joined": "Edinburgh_30min,Edinburgh_60min,Edinburgh_90min,Edinburgh_120min,Glasgow_90min,Glasgow_120min" }, "geometry": { "type": "Point", "coordinates": [ -3.272772738444194, 55.952979706139644 ] } },
{ "type": "Feature", "properties": { "name": "Coves Community Park Local Nature Reserve", "category": "nature_reserves", "area_m2": 1384847.1115559214, "category_cleaned": "nature_reserves", "iso_ids": [ "Glasgow_90min", "Glasgow_120min" ], "iso_joined": "Glasgow_90min,Glasgow_120min" }, "geometry": { "type": "Point", "coordinates": [ -4.805236304688576, 55.948210717687154 ] } },
{ "type": "Feature", "properties": { "name": "Coxley Woods", "category": "wood", "area_m2": 1555622.105300921, "category_cleaned": "wood", "iso_ids": [ "Leeds_30min", "Leeds_60min", "Leeds_90min", "Leeds_120min" ], "iso_joined": "Leeds_30min,Leeds_60min,Leeds_90min,Leeds_120min" }, "geometry": { "type": "Point", "coordinates": [ -1.590238165238345, 53.641588057783771 ] } },
{ "type": "Feature", "properties": { "name": "Craig Carnau", "category": "forest_landuse", "area_m2": 5541336.9119706722, "category_cleaned": "forests", "iso_ids": [ "Bristol_90min", "Bristol_120min" ], "iso_joined": "Bristol_90min,Bristol_120min" }, "geometry": { "type": "Point", "coordinates": [ -3.139996395793431, 51.633927560749832 ] } },
{ "type": "Feature", "properties": { "name": "Craigenfaulds Moss", "category": "wetlands", "area_m2": 1038130.3626210534, "category_cleaned": "wetlands", "iso_ids": [ "Glasgow_30min", "Glasgow_60min", "Glasgow_90min", "Glasgow_120min" ], "iso_joined": "Glasgow_30min,Glasgow_60min,Glasgow_90min,Glasgow_120min" }, "geometry": { "type": "Point", "coordinates": [ -4.3515291916437, 55.695429494100416 ] } },
{ "type": "Feature", "properties": { "name": "Craigmillar Castle Park", "category": "parks", "area_m2": 2030692.6902951186, "category_cleaned": "parks", "iso_ids": [ "Edinburgh_30min", "Edinburgh_60min", "Edinburgh_90min", "Edinburgh_120min", "Glasgow_120min" ], "iso_joined": "Edinburgh_30min,Edinburgh_60min,Edinburgh_90min,Edinburgh_120min,Glasgow_120min" }, "geometry": { "type": "Point", "coordinates": [ -3.144663936544146, 55.926040271066135 ] } },
{ "type": "Feature", "properties": { "name": "Craufurdland Estate", "category": "parks", "area_m2": 2892908.9657314438, "category_cleaned": "parks", "iso_ids": [ "Glasgow_30min", "Glasgow_60min", "Glasgow_90min", "Glasgow_120min" ], "iso_joined": "Glasgow_30min,Glasgow_60min,Glasgow_90min,Glasgow_120min" }, "geometry": { "type": "Point", "coordinates": [ -4.456924985587696, 55.638605801064308 ] } },
{ "type": "Feature", "properties": { "name": "Crayford Marshes", "category": "wetlands", "area_m2": 5200792.7383040767, "category_cleaned": "wetlands", "iso_ids": [ "London_60min", "London_90min", "London_120min" ], "iso_joined": "London_60min,London_90min,London_120min" }, "geometry": { "type": "Point", "coordinates": [ 0.203608591932234, 51.468845651495116 ] } },
{ "type": "Feature", "properties": { "name": "Crosby Beach", "category": "beaches", "area_m2": 10589493.947913671, "category_cleaned": "beaches", "iso_ids": [ "Manchester_120min" ], "iso_joined": "Manchester_120min" }, "geometry": { "type": "Point", "coordinates": [ -3.057646693261527, 53.486199630994868 ] } },
{ "type": "Feature", "properties": { "name": "Croxley Common Moor", "category": "scrub", "area_m2": 1097713.1470489705, "category_cleaned": "scrub", "iso_ids": [ "London_60min", "London_90min", "London_120min", "Birmingham_120min" ], "iso_joined": "London_60min,London_90min,London_120min,Birmingham_120min" }, "geometry": { "type": "Point", "coordinates": [ -0.438732025000907, 51.641908630518351 ] } },
{ "type": "Feature", "properties": { "name": "Crystal Palace Park", "category": "parks", "area_m2": 1776681.5478983519, "category_cleaned": "parks", "iso_ids": [ "London_60min", "London_90min", "London_120min" ], "iso_joined": "London_60min,London_90min,London_120min" }, "geometry": { "type": "Point", "coordinates": [ -0.069313997191578, 51.421117399275957 ] } },
{ "type": "Feature", "properties": { "name": "Cuerden Valley Park", "category": "parks", "area_m2": 7018886.5067543313, "category_cleaned": "parks", "iso_ids": [ "Manchester_60min", "Manchester_90min", "Manchester_120min" ], "iso_joined": "Manchester_60min,Manchester_90min,Manchester_120min" }, "geometry": { "type": "Point", "coordinates": [ -2.654379132617498, 53.704947152253453 ] } },
{ "type": "Feature", "properties": { "name": "Cumbernauld Community Park", "category": "parks", "area_m2": 2840825.5229407162, "category_cleaned": "parks", "iso_ids": [ "Edinburgh_60min", "Edinburgh_90min", "Edinburgh_120min", "Glasgow_30min", "Glasgow_60min", "Glasgow_90min", "Glasgow_120min" ], "iso_joined": "Edinburgh_60min,Edinburgh_90min,Edinburgh_120min,Glasgow_30min,Glasgow_60min,Glasgow_90min,Glasgow_120min" }, "geometry": { "type": "Point", "coordinates": [ -4.004434179440383, 55.956718344402482 ] } },
{ "type": "Feature", "properties": { "name": "Cumbernauld Glen and Nature reserve", "category": "nature_reserves", "area_m2": 1742466.4337756129, "category_cleaned": "nature_reserves", "iso_ids": [ "Edinburgh_90min", "Edinburgh_120min", "Glasgow_30min", "Glasgow_60min", "Glasgow_90min", "Glasgow_120min" ], "iso_joined": "Edinburgh_90min,Edinburgh_120min,Glasgow_30min,Glasgow_60min,Glasgow_90min,Glasgow_120min" }, "geometry": { "type": "Point", "coordinates": [ -3.960956012469143, 55.963001004834901 ] } },
{ "type": "Feature", "properties": { "name": "Cutacre Country Park", "category": "parks", "area_m2": 5194179.0918213986, "category_cleaned": "parks", "iso_ids": [ "Manchester_30min", "Manchester_60min", "Manchester_90min", "Manchester_120min", "Leeds_120min" ], "iso_joined": "Manchester_30min,Manchester_60min,Manchester_90min,Manchester_120min,Leeds_120min" }, "geometry": { "type": "Point", "coordinates": [ -2.456288478523706, 53.531564984787202 ] } },
{ "type": "Feature", "properties": { "name": "Cwm George & Casehill Woods", "category": "nature_reserves", "area_m2": 2270002.2674136464, "category_cleaned": "nature_reserves", "iso_ids": [ "Bristol_90min", "Bristol_120min" ], "iso_joined": "Bristol_90min,Bristol_120min" }, "geometry": { "type": "Point", "coordinates": [ -3.225532885239794, 51.444123169819427 ] } },
{ "type": "Feature", "properties": { "name": "Cwmcarn Forest", "category": "forest_landuse", "area_m2": 30660020.569734473, "category_cleaned": "forests", "iso_ids": [ "Bristol_90min", "Bristol_120min" ], "iso_joined": "Bristol_90min,Bristol_120min" }, "geometry": { "type": "Point", "coordinates": [ -3.103678014194609, 51.644758088887585 ] } },
{ "type": "Feature", "properties": { "name": "Dalkeith Country Park", "category": "parks", "area_m2": 8975253.6385439225, "category_cleaned": "parks", "iso_ids": [ "Edinburgh_30min", "Edinburgh_60min", "Edinburgh_90min", "Edinburgh_120min", "Glasgow_90min", "Glasgow_120min" ], "iso_joined": "Edinburgh_30min,Edinburgh_60min,Edinburgh_90min,Edinburgh_120min,Glasgow_90min,Glasgow_120min" }, "geometry": { "type": "Point", "coordinates": [ -3.06494579099554, 55.903693624857844 ] } },
{ "type": "Feature", "properties": { "name": "Dams to Darnley Country Park", "category": "parks", "area_m2": 17568761.799238317, "category_cleaned": "parks", "iso_ids": [ "Edinburgh_120min", "Glasgow_30min", "Glasgow_60min", "Glasgow_90min", "Glasgow_120min" ], "iso_joined": "Edinburgh_120min,Glasgow_30min,Glasgow_60min,Glasgow_90min,Glasgow_120min" }, "geometry": { "type": "Point", "coordinates": [ -4.360700762603639, 55.791438601161595 ] } },
{ "type": "Feature", "properties": { "name": "Dartford Heath", "category": "wood", "area_m2": 2536379.5391410622, "category_cleaned": "wood", "iso_ids": [ "London_60min", "London_90min", "London_120min" ], "iso_joined": "London_60min,London_90min,London_120min" }, "geometry": { "type": "Point", "coordinates": [ 0.179240593283247, 51.437795460972389 ] } },
{ "type": "Feature", "properties": { "name": "Dawsholm Park Local Nature Reserve", "category": "nature_reserves", "area_m2": 1038436.4740464271, "category_cleaned": "nature_reserves", "iso_ids": [ "Edinburgh_90min", "Edinburgh_120min", "Glasgow_30min", "Glasgow_60min", "Glasgow_90min", "Glasgow_120min" ], "iso_joined": "Edinburgh_90min,Edinburgh_120min,Glasgow_30min,Glasgow_60min,Glasgow_90min,Glasgow_120min" }, "geometry": { "type": "Point", "coordinates": [ -4.313748969037689, 55.897591017474632 ] } },
{ "type": "Feature", "properties": { "name": "Dean Castle Country Park", "category": "parks", "area_m2": 2203880.9501697198, "category_cleaned": "parks", "iso_ids": [ "Glasgow_30min", "Glasgow_60min", "Glasgow_90min", "Glasgow_120min" ], "iso_joined": "Glasgow_30min,Glasgow_60min,Glasgow_90min,Glasgow_120min" }, "geometry": { "type": "Point", "coordinates": [ -4.47871674947584, 55.624854549255865 ] } },
{ "type": "Feature", "properties": { "name": "Dean Wood", "category": "wood", "area_m2": 1024427.2773880177, "category_cleaned": "wood", "iso_ids": [ "Manchester_90min", "Manchester_120min" ], "iso_joined": "Manchester_90min,Manchester_120min" }, "geometry": { "type": "Point", "coordinates": [ -2.709484729206843, 53.555486094061244 ] } },
{ "type": "Feature", "properties": { "name": "Dedham Vale National Landscape", "category": "protected_areas", "area_m2": 238625620.011893, "category_cleaned": "protected_areas", "iso_ids": [ ], "iso_joined": null }, "geometry": { "type": "Point", "coordinates": [ 0.923673995593563, 51.975141966680582 ] } },
{ "type": "Feature", "properties": { "name": "Delamere Forest", "category": "forests", "area_m2": 21123365.441858184, "category_cleaned": "forests", "iso_ids": [ "Manchester_90min", "Manchester_120min" ], "iso_joined": "Manchester_90min,Manchester_120min" }, "geometry": { "type": "Point", "coordinates": [ -2.684435200318842, 53.234451962754193 ] } },
{ "type": "Feature", "properties": { "name": "Denwan Moss", "category": "wetlands", "area_m2": 1835802.4174017832, "category_cleaned": "wetlands", "iso_ids": [ "Glasgow_30min", "Glasgow_60min", "Glasgow_90min", "Glasgow_120min" ], "iso_joined": "Glasgow_30min,Glasgow_60min,Glasgow_90min,Glasgow_120min" }, "geometry": { "type": "Point", "coordinates": [ -4.333375667923722, 55.696505318043371 ] } },
{ "type": "Feature", "properties": { "name": "Derwent Valley Mills WHS", "category": "protected_areas", "area_m2": 34867331.330329582, "category_cleaned": "protected_areas", "iso_ids": [ "Birmingham_120min", "Leeds_120min", "Sheffield_120min" ], "iso_joined": "Birmingham_120min,Leeds_120min,Sheffield_120min" }, "geometry": { "type": "Point", "coordinates": [ -1.493312998887258, 53.02216857978356 ] } },
{ "type": "Feature", "properties": { "name": "Dewsbury Country Park", "category": "parks", "area_m2": 2357727.9444790627, "category_cleaned": "parks", "iso_ids": [ "Manchester_120min", "Leeds_30min", "Leeds_60min", "Leeds_90min", "Leeds_120min", "Sheffield_90min", "Sheffield_120min" ], "iso_joined": "Manchester_120min,Leeds_30min,Leeds_60min,Leeds_90min,Leeds_120min,Sheffield_90min,Sheffield_120min" }, "geometry": { "type": "Point", "coordinates": [ -1.663332856947263, 53.688694235282803 ] } },
{ "type": "Feature", "properties": { "name": "Dinnington Community Woodland", "category": "parks", "area_m2": 1493111.5944793397, "category_cleaned": "parks", "iso_ids": [ "Sheffield_30min", "Sheffield_60min", "Sheffield_90min", "Sheffield_120min" ], "iso_joined": "Sheffield_30min,Sheffield_60min,Sheffield_90min,Sheffield_120min" }, "geometry": { "type": "Point", "coordinates": [ -1.22583029068509, 53.365703751201522 ] } },
{ "type": "Feature", "properties": { "name": "Down Wood", "category": "wood", "area_m2": 1185619.4014526873, "category_cleaned": "wood", "iso_ids": [ "London_90min", "London_120min" ], "iso_joined": "London_90min,London_120min" }, "geometry": { "type": "Point", "coordinates": [ 0.983440685937709, 51.23343561444571 ] } },
{ "type": "Feature", "properties": { "name": "Doxey Marshes", "category": "wetlands", "area_m2": 2550901.667905082, "category_cleaned": "wetlands", "iso_ids": [ "London_120min", "Manchester_90min", "Manchester_120min", "Birmingham_60min", "Birmingham_90min", "Birmingham_120min", "Sheffield_120min" ], "iso_joined": "London_120min,Manchester_90min,Manchester_120min,Birmingham_60min,Birmingham_90min,Birmingham_120min,Sheffield_120min" }, "geometry": { "type": "Point", "coordinates": [ -2.139957001110235, 52.816546785206647 ] } },
{ "type": "Feature", "properties": { "name": "Doxey Marshes Nature Reserve", "category": "nature_reserves", "area_m2": 2998335.0655162684, "category_cleaned": "nature_reserves", "iso_ids": [ "London_120min", "Manchester_90min", "Manchester_120min", "Birmingham_60min", "Birmingham_90min", "Birmingham_120min", "Sheffield_120min" ], "iso_joined": "London_120min,Manchester_90min,Manchester_120min,Birmingham_60min,Birmingham_90min,Birmingham_120min,Sheffield_120min" }, "geometry": { "type": "Point", "coordinates": [ -2.140625116561797, 52.817243418298844 ] } },
{ "type": "Feature", "properties": { "name": "Drinkwater Park", "category": "parks", "area_m2": 1753571.037887882, "category_cleaned": "parks", "iso_ids": [ "Manchester_30min", "Manchester_60min", "Manchester_90min", "Manchester_120min", "Leeds_120min", "Sheffield_120min" ], "iso_joined": "Manchester_30min,Manchester_60min,Manchester_90min,Manchester_120min,Leeds_120min,Sheffield_120min" }, "geometry": { "type": "Point", "coordinates": [ -2.29806925578781, 53.520947668872815 ] } },
{ "type": "Feature", "properties": { "name": "Drum Sands", "category": "beaches", "area_m2": 10809468.676263057, "category_cleaned": "beaches", "iso_ids": [ "Edinburgh_30min", "Edinburgh_60min", "Edinburgh_90min", "Edinburgh_120min" ], "iso_joined": "Edinburgh_30min,Edinburgh_60min,Edinburgh_90min,Edinburgh_120min" }, "geometry": { "type": "Point", "coordinates": [ -3.302368865925788, 55.989081712071581 ] } },
{ "type": "Feature", "properties": { "name": "Drumbreck Marsh Nature Reserve", "category": "nature_reserves", "area_m2": 3553668.6322235544, "category_cleaned": "nature_reserves", "iso_ids": [ "Edinburgh_60min", "Edinburgh_90min", "Edinburgh_120min", "Glasgow_30min", "Glasgow_60min", "Glasgow_90min", "Glasgow_120min" ], "iso_joined": "Edinburgh_60min,Edinburgh_90min,Edinburgh_120min,Glasgow_30min,Glasgow_60min,Glasgow_90min,Glasgow_120min" }, "geometry": { "type": "Point", "coordinates": [ -4.07336667412377, 55.969611261031481 ] } },
{ "type": "Feature", "properties": { "name": "Drumpellier Country Park", "category": "parks", "area_m2": 8416410.950972151, "category_cleaned": "parks", "iso_ids": [ "Edinburgh_90min", "Edinburgh_120min", "Glasgow_30min", "Glasgow_60min", "Glasgow_90min", "Glasgow_120min" ], "iso_joined": "Edinburgh_90min,Edinburgh_120min,Glasgow_30min,Glasgow_60min,Glasgow_90min,Glasgow_120min" }, "geometry": { "type": "Point", "coordinates": [ -4.065069274462565, 55.869419261321497 ] } },
{ "type": "Feature", "properties": { "name": "Dunkenhalgh Park", "category": "parks", "area_m2": 1561322.0032420866, "category_cleaned": "parks", "iso_ids": [ "Manchester_90min", "Manchester_120min" ], "iso_joined": "Manchester_90min,Manchester_120min" }, "geometry": { "type": "Point", "coordinates": [ -2.400504522847469, 53.765748229146062 ] } },
{ "type": "Feature", "properties": { "name": "Dyrham Park", "category": "parks", "area_m2": 2771472.6376185091, "category_cleaned": "parks", "iso_ids": [ "Bristol_30min", "Bristol_60min", "Bristol_90min", "Bristol_120min" ], "iso_joined": "Bristol_30min,Bristol_60min,Bristol_90min,Bristol_120min" }, "geometry": { "type": "Point", "coordinates": [ -2.368871661474969, 51.48071055866194 ] } },
{ "type": "Feature", "properties": { "name": "Eaglesham Moor", "category": "heaths", "area_m2": 591263817.70204926, "category_cleaned": "heaths", "iso_ids": [ "Glasgow_30min", "Glasgow_60min", "Glasgow_90min", "Glasgow_120min" ], "iso_joined": "Glasgow_30min,Glasgow_60min,Glasgow_90min,Glasgow_120min" }, "geometry": { "type": "Point", "coordinates": [ -4.319686943625982, 55.692825865362614 ] } },
{ "type": "Feature", "properties": { "name": "Earlswood Common", "category": "parks", "area_m2": 2222512.4560725451, "category_cleaned": "parks", "iso_ids": [ "London_90min", "London_120min" ], "iso_joined": "London_90min,London_120min" }, "geometry": { "type": "Point", "coordinates": [ -0.180062510924499, 51.223310142231121 ] } },
{ "type": "Feature", "properties": { "name": "Earnock Woods", "category": "wood", "area_m2": 1004151.7496229315, "category_cleaned": "wood", "iso_ids": [ "Edinburgh_120min", "Glasgow_30min", "Glasgow_60min", "Glasgow_90min", "Glasgow_120min" ], "iso_joined": "Edinburgh_120min,Glasgow_30min,Glasgow_60min,Glasgow_90min,Glasgow_120min" }, "geometry": { "type": "Point", "coordinates": [ -4.084374139496921, 55.763296498876137 ] } },
{ "type": "Feature", "properties": { "name": "East Broadmoss Woods", "category": "wood", "area_m2": 1042959.4957850574, "category_cleaned": "wood", "iso_ids": [ "Glasgow_30min", "Glasgow_60min", "Glasgow_90min", "Glasgow_120min" ], "iso_joined": "Glasgow_30min,Glasgow_60min,Glasgow_90min,Glasgow_120min" }, "geometry": { "type": "Point", "coordinates": [ -4.454761496857094, 55.692306524221117 ] } },
{ "type": "Feature", "properties": { "name": "Eastend Wood", "category": "wood", "area_m2": 1630819.9534373851, "category_cleaned": "wood", "iso_ids": [ "London_90min", "London_120min" ], "iso_joined": "London_90min,London_120min" }, "geometry": { "type": "Point", "coordinates": [ 0.269218461679184, 51.90269921686528 ] } },
{ "type": "Feature", "properties": { "name": "Eastville Park", "category": "parks", "area_m2": 1175094.1745205331, "category_cleaned": "parks", "iso_ids": [ "Birmingham_120min", "Bristol_30min", "Bristol_60min", "Bristol_90min", "Bristol_120min" ], "iso_joined": "Birmingham_120min,Bristol_30min,Bristol_60min,Bristol_90min,Bristol_120min" }, "geometry": { "type": "Point", "coordinates": [ -2.551364603690115, 51.477584859942837 ] } },
{ "type": "Feature", "properties": { "name": "Ecclesall Woods", "category": "forest_landuse", "area_m2": 3580696.4659581585, "category_cleaned": "forests", "iso_ids": [ "Manchester_90min", "Manchester_120min", "Leeds_90min", "Leeds_120min", "Sheffield_30min", "Sheffield_60min", "Sheffield_90min", "Sheffield_120min" ], "iso_joined": "Manchester_90min,Manchester_120min,Leeds_90min,Leeds_120min,Sheffield_30min,Sheffield_60min,Sheffield_90min,Sheffield_120min" }, "geometry": { "type": "Point", "coordinates": [ -1.51669558960418, 53.338093524464647 ] } },
{ "type": "Feature", "properties": { "name": "Eden Estuary Local Nature Reserve", "category": "nature_reserves", "area_m2": 31425086.008885656, "category_cleaned": "nature_reserves", "iso_ids": [ "Edinburgh_120min" ], "iso_joined": "Edinburgh_120min" }, "geometry": { "type": "Point", "coordinates": [ -2.838384503288864, 56.369623188575005 ] } },
{ "type": "Feature", "properties": { "name": "Edge Hill Wood", "category": "forest_landuse", "area_m2": 1978851.1527778204, "category_cleaned": "forests", "iso_ids": [ "Birmingham_30min", "Birmingham_60min", "Birmingham_90min", "Birmingham_120min" ], "iso_joined": "Birmingham_30min,Birmingham_60min,Birmingham_90min,Birmingham_120min" }, "geometry": { "type": "Point", "coordinates": [ -1.655982415797977, 52.576603410923454 ] } },
{ "type": "Feature", "properties": { "name": "Elmdon Park", "category": "parks", "area_m2": 1298070.5249634515, "category_cleaned": "parks", "iso_ids": [ "London_120min", "Manchester_120min", "Birmingham_30min", "Birmingham_60min", "Birmingham_90min", "Birmingham_120min" ], "iso_joined": "London_120min,Manchester_120min,Birmingham_30min,Birmingham_60min,Birmingham_90min,Birmingham_120min" }, "geometry": { "type": "Point", "coordinates": [ -1.766184406941625, 52.442241256496644 ] } },
{ "type": "Feature", "properties": { "name": "Epping Forest", "category": "protected_areas", "area_m2": 44755803.687981203, "category_cleaned": "protected_areas", "iso_ids": [ "London_60min", "London_90min", "London_120min" ], "iso_joined": "London_60min,London_90min,London_120min" }, "geometry": { "type": "Point", "coordinates": [ 0.045894721637954, 51.65359113235673 ] } },
{ "type": "Feature", "properties": { "name": "Epsom Downs", "category": "parks", "area_m2": 6358423.2226276211, "category_cleaned": "parks", "iso_ids": [ "London_90min", "London_120min" ], "iso_joined": "London_90min,London_120min" }, "geometry": { "type": "Point", "coordinates": [ -0.252260645517077, 51.308890892942799 ] } },
{ "type": "Feature", "properties": { "name": "Fairlop Waters Country Park", "category": "parks", "area_m2": 2892311.3498635367, "category_cleaned": "parks", "iso_ids": [ "London_60min", "London_90min", "London_120min" ], "iso_joined": "London_60min,London_90min,London_120min" }, "geometry": { "type": "Point", "coordinates": [ 0.099226538280841, 51.593103399836728 ] } },
{ "type": "Feature", "properties": { "name": "Farthing Downs", "category": "parks", "area_m2": 1301812.7593313395, "category_cleaned": "parks", "iso_ids": [ "London_90min", "London_120min" ], "iso_joined": "London_90min,London_120min" }, "geometry": { "type": "Point", "coordinates": [ -0.136447420449535, 51.305659477167929 ] } },
{ "type": "Feature", "properties": { "name": "Fenwick Moor", "category": "heaths", "area_m2": 28684293.416663889, "category_cleaned": "heaths", "iso_ids": [ "Glasgow_30min", "Glasgow_60min", "Glasgow_90min", "Glasgow_120min" ], "iso_joined": "Glasgow_30min,Glasgow_60min,Glasgow_90min,Glasgow_120min" }, "geometry": { "type": "Point", "coordinates": [ -4.431257298690762, 55.686281097733008 ] } },
{ "type": "Feature", "properties": { "name": "Fernyness Wood", "category": "wood", "area_m2": 1544388.0569915494, "category_cleaned": "wood", "iso_ids": [ "Edinburgh_90min", "Edinburgh_120min" ], "iso_joined": "Edinburgh_90min,Edinburgh_120min" }, "geometry": { "type": "Point", "coordinates": [ -2.890663743372796, 55.985538730954552 ] } },
{ "type": "Feature", "properties": { "name": "Ferry Marshes", "category": "wetlands", "area_m2": 1230361.5771225416, "category_cleaned": "wetlands", "iso_ids": [ "London_120min" ], "iso_joined": "London_120min" }, "geometry": { "type": "Point", "coordinates": [ 0.739268799243468, 51.391881186653187 ] } },
{ "type": "Feature", "properties": { "name": "Ferryhill Plantation", "category": "wood", "area_m2": 1010052.9292665919, "category_cleaned": "wood", "iso_ids": [ "Edinburgh_120min", "Glasgow_30min", "Glasgow_60min", "Glasgow_90min", "Glasgow_120min" ], "iso_joined": "Edinburgh_120min,Glasgow_30min,Glasgow_60min,Glasgow_90min,Glasgow_120min" }, "geometry": { "type": "Point", "coordinates": [ -4.564531803484312, 55.920944921413934 ] } },
{ "type": "Feature", "properties": { "name": "Fforest Fawr", "category": "forest_landuse", "area_m2": 2993298.2035221062, "category_cleaned": "forests", "iso_ids": [ "Bristol_90min", "Bristol_120min" ], "iso_joined": "Bristol_90min,Bristol_120min" }, "geometry": { "type": "Point", "coordinates": [ -3.249644209547867, 51.541813760602928 ] } },
{ "type": "Feature", "properties": { "name": "Finlaystone Country Estate", "category": "parks", "area_m2": 2808457.3225876102, "category_cleaned": "parks", "iso_ids": [ "Glasgow_30min", "Glasgow_60min", "Glasgow_90min", "Glasgow_120min" ], "iso_joined": "Glasgow_30min,Glasgow_60min,Glasgow_90min,Glasgow_120min" }, "geometry": { "type": "Point", "coordinates": [ -4.612686225659609, 55.925980069900248 ] } },
{ "type": "Feature", "properties": { "name": "Finsbury Park", "category": "parks", "area_m2": 1238221.6094461966, "category_cleaned": "parks", "iso_ids": [ "London_30min", "London_60min", "London_90min", "London_120min" ], "iso_joined": "London_30min,London_60min,London_90min,London_120min" }, "geometry": { "type": "Point", "coordinates": [ -0.101565788890727, 51.570614166641377 ] } },
{ "type": "Feature", "properties": { "name": "Fisherrow Sands", "category": "beaches", "area_m2": 3800957.8726427346, "category_cleaned": "beaches", "iso_ids": [ "Edinburgh_30min", "Edinburgh_60min", "Edinburgh_90min", "Edinburgh_120min", "Glasgow_90min", "Glasgow_120min" ], "iso_joined": "Edinburgh_30min,Edinburgh_60min,Edinburgh_90min,Edinburgh_120min,Glasgow_90min,Glasgow_120min" }, "geometry": { "type": "Point", "coordinates": [ -3.062744141803719, 55.950350203418679 ] } },
{ "type": "Feature", "properties": { "name": "Fitzwilliam Country Park", "category": "nature_reserves", "area_m2": 1820895.4976396998, "category_cleaned": "nature_reserves", "iso_ids": [ "Leeds_60min", "Leeds_90min", "Leeds_120min", "Sheffield_90min", "Sheffield_120min" ], "iso_joined": "Leeds_60min,Leeds_90min,Leeds_120min,Sheffield_90min,Sheffield_120min" }, "geometry": { "type": "Point", "coordinates": [ -1.362794350183918, 53.634985050925074 ] } },
{ "type": "Feature", "properties": { "name": "Forge Mill Lake Local Nature Reserve Black Country Geosite", "category": "nature_reserves", "area_m2": 2935530.7682900364, "category_cleaned": "nature_reserves", "iso_ids": [ "Manchester_120min", "Birmingham_30min", "Birmingham_60min", "Birmingham_90min", "Birmingham_120min" ], "iso_joined": "Manchester_120min,Birmingham_30min,Birmingham_60min,Birmingham_90min,Birmingham_120min" }, "geometry": { "type": "Point", "coordinates": [ -1.955302343738611, 52.534802304914827 ] } },
{ "type": "Feature", "properties": { "name": "Forge Woods", "category": "wood", "area_m2": 1133641.8874445977, "category_cleaned": "wood", "iso_ids": [ "Sheffield_30min", "Sheffield_60min", "Sheffield_90min", "Sheffield_120min" ], "iso_joined": "Sheffield_30min,Sheffield_60min,Sheffield_90min,Sheffield_120min" }, "geometry": { "type": "Point", "coordinates": [ -1.55879934693464, 53.487197700954503 ] } },
{ "type": "Feature", "properties": { "name": "Fox Hagg", "category": "wood", "area_m2": 1442718.5672078433, "category_cleaned": "wood", "iso_ids": [ "Sheffield_30min", "Sheffield_60min", "Sheffield_90min", "Sheffield_120min" ], "iso_joined": "Sheffield_30min,Sheffield_60min,Sheffield_90min,Sheffield_120min" }, "geometry": { "type": "Point", "coordinates": [ -1.578516543733072, 53.375018130829936 ] } },
{ "type": "Feature", "properties": { "name": "Fox Holes Plantation", "category": "wood", "area_m2": 2549685.4854103085, "category_cleaned": "wood", "iso_ids": [ "Sheffield_30min", "Sheffield_60min", "Sheffield_90min", "Sheffield_120min" ], "iso_joined": "Sheffield_30min,Sheffield_60min,Sheffield_90min,Sheffield_120min" }, "geometry": { "type": "Point", "coordinates": [ -1.599531994170861, 53.378666969118605 ] } },
{ "type": "Feature", "properties": { "name": "Fryent Country Park", "category": "parks", "area_m2": 2742971.6575232567, "category_cleaned": "parks", "iso_ids": [ "London_60min", "London_90min", "London_120min" ], "iso_joined": "London_60min,London_90min,London_120min" }, "geometry": { "type": "Point", "coordinates": [ -0.275445508033628, 51.57644727811109 ] } },
{ "type": "Feature", "properties": { "name": "Gladstone Park", "category": "parks", "area_m2": 1008057.257770161, "category_cleaned": "parks", "iso_ids": [ "London_30min", "London_60min", "London_90min", "London_120min" ], "iso_joined": "London_30min,London_60min,London_90min,London_120min" }, "geometry": { "type": "Point", "coordinates": [ -0.236245894229482, 51.557571187450698 ] } },
{ "type": "Feature", "properties": { "name": "Glamorganshire Canal Local Nature Reserve", "category": "nature_reserves", "area_m2": 1073824.3393211071, "category_cleaned": "nature_reserves", "iso_ids": [ "Bristol_90min", "Bristol_120min" ], "iso_joined": "Bristol_90min,Bristol_120min" }, "geometry": { "type": "Point", "coordinates": [ -3.245856217001928, 51.523036911098494 ] } },
{ "type": "Feature", "properties": { "name": "Glasgow Green", "category": "parks", "area_m2": 1683056.4092786557, "category_cleaned": "parks", "iso_ids": [ "Edinburgh_90min", "Edinburgh_120min", "Glasgow_30min", "Glasgow_60min", "Glasgow_90min", "Glasgow_120min" ], "iso_joined": "Edinburgh_90min,Edinburgh_120min,Glasgow_30min,Glasgow_60min,Glasgow_90min,Glasgow_120min" }, "geometry": { "type": "Point", "coordinates": [ -4.236841034302484, 55.848054588230205 ] } },
{ "type": "Feature", "properties": { "name": "Gleniffer Braes Country Park", "category": "parks", "area_m2": 15565111.810076239, "category_cleaned": "parks", "iso_ids": [ "Glasgow_30min", "Glasgow_60min", "Glasgow_90min", "Glasgow_120min" ], "iso_joined": "Glasgow_30min,Glasgow_60min,Glasgow_90min,Glasgow_120min" }, "geometry": { "type": "Point", "coordinates": [ -4.450794436618687, 55.812308481678826 ] } },
{ "type": "Feature", "properties": { "name": "Glenouther Moor", "category": "forest_landuse", "area_m2": 10494797.964252712, "category_cleaned": "forests", "iso_ids": [ "Glasgow_30min", "Glasgow_60min", "Glasgow_90min", "Glasgow_120min" ], "iso_joined": "Glasgow_30min,Glasgow_60min,Glasgow_90min,Glasgow_120min" }, "geometry": { "type": "Point", "coordinates": [ -4.422719144096311, 55.709702296414115 ] } },
{ "type": "Feature", "properties": { "name": "Goss Bushes", "category": "wood", "area_m2": 1781623.0173274823, "category_cleaned": "wood", "iso_ids": [ "London_60min", "London_90min", "London_120min" ], "iso_joined": "London_60min,London_90min,London_120min" }, "geometry": { "type": "Point", "coordinates": [ 0.146750928304036, 51.340675581909281 ] } },
{ "type": "Feature", "properties": { "name": "Graves Park", "category": "parks", "area_m2": 2235732.9666140261, "category_cleaned": "parks", "iso_ids": [ "Manchester_90min", "Manchester_120min", "Leeds_90min", "Leeds_120min", "Sheffield_30min", "Sheffield_60min", "Sheffield_90min", "Sheffield_120min" ], "iso_joined": "Manchester_90min,Manchester_120min,Leeds_90min,Leeds_120min,Sheffield_30min,Sheffield_60min,Sheffield_90min,Sheffield_120min" }, "geometry": { "type": "Point", "coordinates": [ -1.472072546830739, 53.336358105072485 ] } },
{ "type": "Feature", "properties": { "name": "Great Barnets Wood", "category": "wood", "area_m2": 2140125.502852994, "category_cleaned": "wood", "iso_ids": [ "Bristol_30min", "Bristol_60min", "Bristol_90min", "Bristol_120min" ], "iso_joined": "Bristol_30min,Bristol_60min,Bristol_90min,Bristol_120min" }, "geometry": { "type": "Point", "coordinates": [ -2.705777665794184, 51.642132217292975 ] } },
{ "type": "Feature", "properties": { "name": "Great Bookham Common", "category": "nature_reserves", "area_m2": 3462077.0075379326, "category_cleaned": "nature_reserves", "iso_ids": [ "London_90min", "London_120min" ], "iso_joined": "London_90min,London_120min" }, "geometry": { "type": "Point", "coordinates": [ -0.381359160417614, 51.295877961976345 ] } },
{ "type": "Feature", "properties": { "name": "Green Park", "category": "parks", "area_m2": 1426345.754201205, "category_cleaned": "parks", "iso_ids": [ "Manchester_120min", "Leeds_30min", "Leeds_60min", "Leeds_90min", "Leeds_120min", "Sheffield_90min", "Sheffield_120min" ], "iso_joined": "Manchester_120min,Leeds_30min,Leeds_60min,Leeds_90min,Leeds_120min,Sheffield_90min,Sheffield_120min" }, "geometry": { "type": "Point", "coordinates": [ -1.43468929221796, 53.801608431873426 ] } },
{ "type": "Feature", "properties": { "name": "Greenbank Gardens", "category": "parks", "area_m2": 1002965.4111696315, "category_cleaned": "parks", "iso_ids": [ "Edinburgh_120min", "Glasgow_30min", "Glasgow_60min", "Glasgow_90min", "Glasgow_120min" ], "iso_joined": "Edinburgh_120min,Glasgow_30min,Glasgow_60min,Glasgow_90min,Glasgow_120min" }, "geometry": { "type": "Point", "coordinates": [ -4.2978613105135, 55.7818167000923 ] } },
{ "type": "Feature", "properties": { "name": "Greenwich Park", "category": "parks", "area_m2": 1926668.4781811815, "category_cleaned": "parks", "iso_ids": [ "London_60min", "London_90min", "London_120min" ], "iso_joined": "London_60min,London_90min,London_120min" }, "geometry": { "type": "Point", "coordinates": [ 0.000949445318702, 51.477213199984604 ] } },
{ "type": "Feature", "properties": { "name": "Greno Wood (Nature Reserve)", "category": "forest_landuse", "area_m2": 7132310.7920340477, "category_cleaned": "forests", "iso_ids": [ "Manchester_120min", "Leeds_90min", "Leeds_120min", "Sheffield_30min", "Sheffield_60min", "Sheffield_90min", "Sheffield_120min" ], "iso_joined": "Manchester_120min,Leeds_90min,Leeds_120min,Sheffield_30min,Sheffield_60min,Sheffield_90min,Sheffield_120min" }, "geometry": { "type": "Point", "coordinates": [ -1.504785390845147, 53.456891305479807 ] } },
{ "type": "Feature", "properties": { "name": "Grovelands Park", "category": "parks", "area_m2": 1282139.438536098, "category_cleaned": "parks", "iso_ids": [ "London_30min", "London_60min", "London_90min", "London_120min" ], "iso_joined": "London_30min,London_60min,London_90min,London_120min" }, "geometry": { "type": "Point", "coordinates": [ -0.11496458688619, 51.632769135944571 ] } },
{ "type": "Feature", "properties": { "name": "Gunnersbury Park", "category": "parks", "area_m2": 1930454.4110576618, "category_cleaned": "parks", "iso_ids": [ "London_60min", "London_90min", "London_120min" ], "iso_joined": "London_60min,London_90min,London_120min" }, "geometry": { "type": "Point", "coordinates": [ -0.290806222858282, 51.497238116577314 ] } },
{ "type": "Feature", "properties": { "name": "Hackney Marshes", "category": "parks", "area_m2": 2461233.4381467695, "category_cleaned": "parks", "iso_ids": [ "London_30min", "London_60min", "London_90min", "London_120min" ], "iso_joined": "London_30min,London_60min,London_90min,London_120min" }, "geometry": { "type": "Point", "coordinates": [ -0.028895854937717, 51.556461008921048 ] } },
{ "type": "Feature", "properties": { "name": "Hadleigh Castle Country Park", "category": "parks", "area_m2": 4036324.3244571886, "category_cleaned": "parks", "iso_ids": [ "London_90min", "London_120min" ], "iso_joined": "London_90min,London_120min" }, "geometry": { "type": "Point", "coordinates": [ 0.586798826389803, 51.542950383221232 ] } },
{ "type": "Feature", "properties": { "name": "Hagley Park", "category": "parks", "area_m2": 2452256.2625811873, "category_cleaned": "parks", "iso_ids": [ "Birmingham_30min", "Birmingham_60min", "Birmingham_90min", "Birmingham_120min" ], "iso_joined": "Birmingham_30min,Birmingham_60min,Birmingham_90min,Birmingham_120min" }, "geometry": { "type": "Point", "coordinates": [ -2.11296602049751, 52.425027387991534 ] } },
{ "type": "Feature", "properties": { "name": "Hagley Wood", "category": "forest_landuse", "area_m2": 1115366.0290543155, "category_cleaned": "forests", "iso_ids": [ "Birmingham_30min", "Birmingham_60min", "Birmingham_90min", "Birmingham_120min" ], "iso_joined": "Birmingham_30min,Birmingham_60min,Birmingham_90min,Birmingham_120min" }, "geometry": { "type": "Point", "coordinates": [ -2.095289296696865, 52.430419826032576 ] } },
{ "type": "Feature", "properties": { "name": "Haigh Lower Plantations", "category": "wood", "area_m2": 1293700.6409149892, "category_cleaned": "wood", "iso_ids": [ "Manchester_60min", "Manchester_90min", "Manchester_120min", "Birmingham_120min", "Leeds_120min" ], "iso_joined": "Manchester_60min,Manchester_90min,Manchester_120min,Birmingham_120min,Leeds_120min" }, "geometry": { "type": "Point", "coordinates": [ -2.622535405509767, 53.558723967800454 ] } },
{ "type": "Feature", "properties": { "name": "Halewood Park Triangle", "category": "parks", "area_m2": 1143296.4016291525, "category_cleaned": "parks", "iso_ids": [ "Manchester_60min", "Manchester_90min", "Manchester_120min", "Sheffield_120min" ], "iso_joined": "Manchester_60min,Manchester_90min,Manchester_120min,Sheffield_120min" }, "geometry": { "type": "Point", "coordinates": [ -2.844489763171449, 53.367882463547843 ] } },
{ "type": "Feature", "properties": { "name": "Ham Street Woods National Nature Reserve", "category": "nature_reserves", "area_m2": 3278421.3980194121, "category_cleaned": "nature_reserves", "iso_ids": [ "London_120min" ], "iso_joined": "London_120min" }, "geometry": { "type": "Point", "coordinates": [ 0.869030554473523, 51.071106292232322 ] } },
{ "type": "Feature", "properties": { "name": "Hambledon Hurst", "category": "wood", "area_m2": 3608781.2525687376, "category_cleaned": "wood", "iso_ids": [ "London_120min" ], "iso_joined": "London_120min" }, "geometry": { "type": "Point", "coordinates": [ -0.623691236346442, 51.126710693614868 ] } },
{ "type": "Feature", "properties": { "name": "Hampstead Heath", "category": "parks", "area_m2": 5954615.9607819747, "category_cleaned": "parks", "iso_ids": [ "London_30min", "London_60min", "London_90min", "London_120min" ], "iso_joined": "London_30min,London_60min,London_90min,London_120min" }, "geometry": { "type": "Point", "coordinates": [ -0.164868252433445, 51.564000325071284 ] } },
{ "type": "Feature", "properties": { "name": "Hampton Court Park", "category": "parks", "area_m2": 5220095.7435753169, "category_cleaned": "parks", "iso_ids": [ "London_60min", "London_90min", "London_120min" ], "iso_joined": "London_60min,London_90min,London_120min" }, "geometry": { "type": "Point", "coordinates": [ -0.323472462117176, 51.401340039201351 ] } },
{ "type": "Feature", "properties": { "name": "Harlow Town Park", "category": "parks", "area_m2": 1155099.7391603969, "category_cleaned": "parks", "iso_ids": [ "London_90min", "London_120min" ], "iso_joined": "London_90min,London_120min" }, "geometry": { "type": "Point", "coordinates": [ 0.100549271748158, 51.777795836332672 ] } },
{ "type": "Feature", "properties": { "name": "Harpenden Common", "category": "parks", "area_m2": 2450609.1163958348, "category_cleaned": "parks", "iso_ids": [ "London_60min", "London_90min", "London_120min" ], "iso_joined": "London_60min,London_90min,London_120min" }, "geometry": { "type": "Point", "coordinates": [ -0.349322990013648, 51.802387458012639 ] } },
{ "type": "Feature", "properties": { "name": "Harris Wood", "category": "wood", "area_m2": 1987770.7011731062, "category_cleaned": "wood", "iso_ids": [ "Bristol_30min", "Bristol_60min", "Bristol_90min", "Bristol_120min" ], "iso_joined": "Bristol_30min,Bristol_60min,Bristol_90min,Bristol_120min" }, "geometry": { "type": "Point", "coordinates": [ -2.445548560438865, 51.624851526373462 ] } },
{ "type": "Feature", "properties": { "name": "Harrow Lodge Park", "category": "parks", "area_m2": 1414033.5420401879, "category_cleaned": "parks", "iso_ids": [ "London_60min", "London_90min", "London_120min" ], "iso_joined": "London_60min,London_90min,London_120min" }, "geometry": { "type": "Point", "coordinates": [ 0.20132796176956, 51.557617628318312 ] } },
{ "type": "Feature", "properties": { "name": "Hartfield Moss", "category": "forest_landuse", "area_m2": 2673008.9129386931, "category_cleaned": "forests", "iso_ids": [ "Glasgow_30min", "Glasgow_60min", "Glasgow_90min", "Glasgow_120min" ], "iso_joined": "Glasgow_30min,Glasgow_60min,Glasgow_90min,Glasgow_120min" }, "geometry": { "type": "Point", "coordinates": [ -4.522907850440926, 55.781225327168734 ] } },
{ "type": "Feature", "properties": { "name": "Hatfield Park", "category": "parks", "area_m2": 7295239.8465403179, "category_cleaned": "parks", "iso_ids": [ "London_60min", "London_90min", "London_120min" ], "iso_joined": "London_60min,London_90min,London_120min" }, "geometry": { "type": "Point", "coordinates": [ -0.199730629341339, 51.757320054333839 ] } },
{ "type": "Feature", "properties": { "name": "Hayes Common", "category": "wood", "area_m2": 2407284.6931547518, "category_cleaned": "wood", "iso_ids": [ "London_90min", "London_120min" ], "iso_joined": "London_90min,London_120min" }, "geometry": { "type": "Point", "coordinates": [ 0.019459665445621, 51.368232619193101 ] } },
{ "type": "Feature", "properties": { "name": "Hearton Wood", "category": "forest_landuse", "area_m2": 2490857.7952129901, "category_cleaned": "forests", "iso_ids": [ "London_120min" ], "iso_joined": "London_120min" }, "geometry": { "type": "Point", "coordinates": [ -0.815116226821715, 51.659642768276541 ] } },
{ "type": "Feature", "properties": { "name": "Heath Common", "category": "heaths", "area_m2": 1122745.6158846137, "category_cleaned": "heaths", "iso_ids": [ "Manchester_120min", "Leeds_30min", "Leeds_60min", "Leeds_90min", "Leeds_120min", "Sheffield_60min", "Sheffield_90min", "Sheffield_120min" ], "iso_joined": "Manchester_120min,Leeds_30min,Leeds_60min,Leeds_90min,Leeds_120min,Sheffield_60min,Sheffield_90min,Sheffield_120min" }, "geometry": { "type": "Point", "coordinates": [ -1.461618317847512, 53.670715075657142 ] } },
{ "type": "Feature", "properties": { "name": "Heath Park", "category": "parks", "area_m2": 1108343.6629547642, "category_cleaned": "parks", "iso_ids": [ "Bristol_90min", "Bristol_120min" ], "iso_joined": "Bristol_90min,Bristol_120min" }, "geometry": { "type": "Point", "coordinates": [ -3.187598869883844, 51.511774736762455 ] } },
{ "type": "Feature", "properties": { "name": "Heaton Park", "category": "parks", "area_m2": 7023809.2660865244, "category_cleaned": "parks", "iso_ids": [ "Manchester_30min", "Manchester_60min", "Manchester_90min", "Manchester_120min", "Leeds_120min", "Sheffield_120min" ], "iso_joined": "Manchester_30min,Manchester_60min,Manchester_90min,Manchester_120min,Leeds_120min,Sheffield_120min" }, "geometry": { "type": "Point", "coordinates": [ -2.254855394897899, 53.535062571640537 ] } },
{ "type": "Feature", "properties": { "name": "Hednesford Hills", "category": "protected_areas", "area_m2": 3639704.4195237858, "category_cleaned": "protected_areas", "iso_ids": [ "Birmingham_90min", "Birmingham_120min" ], "iso_joined": "Birmingham_90min,Birmingham_120min" }, "geometry": { "type": "Point", "coordinates": [ -1.985264474013435, 52.710127856232369 ] } },
{ "type": "Feature", "properties": { "name": "Hencliff Wood", "category": "wood", "area_m2": 1597605.1182046181, "category_cleaned": "wood", "iso_ids": [ "Birmingham_120min", "Bristol_30min", "Bristol_60min", "Bristol_90min", "Bristol_120min" ], "iso_joined": "Birmingham_120min,Bristol_30min,Bristol_60min,Bristol_90min,Bristol_120min" }, "geometry": { "type": "Point", "coordinates": [ -2.524991723434918, 51.439738406549957 ] } },
{ "type": "Feature", "properties": { "name": "Hengrove Park", "category": "parks", "area_m2": 1410482.1779757596, "category_cleaned": "parks", "iso_ids": [ "Bristol_30min", "Bristol_60min", "Bristol_90min", "Bristol_120min" ], "iso_joined": "Bristol_30min,Bristol_60min,Bristol_90min,Bristol_120min" }, "geometry": { "type": "Point", "coordinates": [ -2.583102860246548, 51.414828522334993 ] } },
{ "type": "Feature", "properties": { "name": "Hermitage of Braid and Blackford Hill Local Nature Reserve", "category": "protected_areas", "area_m2": 2161459.6212528516, "category_cleaned": "protected_areas", "iso_ids": [ "Edinburgh_30min", "Edinburgh_60min", "Edinburgh_90min", "Edinburgh_120min", "Glasgow_90min", "Glasgow_120min" ], "iso_joined": "Edinburgh_30min,Edinburgh_60min,Edinburgh_90min,Edinburgh_120min,Glasgow_90min,Glasgow_120min" }, "geometry": { "type": "Point", "coordinates": [ -3.193513860711577, 55.921384870129806 ] } },
{ "type": "Feature", "properties": { "name": "Hesley Wood", "category": "wood", "area_m2": 2313146.7090703482, "category_cleaned": "wood", "iso_ids": [ "Manchester_120min", "Leeds_90min", "Leeds_120min", "Sheffield_30min", "Sheffield_60min", "Sheffield_90min", "Sheffield_120min" ], "iso_joined": "Manchester_120min,Leeds_90min,Leeds_120min,Sheffield_30min,Sheffield_60min,Sheffield_90min,Sheffield_120min" }, "geometry": { "type": "Point", "coordinates": [ -1.456278828792433, 53.465228738198284 ] } },
{ "type": "Feature", "properties": { "name": "High Weald National Landscape", "category": "protected_areas", "area_m2": 3696664234.7667894, "category_cleaned": "protected_areas", "iso_ids": [ ], "iso_joined": null }, "geometry": { "type": "Point", "coordinates": [ 0.307758795627658, 51.033849069890024 ] } },
{ "type": "Feature", "properties": { "name": "High Wood", "category": "wood", "area_m2": 2363175.4370947061, "category_cleaned": "wood", "iso_ids": [ "Leeds_30min", "Leeds_60min", "Leeds_90min", "Leeds_120min", "Sheffield_60min", "Sheffield_90min", "Sheffield_120min" ], "iso_joined": "Leeds_30min,Leeds_60min,Leeds_90min,Leeds_120min,Sheffield_60min,Sheffield_90min,Sheffield_120min" }, "geometry": { "type": "Point", "coordinates": [ -1.566886345007514, 53.592656953706566 ] } },
{ "type": "Feature", "properties": { "name": "High Woods Country Park", "category": "parks", "area_m2": 3971617.0200070022, "category_cleaned": "parks", "iso_ids": [ "London_90min", "London_120min" ], "iso_joined": "London_90min,London_120min" }, "geometry": { "type": "Point", "coordinates": [ 0.911048747504339, 51.906764534480736 ] } },
{ "type": "Feature", "properties": { "name": "Hillend Country Park", "category": "protected_areas", "area_m2": 1288495.2315066971, "category_cleaned": "protected_areas", "iso_ids": [ "Edinburgh_30min", "Edinburgh_60min", "Edinburgh_90min", "Edinburgh_120min" ], "iso_joined": "Edinburgh_30min,Edinburgh_60min,Edinburgh_90min,Edinburgh_120min" }, "geometry": { "type": "Point", "coordinates": [ -3.2076611479319, 55.886004920398427 ] } },
{ "type": "Feature", "properties": { "name": "Hogganfield Park and Local Nature Reserve", "category": "nature_reserves", "area_m2": 1992906.352250295, "category_cleaned": "nature_reserves", "iso_ids": [ "Edinburgh_90min", "Edinburgh_120min", "Glasgow_30min", "Glasgow_60min", "Glasgow_90min", "Glasgow_120min" ], "iso_joined": "Edinburgh_90min,Edinburgh_120min,Glasgow_30min,Glasgow_60min,Glasgow_90min,Glasgow_120min" }, "geometry": { "type": "Point", "coordinates": [ -4.169330732027633, 55.878804931743588 ] } },
{ "type": "Feature", "properties": { "name": "Hogsmill Open Space", "category": "protected_areas", "area_m2": 1164953.5307534097, "category_cleaned": "protected_areas", "iso_ids": [ "London_60min", "London_90min", "London_120min" ], "iso_joined": "London_60min,London_90min,London_120min" }, "geometry": { "type": "Point", "coordinates": [ -0.263350737432485, 51.359773561451114 ] } },
{ "type": "Feature", "properties": { "name": "Holly Hurst", "category": "wood", "area_m2": 1633505.6409728117, "category_cleaned": "wood", "iso_ids": [ "Manchester_120min", "Birmingham_30min", "Birmingham_60min", "Birmingham_90min", "Birmingham_120min" ], "iso_joined": "Manchester_120min,Birmingham_30min,Birmingham_60min,Birmingham_90min,Birmingham_120min" }, "geometry": { "type": "Point", "coordinates": [ -1.84432146940668, 52.56342862571973 ] } },
{ "type": "Feature", "properties": { "name": "Holmesfield Park Wood", "category": "wood", "area_m2": 1051881.7241049618, "category_cleaned": "wood", "iso_ids": [ "Manchester_90min", "Manchester_120min", "Leeds_90min", "Leeds_120min", "Sheffield_30min", "Sheffield_60min", "Sheffield_90min", "Sheffield_120min" ], "iso_joined": "Manchester_90min,Manchester_120min,Leeds_90min,Leeds_120min,Sheffield_30min,Sheffield_60min,Sheffield_90min,Sheffield_120min" }, "geometry": { "type": "Point", "coordinates": [ -1.522843656211463, 53.301177618096766 ] } },
{ "type": "Feature", "properties": { "name": "Holyrood Park", "category": "parks", "area_m2": 8647681.7620944791, "category_cleaned": "parks", "iso_ids": [ "Edinburgh_30min", "Edinburgh_60min", "Edinburgh_90min", "Edinburgh_120min", "Glasgow_90min", "Glasgow_120min" ], "iso_joined": "Edinburgh_30min,Edinburgh_60min,Edinburgh_90min,Edinburgh_120min,Glasgow_90min,Glasgow_120min" }, "geometry": { "type": "Point", "coordinates": [ -3.161520189976148, 55.946032419107645 ] } },
{ "type": "Feature", "properties": { "name": "Home Park", "category": "protected_areas", "area_m2": 8481463.4929310493, "category_cleaned": "protected_areas", "iso_ids": [ "London_90min", "London_120min" ], "iso_joined": "London_90min,London_120min" }, "geometry": { "type": "Point", "coordinates": [ -0.594619399474483, 51.478467861496682 ] } },
{ "type": "Feature", "properties": { "name": "Home Park", "category": "wood", "area_m2": 2176079.6892953031, "category_cleaned": "wood", "iso_ids": [ "London_60min", "London_90min", "London_120min" ], "iso_joined": "London_60min,London_90min,London_120min" }, "geometry": { "type": "Point", "coordinates": [ -0.200461337550862, 51.767968926302814 ] } },
{ "type": "Feature", "properties": { "name": "Hook Common", "category": "protected_areas", "area_m2": 8488958.83227209, "category_cleaned": "protected_areas", "iso_ids": [ "London_90min", "London_120min" ], "iso_joined": "London_90min,London_120min" }, "geometry": { "type": "Point", "coordinates": [ -0.96875025260994, 51.270509127211895 ] } },
{ "type": "Feature", "properties": { "name": "Horsenden Hill Open Space", "category": "parks", "area_m2": 1150688.0107404653, "category_cleaned": "parks", "iso_ids": [ "London_60min", "London_90min", "London_120min" ], "iso_joined": "London_60min,London_90min,London_120min" }, "geometry": { "type": "Point", "coordinates": [ -0.332921469879555, 51.54566416087485 ] } },
{ "type": "Feature", "properties": { "name": "Houndkirk Moor", "category": "heaths", "area_m2": 5702778.0940070739, "category_cleaned": "heaths", "iso_ids": [ "Sheffield_30min", "Sheffield_60min", "Sheffield_90min", "Sheffield_120min" ], "iso_joined": "Sheffield_30min,Sheffield_60min,Sheffield_90min,Sheffield_120min" }, "geometry": { "type": "Point", "coordinates": [ -1.578236765788776, 53.330518557573839 ] } },
{ "type": "Feature", "properties": { "name": "Hounslow Heath", "category": "nature_reserves", "area_m2": 2293804.9674819051, "category_cleaned": "nature_reserves", "iso_ids": [ "London_60min", "London_90min", "London_120min" ], "iso_joined": "London_60min,London_90min,London_120min" }, "geometry": { "type": "Point", "coordinates": [ -0.38563617925683, 51.456774379136348 ] } },
{ "type": "Feature", "properties": { "name": "Houston Wood", "category": "forest_landuse", "area_m2": 1397644.1830429418, "category_cleaned": "forests", "iso_ids": [ "Glasgow_30min", "Glasgow_60min", "Glasgow_90min", "Glasgow_120min" ], "iso_joined": "Glasgow_30min,Glasgow_60min,Glasgow_90min,Glasgow_120min" }, "geometry": { "type": "Point", "coordinates": [ -4.537173383191504, 55.872234885303307 ] } },
{ "type": "Feature", "properties": { "name": "Hugset Wood", "category": "wood", "area_m2": 1564454.1092903507, "category_cleaned": "wood", "iso_ids": [ "Manchester_120min", "Leeds_30min", "Leeds_60min", "Leeds_90min", "Leeds_120min", "Sheffield_30min", "Sheffield_60min", "Sheffield_90min", "Sheffield_120min" ], "iso_joined": "Manchester_120min,Leeds_30min,Leeds_60min,Leeds_90min,Leeds_120min,Sheffield_30min,Sheffield_60min,Sheffield_90min,Sheffield_120min" }, "geometry": { "type": "Point", "coordinates": [ -1.54313046023894, 53.556928873741818 ] } },
{ "type": "Feature", "properties": { "name": "Hulton Park", "category": "parks", "area_m2": 7238119.9054311989, "category_cleaned": "parks", "iso_ids": [ "Manchester_30min", "Manchester_60min", "Manchester_90min", "Manchester_120min", "Leeds_120min", "Sheffield_120min" ], "iso_joined": "Manchester_30min,Manchester_60min,Manchester_90min,Manchester_120min,Leeds_120min,Sheffield_120min" }, "geometry": { "type": "Point", "coordinates": [ -2.485577189610388, 53.541616152730526 ] } },
{ "type": "Feature", "properties": { "name": "Hyde Park", "category": "parks", "area_m2": 3582007.9066668586, "category_cleaned": "parks", "iso_ids": [ "London_30min", "London_60min", "London_90min", "London_120min" ], "iso_joined": "London_30min,London_60min,London_90min,London_120min" }, "geometry": { "type": "Point", "coordinates": [ -0.163682268991523, 51.506854918428836 ] } },
{ "type": "Feature", "properties": { "name": "Ilkley Moor", "category": "heaths", "area_m2": 25176156.393321466, "category_cleaned": "heaths", "iso_ids": [ "Manchester_120min", "Leeds_60min", "Leeds_90min", "Leeds_120min", "Sheffield_90min", "Sheffield_120min" ], "iso_joined": "Manchester_120min,Leeds_60min,Leeds_90min,Leeds_120min,Sheffield_90min,Sheffield_120min" }, "geometry": { "type": "Point", "coordinates": [ -1.833029803297024, 53.910738686581858 ] } },
{ "type": "Feature", "properties": { "name": "In Wood", "category": "wood", "area_m2": 1203940.4046405004, "category_cleaned": "wood", "iso_ids": [ "London_60min", "London_90min", "London_120min" ], "iso_joined": "London_60min,London_90min,London_120min" }, "geometry": { "type": "Point", "coordinates": [ -0.114797822525761, 51.313455376399794 ] } },
{ "type": "Feature", "properties": { "name": "Ingrebourne Hill", "category": "parks", "area_m2": 2080921.9177130542, "category_cleaned": "parks", "iso_ids": [ "London_60min", "London_90min", "London_120min" ], "iso_joined": "London_60min,London_90min,London_120min" }, "geometry": { "type": "Point", "coordinates": [ 0.197610093842693, 51.528075882682209 ] } },
{ "type": "Feature", "properties": { "name": "Inverleith Conservation Area", "category": "protected_areas", "area_m2": 6251731.4538287027, "category_cleaned": "protected_areas", "iso_ids": [ "Edinburgh_30min", "Edinburgh_60min", "Edinburgh_90min", "Edinburgh_120min", "Glasgow_90min", "Glasgow_120min" ], "iso_joined": "Edinburgh_30min,Edinburgh_60min,Edinburgh_90min,Edinburgh_120min,Glasgow_90min,Glasgow_120min" }, "geometry": { "type": "Point", "coordinates": [ -3.215287986127281, 55.965610591947637 ] } },
{ "type": "Feature", "properties": { "name": "Irvine Beach Park", "category": "parks", "area_m2": 1418528.8916411863, "category_cleaned": "parks", "iso_ids": [ "Glasgow_90min", "Glasgow_120min" ], "iso_joined": "Glasgow_90min,Glasgow_120min" }, "geometry": { "type": "Point", "coordinates": [ -4.685726828845388, 55.603890265809348 ] } },
{ "type": "Feature", "properties": { "name": "Judy Woods", "category": "wood", "area_m2": 1905170.78383173, "category_cleaned": "wood", "iso_ids": [ "Manchester_90min", "Manchester_120min", "Leeds_30min", "Leeds_60min", "Leeds_90min", "Leeds_120min", "Sheffield_120min" ], "iso_joined": "Manchester_90min,Manchester_120min,Leeds_30min,Leeds_60min,Leeds_90min,Leeds_120min,Sheffield_120min" }, "geometry": { "type": "Point", "coordinates": [ -1.788643617892157, 53.745262189529377 ] } },
{ "type": "Feature", "properties": { "name": "Kelvingrove Park", "category": "parks", "area_m2": 1103442.1489060046, "category_cleaned": "parks", "iso_ids": [ "Edinburgh_90min", "Edinburgh_120min", "Glasgow_30min", "Glasgow_60min", "Glasgow_90min", "Glasgow_120min" ], "iso_joined": "Edinburgh_90min,Edinburgh_120min,Glasgow_30min,Glasgow_60min,Glasgow_90min,Glasgow_120min" }, "geometry": { "type": "Point", "coordinates": [ -4.285960114353383, 55.869129847362906 ] } },
{ "type": "Feature", "properties": { "name": "Kensington Gardens", "category": "parks", "area_m2": 2825704.2642444572, "category_cleaned": "parks", "iso_ids": [ "London_30min", "London_60min", "London_90min", "London_120min" ], "iso_joined": "London_30min,London_60min,London_90min,London_120min" }, "geometry": { "type": "Point", "coordinates": [ -0.180045452332365, 51.50666134294277 ] } },
{ "type": "Feature", "properties": { "name": "Kent Downs National Landscape", "category": "protected_areas", "area_m2": 2242567078.9298878, "category_cleaned": "protected_areas", "iso_ids": [ "London_90min", "London_120min" ], "iso_joined": "London_90min,London_120min" }, "geometry": { "type": "Point", "coordinates": [ 0.739020519936372, 51.237139486136279 ] } },
{ "type": "Feature", "properties": { "name": "Killingbeck Fields", "category": "nature_reserves", "area_m2": 1221387.0026575229, "category_cleaned": "nature_reserves", "iso_ids": [ "Leeds_30min", "Leeds_60min", "Leeds_90min", "Leeds_120min", "Sheffield_90min", "Sheffield_120min" ], "iso_joined": "Leeds_30min,Leeds_60min,Leeds_90min,Leeds_120min,Sheffield_90min,Sheffield_120min" }, "geometry": { "type": "Point", "coordinates": [ -1.483332973318265, 53.807638626129737 ] } },
{ "type": "Feature", "properties": { "name": "Kilpatrick Hills", "category": "heaths", "area_m2": 263355116.41721293, "category_cleaned": "heaths", "iso_ids": [ ], "iso_joined": null }, "geometry": { "type": "Point", "coordinates": [ -4.455768218081836, 55.978084083554776 ] } },
{ "type": "Feature", "properties": { "name": "King's Meads", "category": "nature_reserves", "area_m2": 1804945.6452766089, "category_cleaned": "nature_reserves", "iso_ids": [ "London_60min", "London_90min", "London_120min" ], "iso_joined": "London_60min,London_90min,London_120min" }, "geometry": { "type": "Point", "coordinates": [ -0.053328799145075, 51.807159129425592 ] } },
{ "type": "Feature", "properties": { "name": "King's Wood", "category": "wood", "area_m2": 10073289.107576692, "category_cleaned": "wood", "iso_ids": [ "Birmingham_30min", "Birmingham_60min", "Birmingham_90min", "Birmingham_120min" ], "iso_joined": "Birmingham_30min,Birmingham_60min,Birmingham_90min,Birmingham_120min" }, "geometry": { "type": "Point", "coordinates": [ -1.973254219746102, 52.391083279794159 ] } },
{ "type": "Feature", "properties": { "name": "Kingfisher Country Park", "category": "parks", "area_m2": 3787222.2734687934, "category_cleaned": "parks", "iso_ids": [ "Birmingham_30min", "Birmingham_60min", "Birmingham_90min", "Birmingham_120min" ], "iso_joined": "Birmingham_30min,Birmingham_60min,Birmingham_90min,Birmingham_120min" }, "geometry": { "type": "Point", "coordinates": [ -1.77039670741643, 52.48931433088773 ] } },
{ "type": "Feature", "properties": { "name": "Kingfisher Local Nature Reserve", "category": "nature_reserves", "area_m2": 1586359.2224611514, "category_cleaned": "nature_reserves", "iso_ids": [ "Birmingham_30min", "Birmingham_60min", "Birmingham_90min", "Birmingham_120min" ], "iso_joined": "Birmingham_30min,Birmingham_60min,Birmingham_90min,Birmingham_120min" }, "geometry": { "type": "Point", "coordinates": [ -1.770344188349693, 52.4883516994812 ] } },
{ "type": "Feature", "properties": { "name": "Kingsbury Water Park", "category": "parks", "area_m2": 6991796.9568465361, "category_cleaned": "parks", "iso_ids": [ "Birmingham_30min", "Birmingham_60min", "Birmingham_90min", "Birmingham_120min" ], "iso_joined": "Birmingham_30min,Birmingham_60min,Birmingham_90min,Birmingham_120min" }, "geometry": { "type": "Point", "coordinates": [ -1.695526218574455, 52.565236241357312 ] } },
{ "type": "Feature", "properties": { "name": "LIVIA", "category": "parks", "area_m2": 1493388.361676418, "category_cleaned": "parks", "iso_ids": [ "Manchester_30min", "Manchester_60min", "Manchester_90min", "Manchester_120min", "Leeds_120min", "Sheffield_120min" ], "iso_joined": "Manchester_30min,Manchester_60min,Manchester_90min,Manchester_120min,Leeds_120min,Sheffield_120min" }, "geometry": { "type": "Point", "coordinates": [ -2.319876313700127, 53.516577816852831 ] } },
{ "type": "Feature", "properties": { "name": "Lady Canning's Plantation", "category": "wood", "area_m2": 1334793.5096294228, "category_cleaned": "wood", "iso_ids": [ "Sheffield_30min", "Sheffield_60min", "Sheffield_90min", "Sheffield_120min" ], "iso_joined": "Sheffield_30min,Sheffield_60min,Sheffield_90min,Sheffield_120min" }, "geometry": { "type": "Point", "coordinates": [ -1.572368065636519, 53.345852382232088 ] } },
{ "type": "Feature", "properties": { "name": "Langley Vale Centenary Wood", "category": "nature_reserves", "area_m2": 6677952.658725081, "category_cleaned": "nature_reserves", "iso_ids": [ "London_120min" ], "iso_joined": "London_120min" }, "geometry": { "type": "Point", "coordinates": [ -0.264231181926708, 51.294221525359873 ] } },
{ "type": "Feature", "properties": { "name": "Leigh Sand", "category": "wetlands", "area_m2": 13026279.32511883, "category_cleaned": "wetlands", "iso_ids": [ "London_90min", "London_120min" ], "iso_joined": "London_90min,London_120min" }, "geometry": { "type": "Point", "coordinates": [ 0.661383025928193, 51.532812222508511 ] } },
{ "type": "Feature", "properties": { "name": "Leigh Woods", "category": "nature_reserves", "area_m2": 5057775.6239507273, "category_cleaned": "nature_reserves", "iso_ids": [ "Bristol_30min", "Bristol_60min", "Bristol_90min", "Bristol_120min" ], "iso_joined": "Bristol_30min,Bristol_60min,Bristol_90min,Bristol_120min" }, "geometry": { "type": "Point", "coordinates": [ -2.642253005159942, 51.463336339647412 ] } },
{ "type": "Feature", "properties": { "name": "Lenzie Moss Nature Reserve", "category": "nature_reserves", "area_m2": 1315857.3242802036, "category_cleaned": "nature_reserves", "iso_ids": [ "Edinburgh_90min", "Edinburgh_120min", "Glasgow_30min", "Glasgow_60min", "Glasgow_90min", "Glasgow_120min" ], "iso_joined": "Edinburgh_90min,Edinburgh_120min,Glasgow_30min,Glasgow_60min,Glasgow_90min,Glasgow_120min" }, "geometry": { "type": "Point", "coordinates": [ -4.165187895872087, 55.92122141233034 ] } },
{ "type": "Feature", "properties": { "name": "Levenhall Links", "category": "parks", "area_m2": 3678949.3143540891, "category_cleaned": "parks", "iso_ids": [ "Edinburgh_30min", "Edinburgh_60min", "Edinburgh_90min", "Edinburgh_120min", "Glasgow_90min", "Glasgow_120min" ], "iso_joined": "Edinburgh_30min,Edinburgh_60min,Edinburgh_90min,Edinburgh_120min,Glasgow_90min,Glasgow_120min" }, "geometry": { "type": "Point", "coordinates": [ -3.030609592050093, 55.950633023548207 ] } },
{ "type": "Feature", "properties": { "name": "Leverhulme Park", "category": "parks", "area_m2": 1655661.5681719566, "category_cleaned": "parks", "iso_ids": [ "Manchester_30min", "Manchester_60min", "Manchester_90min", "Manchester_120min", "Leeds_90min", "Leeds_120min", "Sheffield_120min" ], "iso_joined": "Manchester_30min,Manchester_60min,Manchester_90min,Manchester_120min,Leeds_90min,Leeds_120min,Sheffield_120min" }, "geometry": { "type": "Point", "coordinates": [ -2.39921495908645, 53.575324755200818 ] } },
{ "type": "Feature", "properties": { "name": "Leybourne Lakes Country Park", "category": "parks", "area_m2": 2202842.1804044796, "category_cleaned": "parks", "iso_ids": [ "London_90min", "London_120min" ], "iso_joined": "London_90min,London_120min" }, "geometry": { "type": "Point", "coordinates": [ 0.444390591003583, 51.316399097945265 ] } },
{ "type": "Feature", "properties": { "name": "Lickey Hills Country Park", "category": "parks", "area_m2": 2994467.6778336423, "category_cleaned": "parks", "iso_ids": [ "Birmingham_30min", "Birmingham_60min", "Birmingham_90min", "Birmingham_120min" ], "iso_joined": "Birmingham_30min,Birmingham_60min,Birmingham_90min,Birmingham_120min" }, "geometry": { "type": "Point", "coordinates": [ -2.00355700470258, 52.372548600280332 ] } },
{ "type": "Feature", "properties": { "name": "Linlithgow Palace and High Street Conservation Area", "category": "protected_areas", "area_m2": 4037668.6178179546, "category_cleaned": "protected_areas", "iso_ids": [ "Edinburgh_60min", "Edinburgh_90min", "Edinburgh_120min", "Glasgow_60min", "Glasgow_90min", "Glasgow_120min" ], "iso_joined": "Edinburgh_60min,Edinburgh_90min,Edinburgh_120min,Glasgow_60min,Glasgow_90min,Glasgow_120min" }, "geometry": { "type": "Point", "coordinates": [ -3.59936227388692, 55.979848602806264 ] } },
{ "type": "Feature", "properties": { "name": "Linn Park", "category": "parks", "area_m2": 3530063.3136863746, "category_cleaned": "parks", "iso_ids": [ "Edinburgh_120min", "Glasgow_30min", "Glasgow_60min", "Glasgow_90min", "Glasgow_120min" ], "iso_joined": "Edinburgh_120min,Glasgow_30min,Glasgow_60min,Glasgow_90min,Glasgow_120min" }, "geometry": { "type": "Point", "coordinates": [ -4.258585243880362, 55.804682050063988 ] } },
{ "type": "Feature", "properties": { "name": "Lisvane & Llanishen Reservoirs", "category": "parks", "area_m2": 1183409.2559061064, "category_cleaned": "parks", "iso_ids": [ "Bristol_90min", "Bristol_120min" ], "iso_joined": "Bristol_90min,Bristol_120min" }, "geometry": { "type": "Point", "coordinates": [ -3.17272301897145, 51.529375374926836 ] } },
{ "type": "Feature", "properties": { "name": "Little France Park", "category": "parks", "area_m2": 1440147.7041578626, "category_cleaned": "parks", "iso_ids": [ "Edinburgh_30min", "Edinburgh_60min", "Edinburgh_90min", "Edinburgh_120min", "Glasgow_90min", "Glasgow_120min" ], "iso_joined": "Edinburgh_30min,Edinburgh_60min,Edinburgh_90min,Edinburgh_120min,Glasgow_90min,Glasgow_120min" }, "geometry": { "type": "Point", "coordinates": [ -3.125899555723665, 55.923595980893538 ] } },
{ "type": "Feature", "properties": { "name": "Littleworth Common", "category": "parks", "area_m2": 1205022.1533013817, "category_cleaned": "parks", "iso_ids": [ "London_60min", "London_90min", "London_120min" ], "iso_joined": "London_60min,London_90min,London_120min" }, "geometry": { "type": "Point", "coordinates": [ -0.350373489355347, 51.374027886532673 ] } },
{ "type": "Feature", "properties": { "name": "Lloyd Park", "category": "parks", "area_m2": 1382910.7161168212, "category_cleaned": "parks", "iso_ids": [ "London_60min", "London_90min", "London_120min" ], "iso_joined": "London_60min,London_90min,London_120min" }, "geometry": { "type": "Point", "coordinates": [ -0.07302150764882, 51.366960565803709 ] } },
{ "type": "Feature", "properties": { "name": "Loch Lomond and The Trossachs National Park", "category": "protected_areas", "area_m2": 6015786666.5549488, "category_cleaned": "protected_areas", "iso_ids": [ ], "iso_joined": null }, "geometry": { "type": "Point", "coordinates": [ -4.591851415898099, 56.23592920050806 ] } },
{ "type": "Feature", "properties": { "name": "Lochend Woods", "category": "protected_areas", "area_m2": 1113691.9577841598, "category_cleaned": "protected_areas", "iso_ids": [ "Edinburgh_90min", "Edinburgh_120min", "Glasgow_120min" ], "iso_joined": "Edinburgh_90min,Edinburgh_120min,Glasgow_120min" }, "geometry": { "type": "Point", "coordinates": [ -2.522101425039436, 55.993373404733802 ] } },
{ "type": "Feature", "properties": { "name": "Lochend Woods", "category": "wood", "area_m2": 1065697.0827590132, "category_cleaned": "wood", "iso_ids": [ "Edinburgh_90min", "Edinburgh_120min", "Glasgow_120min" ], "iso_joined": "Edinburgh_90min,Edinburgh_120min,Glasgow_120min" }, "geometry": { "type": "Point", "coordinates": [ -2.522270694513025, 55.993413411733215 ] } },
{ "type": "Feature", "properties": { "name": "Lodge Inclosure", "category": "forest_landuse", "area_m2": 4466327.0251636868, "category_cleaned": "forests", "iso_ids": [ "London_120min" ], "iso_joined": "London_120min" }, "geometry": { "type": "Point", "coordinates": [ -0.857914463718815, 51.177570361788391 ] } },
{ "type": "Feature", "properties": { "name": "Lomond Hills Regional Park", "category": "protected_areas", "area_m2": 211686739.73477483, "category_cleaned": "protected_areas", "iso_ids": [ ], "iso_joined": null }, "geometry": { "type": "Point", "coordinates": [ -3.266631632530303, 56.215156655262511 ] } },
{ "type": "Feature", "properties": { "name": "Long Green Wood", "category": "wood", "area_m2": 1120837.5005190149, "category_cleaned": "wood", "iso_ids": [ "Edinburgh_30min", "Edinburgh_60min", "Edinburgh_90min", "Edinburgh_120min" ], "iso_joined": "Edinburgh_30min,Edinburgh_60min,Edinburgh_90min,Edinburgh_120min" }, "geometry": { "type": "Point", "coordinates": [ -3.317844336789137, 55.982570726505266 ] } },
{ "type": "Feature", "properties": { "name": "Lord's Wood", "category": "wood", "area_m2": 2103331.0789327696, "category_cleaned": "wood", "iso_ids": [ "Bristol_30min", "Bristol_60min", "Bristol_90min", "Bristol_120min" ], "iso_joined": "Bristol_30min,Bristol_60min,Bristol_90min,Bristol_120min" }, "geometry": { "type": "Point", "coordinates": [ -2.523609774613661, 51.362158375027661 ] } },
{ "type": "Feature", "properties": { "name": "Lords Bushes and Knighton Wood", "category": "forest_landuse", "area_m2": 1385998.103584517, "category_cleaned": "forests", "iso_ids": [ "London_60min", "London_90min", "London_120min" ], "iso_joined": "London_60min,London_90min,London_120min" }, "geometry": { "type": "Point", "coordinates": [ 0.037120349077731, 51.621227243496747 ] } },
{ "type": "Feature", "properties": { "name": "Lower Nut Hurst", "category": "wood", "area_m2": 1192226.6633463791, "category_cleaned": "wood", "iso_ids": [ "Manchester_120min", "Birmingham_30min", "Birmingham_60min", "Birmingham_90min", "Birmingham_120min" ], "iso_joined": "Manchester_120min,Birmingham_30min,Birmingham_60min,Birmingham_90min,Birmingham_120min" }, "geometry": { "type": "Point", "coordinates": [ -1.844891056451534, 52.569614260664977 ] } },
{ "type": "Feature", "properties": { "name": "Lower Rushaw Plantation", "category": "forest_landuse", "area_m2": 1001241.7620660454, "category_cleaned": "forests", "iso_ids": [ "Glasgow_30min", "Glasgow_60min", "Glasgow_90min", "Glasgow_120min" ], "iso_joined": "Glasgow_30min,Glasgow_60min,Glasgow_90min,Glasgow_120min" }, "geometry": { "type": "Point", "coordinates": [ -4.381292635509629, 55.642538035451622 ] } },
{ "type": "Feature", "properties": { "name": "Lower Wyndcliff Wood", "category": "wood", "area_m2": 3561008.3337296387, "category_cleaned": "wood", "iso_ids": [ "Bristol_30min", "Bristol_60min", "Bristol_90min", "Bristol_120min" ], "iso_joined": "Bristol_30min,Bristol_60min,Bristol_90min,Bristol_120min" }, "geometry": { "type": "Point", "coordinates": [ -2.680567806637328, 51.660272815947799 ] } },
{ "type": "Feature", "properties": { "name": "Lyme Park", "category": "parks", "area_m2": 17195448.39234747, "category_cleaned": "parks", "iso_ids": [ "Manchester_60min", "Manchester_90min", "Manchester_120min", "Sheffield_90min", "Sheffield_120min" ], "iso_joined": "Manchester_60min,Manchester_90min,Manchester_120min,Sheffield_90min,Sheffield_120min" }, "geometry": { "type": "Point", "coordinates": [ -2.054853026335483, 53.336450444529682 ] } },
{ "type": "Feature", "properties": { "name": "Mains Plantation", "category": "forest_landuse", "area_m2": 1306446.366820625, "category_cleaned": "forests", "iso_ids": [ "Edinburgh_120min", "Glasgow_30min", "Glasgow_60min", "Glasgow_90min", "Glasgow_120min" ], "iso_joined": "Edinburgh_120min,Glasgow_30min,Glasgow_60min,Glasgow_90min,Glasgow_120min" }, "geometry": { "type": "Point", "coordinates": [ -4.354210937324375, 55.938432589869159 ] } },
{ "type": "Feature", "properties": { "name": "Maltby Wood", "category": "wood", "area_m2": 1874415.3421723559, "category_cleaned": "wood", "iso_ids": [ "Sheffield_30min", "Sheffield_60min", "Sheffield_90min", "Sheffield_120min" ], "iso_joined": "Sheffield_30min,Sheffield_60min,Sheffield_90min,Sheffield_120min" }, "geometry": { "type": "Point", "coordinates": [ -1.168862667493491, 53.410355715051573 ] } },
{ "type": "Feature", "properties": { "name": "Malvern Hills National Landscape", "category": "protected_areas", "area_m2": 280791739.60349262, "category_cleaned": "protected_areas", "iso_ids": [ "Birmingham_120min" ], "iso_joined": "Birmingham_120min" }, "geometry": { "type": "Point", "coordinates": [ -2.365544118064034, 52.076393832126854 ] } },
{ "type": "Feature", "properties": { "name": "Maritime Greenwich", "category": "protected_areas", "area_m2": 2810333.6146332039, "category_cleaned": "protected_areas", "iso_ids": [ "London_60min", "London_90min", "London_120min" ], "iso_joined": "London_60min,London_90min,London_120min" }, "geometry": { "type": "Point", "coordinates": [ -0.000977041286746, 51.478170603996595 ] } },
{ "type": "Feature", "properties": { "name": "Marsh Lane Nature Reserve", "category": "nature_reserves", "area_m2": 1185632.2304941369, "category_cleaned": "nature_reserves", "iso_ids": [ "London_120min", "Manchester_120min", "Birmingham_30min", "Birmingham_60min", "Birmingham_90min", "Birmingham_120min" ], "iso_joined": "London_120min,Manchester_120min,Birmingham_30min,Birmingham_60min,Birmingham_90min,Birmingham_120min" }, "geometry": { "type": "Point", "coordinates": [ -1.68386538259407, 52.421937844678595 ] } },
{ "type": "Feature", "properties": { "name": "Martin Mere Wetland Centre", "category": "nature_reserves", "area_m2": 2185691.1641605911, "category_cleaned": "nature_reserves", "iso_ids": [ "Manchester_90min", "Manchester_120min" ], "iso_joined": "Manchester_90min,Manchester_120min" }, "geometry": { "type": "Point", "coordinates": [ -2.866551013264973, 53.619303780698381 ] } },
{ "type": "Feature", "properties": { "name": "Mayesbrook Park", "category": "parks", "area_m2": 1219517.9519798788, "category_cleaned": "parks", "iso_ids": [ "London_60min", "London_90min", "London_120min" ], "iso_joined": "London_60min,London_90min,London_120min" }, "geometry": { "type": "Point", "coordinates": [ 0.109459560875252, 51.543733374941191 ] } },
{ "type": "Feature", "properties": { "name": "Mendip Hills National Landscape", "category": "protected_areas", "area_m2": 507134282.46620178, "category_cleaned": "protected_areas", "iso_ids": [ "Bristol_30min", "Bristol_60min", "Bristol_90min", "Bristol_120min" ], "iso_joined": "Bristol_30min,Bristol_60min,Bristol_90min,Bristol_120min" }, "geometry": { "type": "Point", "coordinates": [ -2.714710273952788, 51.292027714944282 ] } },
{ "type": "Feature", "properties": { "name": "Mendip Lodge Wood", "category": "wood", "area_m2": 2315958.3530098051, "category_cleaned": "wood", "iso_ids": [ "Bristol_30min", "Bristol_60min", "Bristol_90min", "Bristol_120min" ], "iso_joined": "Bristol_30min,Bristol_60min,Bristol_90min,Bristol_120min" }, "geometry": { "type": "Point", "coordinates": [ -2.756374522214798, 51.324587104751402 ] } },
{ "type": "Feature", "properties": { "name": "Meriden Shafts", "category": "wood", "area_m2": 1076214.6600142797, "category_cleaned": "wood", "iso_ids": [ "Birmingham_30min", "Birmingham_60min", "Birmingham_90min", "Birmingham_120min" ], "iso_joined": "Birmingham_30min,Birmingham_60min,Birmingham_90min,Birmingham_120min" }, "geometry": { "type": "Point", "coordinates": [ -1.617319345805247, 52.446357028967348 ] } },
{ "type": "Feature", "properties": { "name": "Michael Wood", "category": "wood", "area_m2": 2321603.555458813, "category_cleaned": "wood", "iso_ids": [ "Bristol_30min", "Bristol_60min", "Bristol_90min", "Bristol_120min" ], "iso_joined": "Bristol_30min,Bristol_60min,Bristol_90min,Bristol_120min" }, "geometry": { "type": "Point", "coordinates": [ -2.426843993372084, 51.652677546970558 ] } },
{ "type": "Feature", "properties": { "name": "Mickletown Ings SSSI", "category": "nature_reserves", "area_m2": 1087619.8051988799, "category_cleaned": "nature_reserves", "iso_ids": [ "Manchester_120min", "Leeds_30min", "Leeds_60min", "Leeds_90min", "Leeds_120min", "Sheffield_90min", "Sheffield_120min" ], "iso_joined": "Manchester_120min,Leeds_30min,Leeds_60min,Leeds_90min,Leeds_120min,Sheffield_90min,Sheffield_120min" }, "geometry": { "type": "Point", "coordinates": [ -1.390111584327788, 53.742687723874603 ] } },
{ "type": "Feature", "properties": { "name": "Middleton Park", "category": "parks", "area_m2": 4228089.0753018092, "category_cleaned": "parks", "iso_ids": [ "Manchester_120min", "Leeds_30min", "Leeds_60min", "Leeds_90min", "Leeds_120min", "Sheffield_120min" ], "iso_joined": "Manchester_120min,Leeds_30min,Leeds_60min,Leeds_90min,Leeds_120min,Sheffield_120min" }, "geometry": { "type": "Point", "coordinates": [ -1.548734673239191, 53.756414699681621 ] } },
{ "type": "Feature", "properties": { "name": "Mill Meadows Nature Reserve", "category": "nature_reserves", "area_m2": 1079491.0239927429, "category_cleaned": "nature_reserves", "iso_ids": [ "London_90min", "London_120min" ], "iso_joined": "London_90min,London_120min" }, "geometry": { "type": "Point", "coordinates": [ 0.4252314834903, 51.620306774514084 ] } },
{ "type": "Feature", "properties": { "name": "Minster Marshes", "category": "wetlands", "area_m2": 3866599.1149904667, "category_cleaned": "wetlands", "iso_ids": [ "London_120min" ], "iso_joined": "London_120min" }, "geometry": { "type": "Point", "coordinates": [ 0.759339443590964, 51.426321893008414 ] } },
{ "type": "Feature", "properties": { "name": "Mitcham Common", "category": "parks", "area_m2": 3246973.1980205257, "category_cleaned": "parks", "iso_ids": [ "London_60min", "London_90min", "London_120min" ], "iso_joined": "London_60min,London_90min,London_120min" }, "geometry": { "type": "Point", "coordinates": [ -0.146047030725047, 51.39533472776786 ] } },
{ "type": "Feature", "properties": { "name": "Moat Wood", "category": "wood", "area_m2": 2396173.1745727942, "category_cleaned": "wood", "iso_ids": [ "London_120min" ], "iso_joined": "London_120min" }, "geometry": { "type": "Point", "coordinates": [ 0.394239271107109, 51.231982842819441 ] } },
{ "type": "Feature", "properties": { "name": "Moses Gate Country Park", "category": "parks", "area_m2": 4080629.9998613372, "category_cleaned": "parks", "iso_ids": [ "Manchester_30min", "Manchester_60min", "Manchester_90min", "Manchester_120min", "Leeds_90min", "Leeds_120min", "Sheffield_120min" ], "iso_joined": "Manchester_30min,Manchester_60min,Manchester_90min,Manchester_120min,Leeds_90min,Leeds_120min,Sheffield_120min" }, "geometry": { "type": "Point", "coordinates": [ -2.388632210460496, 53.558919384729506 ] } },
{ "type": "Feature", "properties": { "name": "Moulsecoomb Wild Park", "category": "parks", "area_m2": 1577350.8583378715, "category_cleaned": "parks", "iso_ids": [ "London_120min" ], "iso_joined": "London_120min" }, "geometry": { "type": "Point", "coordinates": [ -0.114267448726247, 50.854951424251148 ] } },
{ "type": "Feature", "properties": { "name": "Neilston Pad", "category": "parks", "area_m2": 2390562.9554704847, "category_cleaned": "parks", "iso_ids": [ "Glasgow_30min", "Glasgow_60min", "Glasgow_90min", "Glasgow_120min" ], "iso_joined": "Glasgow_30min,Glasgow_60min,Glasgow_90min,Glasgow_120min" }, "geometry": { "type": "Point", "coordinates": [ -4.433542774081793, 55.765476663599095 ] } },
{ "type": "Feature", "properties": { "name": "New Hall Valley Country Park", "category": "parks", "area_m2": 2188855.8018991421, "category_cleaned": "parks", "iso_ids": [ "Manchester_120min", "Birmingham_30min", "Birmingham_60min", "Birmingham_90min", "Birmingham_120min" ], "iso_joined": "Manchester_120min,Birmingham_30min,Birmingham_60min,Birmingham_90min,Birmingham_120min" }, "geometry": { "type": "Point", "coordinates": [ -1.806832889322987, 52.549584612573732 ] } },
{ "type": "Feature", "properties": { "name": "New Park Wood", "category": "wood", "area_m2": 1039462.413018856, "category_cleaned": "wood", "iso_ids": [ "Birmingham_30min", "Birmingham_60min", "Birmingham_90min", "Birmingham_120min" ], "iso_joined": "Birmingham_30min,Birmingham_60min,Birmingham_90min,Birmingham_120min" }, "geometry": { "type": "Point", "coordinates": [ -1.767306084212217, 52.579582968107317 ] } },
{ "type": "Feature", "properties": { "name": "Newhailes House & Gardens", "category": "parks", "area_m2": 1110441.3197999035, "category_cleaned": "parks", "iso_ids": [ "Edinburgh_30min", "Edinburgh_60min", "Edinburgh_90min", "Edinburgh_120min", "Glasgow_90min", "Glasgow_120min" ], "iso_joined": "Edinburgh_30min,Edinburgh_60min,Edinburgh_90min,Edinburgh_120min,Glasgow_90min,Glasgow_120min" }, "geometry": { "type": "Point", "coordinates": [ -3.078088181061688, 55.941954156925306 ] } },
{ "type": "Feature", "properties": { "name": "Newmillerdam Country Park", "category": "parks", "area_m2": 2815289.9116131901, "category_cleaned": "parks", "iso_ids": [ "Leeds_30min", "Leeds_60min", "Leeds_90min", "Leeds_120min", "Sheffield_90min", "Sheffield_120min" ], "iso_joined": "Leeds_30min,Leeds_60min,Leeds_90min,Leeds_120min,Sheffield_90min,Sheffield_120min" }, "geometry": { "type": "Point", "coordinates": [ -1.494426031551355, 53.630209361246649 ] } },
{ "type": "Feature", "properties": { "name": "Nonsuch Park", "category": "parks", "area_m2": 3291055.0533930538, "category_cleaned": "parks", "iso_ids": [ "London_60min", "London_90min", "London_120min" ], "iso_joined": "London_60min,London_90min,London_120min" }, "geometry": { "type": "Point", "coordinates": [ -0.233741323835932, 51.357841886539177 ] } },
{ "type": "Feature", "properties": { "name": "Norbury Park", "category": "nature_reserves", "area_m2": 13226964.415684616, "category_cleaned": "nature_reserves", "iso_ids": [ "London_90min", "London_120min" ], "iso_joined": "London_90min,London_120min" }, "geometry": { "type": "Point", "coordinates": [ -0.342718738531248, 51.271133924642726 ] } },
{ "type": "Feature", "properties": { "name": "Norbury Park", "category": "wood", "area_m2": 3653921.2480365126, "category_cleaned": "wood", "iso_ids": [ "London_90min", "London_120min" ], "iso_joined": "London_90min,London_120min" }, "geometry": { "type": "Point", "coordinates": [ -0.339548862779032, 51.268964384488442 ] } },
{ "type": "Feature", "properties": { "name": "North Bellstane woods", "category": "forest_landuse", "area_m2": 1642661.3577071056, "category_cleaned": "forests", "iso_ids": [ "Edinburgh_90min", "Edinburgh_120min", "Glasgow_30min", "Glasgow_60min", "Glasgow_90min", "Glasgow_120min" ], "iso_joined": "Edinburgh_90min,Edinburgh_120min,Glasgow_30min,Glasgow_60min,Glasgow_90min,Glasgow_120min" }, "geometry": { "type": "Point", "coordinates": [ -3.988823931374692, 55.920630134157669 ] } },
{ "type": "Feature", "properties": { "name": "North Dean Wood", "category": "wood", "area_m2": 1392392.1967905897, "category_cleaned": "wood", "iso_ids": [ "Manchester_90min", "Manchester_120min", "Leeds_30min", "Leeds_60min", "Leeds_90min", "Leeds_120min", "Sheffield_120min" ], "iso_joined": "Manchester_90min,Manchester_120min,Leeds_30min,Leeds_60min,Leeds_90min,Leeds_120min,Sheffield_120min" }, "geometry": { "type": "Point", "coordinates": [ -1.873235205584385, 53.695699436578636 ] } },
{ "type": "Feature", "properties": { "name": "North Marsh", "category": "parks", "area_m2": 1543280.891803669, "category_cleaned": "parks", "iso_ids": [ "London_30min", "London_60min", "London_90min", "London_120min" ], "iso_joined": "London_30min,London_60min,London_90min,London_120min" }, "geometry": { "type": "Point", "coordinates": [ -0.031480906300481, 51.557895931938589 ] } },
{ "type": "Feature", "properties": { "name": "North Shotts bog", "category": "wetlands", "area_m2": 3465128.5733275893, "category_cleaned": "wetlands", "iso_ids": [ "Edinburgh_90min", "Edinburgh_120min", "Glasgow_30min", "Glasgow_60min", "Glasgow_90min", "Glasgow_120min" ], "iso_joined": "Edinburgh_90min,Edinburgh_120min,Glasgow_30min,Glasgow_60min,Glasgow_90min,Glasgow_120min" }, "geometry": { "type": "Point", "coordinates": [ -3.797312305081662, 55.829610581825307 ] } },
{ "type": "Feature", "properties": { "name": "North Wood", "category": "wood", "area_m2": 1311019.491488141, "category_cleaned": "wood", "iso_ids": [ "Edinburgh_90min", "Edinburgh_120min", "Glasgow_30min", "Glasgow_60min", "Glasgow_90min", "Glasgow_120min" ], "iso_joined": "Edinburgh_90min,Edinburgh_120min,Glasgow_30min,Glasgow_60min,Glasgow_90min,Glasgow_120min" }, "geometry": { "type": "Point", "coordinates": [ -4.307576997872342, 55.833916387803654 ] } },
{ "type": "Feature", "properties": { "name": "Northcliffe Park", "category": "parks", "area_m2": 1252165.8477327514, "category_cleaned": "parks", "iso_ids": [ "Manchester_120min", "Leeds_60min", "Leeds_90min", "Leeds_120min", "Sheffield_120min" ], "iso_joined": "Manchester_120min,Leeds_60min,Leeds_90min,Leeds_120min,Sheffield_120min" }, "geometry": { "type": "Point", "coordinates": [ -1.788542930714264, 53.827294680257403 ] } },
{ "type": "Feature", "properties": { "name": "Northern Wood", "category": "wood", "area_m2": 1189843.7125369355, "category_cleaned": "wood", "iso_ids": [ "Manchester_30min", "Manchester_60min", "Manchester_90min", "Manchester_120min", "Birmingham_120min", "Leeds_120min", "Sheffield_90min", "Sheffield_120min" ], "iso_joined": "Manchester_30min,Manchester_60min,Manchester_90min,Manchester_120min,Birmingham_120min,Leeds_120min,Sheffield_90min,Sheffield_120min" }, "geometry": { "type": "Point", "coordinates": [ -2.260752048670825, 53.346638900070779 ] } },
{ "type": "Feature", "properties": { "name": "Northumberland Coast National Landscape", "category": "protected_areas", "area_m2": 415650863.92964178, "category_cleaned": "protected_areas", "iso_ids": [ ], "iso_joined": null }, "geometry": { "type": "Point", "coordinates": [ -1.730019278358311, 55.574051386009678 ] } },
{ "type": "Feature", "properties": { "name": "Northwick Oaze", "category": "wetlands", "area_m2": 2500444.3982803384, "category_cleaned": "wetlands", "iso_ids": [ "Bristol_30min", "Bristol_60min", "Bristol_90min", "Bristol_120min" ], "iso_joined": "Bristol_30min,Bristol_60min,Bristol_90min,Bristol_120min" }, "geometry": { "type": "Point", "coordinates": [ -2.648374446217026, 51.585674790219009 ] } },
{ "type": "Feature", "properties": { "name": "Northwick Warth", "category": "wetlands", "area_m2": 1341599.5374788903, "category_cleaned": "wetlands", "iso_ids": [ "Bristol_30min", "Bristol_60min", "Bristol_90min", "Bristol_120min" ], "iso_joined": "Bristol_30min,Bristol_60min,Bristol_90min,Bristol_120min" }, "geometry": { "type": "Point", "coordinates": [ -2.646550052321866, 51.582654162799663 ] } },
{ "type": "Feature", "properties": { "name": "Northycote Farm", "category": "parks", "area_m2": 1006483.0320223904, "category_cleaned": "parks", "iso_ids": [ "Birmingham_30min", "Birmingham_60min", "Birmingham_90min", "Birmingham_120min" ], "iso_joined": "Birmingham_30min,Birmingham_60min,Birmingham_90min,Birmingham_120min" }, "geometry": { "type": "Point", "coordinates": [ -2.101760416304164, 52.627079292331558 ] } },
{ "type": "Feature", "properties": { "name": "Northycote Farm Black Country Geosite", "category": "nature_reserves", "area_m2": 1327613.0779741991, "category_cleaned": "nature_reserves", "iso_ids": [ "Birmingham_30min", "Birmingham_60min", "Birmingham_90min", "Birmingham_120min" ], "iso_joined": "Birmingham_30min,Birmingham_60min,Birmingham_90min,Birmingham_120min" }, "geometry": { "type": "Point", "coordinates": [ -2.101849577979252, 52.628065632511358 ] } },
{ "type": "Feature", "properties": { "name": "Old Deer Park", "category": "parks", "area_m2": 3498005.1893501515, "category_cleaned": "parks", "iso_ids": [ "London_60min", "London_90min", "London_120min" ], "iso_joined": "London_60min,London_90min,London_120min" }, "geometry": { "type": "Point", "coordinates": [ -0.309122047001494, 51.467880876108801 ] } },
{ "type": "Feature", "properties": { "name": "Old Meadows Conservation Area", "category": "protected_areas", "area_m2": 1727615.0743111253, "category_cleaned": "protected_areas", "iso_ids": [ "Birmingham_90min", "Birmingham_120min", "Sheffield_90min", "Sheffield_120min" ], "iso_joined": "Birmingham_90min,Birmingham_120min,Sheffield_90min,Sheffield_120min" }, "geometry": { "type": "Point", "coordinates": [ -1.144570288017672, 52.936670956958601 ] } },
{ "type": "Feature", "properties": { "name": "Old Mine Nature Park", "category": "parks", "area_m2": 1471354.6306912543, "category_cleaned": "parks", "iso_ids": [ "Edinburgh_120min", "Glasgow_30min", "Glasgow_60min", "Glasgow_90min", "Glasgow_120min" ], "iso_joined": "Edinburgh_120min,Glasgow_30min,Glasgow_60min,Glasgow_90min,Glasgow_120min" }, "geometry": { "type": "Point", "coordinates": [ -4.050359814215079, 55.816438672655927 ] } },
{ "type": "Feature", "properties": { "name": "Ouse Valley", "category": "nature_reserves", "area_m2": 1191291.223359725, "category_cleaned": "nature_reserves", "iso_ids": [ "London_120min" ], "iso_joined": "London_120min" }, "geometry": { "type": "Point", "coordinates": [ 0.065000597078624, 50.793553261201673 ] } },
{ "type": "Feature", "properties": { "name": "Outwood Country Park", "category": "parks", "area_m2": 2068502.2096169093, "category_cleaned": "parks", "iso_ids": [ "Manchester_30min", "Manchester_60min", "Manchester_90min", "Manchester_120min", "Leeds_90min", "Leeds_120min", "Sheffield_120min" ], "iso_joined": "Manchester_30min,Manchester_60min,Manchester_90min,Manchester_120min,Leeds_90min,Leeds_120min,Sheffield_120min" }, "geometry": { "type": "Point", "coordinates": [ -2.334539512303853, 53.552444510942514 ] } },
{ "type": "Feature", "properties": { "name": "Oxleas Wood", "category": "wood", "area_m2": 1085125.3082686202, "category_cleaned": "wood", "iso_ids": [ "London_60min", "London_90min", "London_120min" ], "iso_joined": "London_60min,London_90min,London_120min" }, "geometry": { "type": "Point", "coordinates": [ 0.077137563566529, 51.464733909757918 ] } },
{ "type": "Feature", "properties": { "name": "Packington Deer Park", "category": "parks", "area_m2": 3838260.2136653131, "category_cleaned": "parks", "iso_ids": [ "London_120min", "Manchester_120min", "Birmingham_30min", "Birmingham_60min", "Birmingham_90min", "Birmingham_120min" ], "iso_joined": "London_120min,Manchester_120min,Birmingham_30min,Birmingham_60min,Birmingham_90min,Birmingham_120min" }, "geometry": { "type": "Point", "coordinates": [ -1.669895874835014, 52.455444670389326 ] } },
{ "type": "Feature", "properties": { "name": "Palacerigg Country Park", "category": "parks", "area_m2": 27221749.214832831, "category_cleaned": "parks", "iso_ids": [ "Glasgow_30min", "Glasgow_60min", "Glasgow_90min", "Glasgow_120min" ], "iso_joined": "Glasgow_30min,Glasgow_60min,Glasgow_90min,Glasgow_120min" }, "geometry": { "type": "Point", "coordinates": [ -3.922852020936543, 55.937992174338113 ] } },
{ "type": "Feature", "properties": { "name": "Parc Penallta", "category": "parks", "area_m2": 3215439.7705033054, "category_cleaned": "parks", "iso_ids": [ "Bristol_120min" ], "iso_joined": "Bristol_120min" }, "geometry": { "type": "Point", "coordinates": [ -3.256285731990789, 51.6501283614122 ] } },
{ "type": "Feature", "properties": { "name": "Park Wood", "category": "wood", "area_m2": 1009846.2342402067, "category_cleaned": "wood", "iso_ids": [ "Manchester_120min", "Leeds_30min", "Leeds_60min", "Leeds_90min", "Leeds_120min", "Sheffield_90min", "Sheffield_120min" ], "iso_joined": "Manchester_120min,Leeds_30min,Leeds_60min,Leeds_90min,Leeds_120min,Sheffield_90min,Sheffield_120min" }, "geometry": { "type": "Point", "coordinates": [ -1.675813119134862, 53.774857608491267 ] } },
{ "type": "Feature", "properties": { "name": "Parkside Colliery", "category": "scrub", "area_m2": 2721323.626347268, "category_cleaned": "scrub", "iso_ids": [ "Manchester_30min", "Manchester_60min", "Manchester_90min", "Manchester_120min", "Leeds_120min" ], "iso_joined": "Manchester_30min,Manchester_60min,Manchester_90min,Manchester_120min,Leeds_120min" }, "geometry": { "type": "Point", "coordinates": [ -2.603797292273723, 53.447662216585798 ] } },
{ "type": "Feature", "properties": { "name": "Parkwood Springs North", "category": "parks", "area_m2": 1018696.5033393231, "category_cleaned": "parks", "iso_ids": [ "Manchester_90min", "Manchester_120min", "Birmingham_120min", "Leeds_90min", "Leeds_120min", "Sheffield_30min", "Sheffield_60min", "Sheffield_90min", "Sheffield_120min" ], "iso_joined": "Manchester_90min,Manchester_120min,Birmingham_120min,Leeds_90min,Leeds_120min,Sheffield_30min,Sheffield_60min,Sheffield_90min,Sheffield_120min" }, "geometry": { "type": "Point", "coordinates": [ -1.47923812157812, 53.403517227884471 ] } },
{ "type": "Feature", "properties": { "name": "Parlingon Hollins", "category": "wood", "area_m2": 2765022.3470473699, "category_cleaned": "wood", "iso_ids": [ "Manchester_120min", "Leeds_30min", "Leeds_60min", "Leeds_90min", "Leeds_120min", "Sheffield_120min" ], "iso_joined": "Manchester_120min,Leeds_30min,Leeds_60min,Leeds_90min,Leeds_120min,Sheffield_120min" }, "geometry": { "type": "Point", "coordinates": [ -1.373670205881837, 53.81269836634349 ] } },
{ "type": "Feature", "properties": { "name": "Parr Moss", "category": "scrub", "area_m2": 3717624.4836672042, "category_cleaned": "scrub", "iso_ids": [ "Manchester_60min", "Manchester_90min", "Manchester_120min" ], "iso_joined": "Manchester_60min,Manchester_90min,Manchester_120min" }, "geometry": { "type": "Point", "coordinates": [ -2.683928184181791, 53.439403210229976 ] } },
{ "type": "Feature", "properties": { "name": "Parsloes Park", "category": "parks", "area_m2": 1532703.2427752868, "category_cleaned": "parks", "iso_ids": [ "London_60min", "London_90min", "London_120min" ], "iso_joined": "London_60min,London_90min,London_120min" }, "geometry": { "type": "Point", "coordinates": [ 0.133059857616116, 51.544289296439381 ] } },
{ "type": "Feature", "properties": { "name": "Peak District National Park", "category": "protected_areas", "area_m2": 4021258496.2789993, "category_cleaned": "protected_areas", "iso_ids": [ ], "iso_joined": null }, "geometry": { "type": "Point", "coordinates": [ -1.803201310520067, 53.299138099558121 ] } },
{ "type": "Feature", "properties": { "name": "Pendley Manor Hotel", "category": "parks", "area_m2": 1333452.5799061214, "category_cleaned": "parks", "iso_ids": [ "London_90min", "London_120min", "Birmingham_120min" ], "iso_joined": "London_90min,London_120min,Birmingham_120min" }, "geometry": { "type": "Point", "coordinates": [ -0.631238956870319, 51.795624201450153 ] } },
{ "type": "Feature", "properties": { "name": "Pentland Hills Regional Park", "category": "protected_areas", "area_m2": 290297103.23068815, "category_cleaned": "protected_areas", "iso_ids": [ ], "iso_joined": null }, "geometry": { "type": "Point", "coordinates": [ -3.322439632719548, 55.847705302043316 ] } },
{ "type": "Feature", "properties": { "name": "Perry Hall Playing Fields", "category": "parks", "area_m2": 1727163.854750816, "category_cleaned": "parks", "iso_ids": [ "Manchester_120min", "Birmingham_30min", "Birmingham_60min", "Birmingham_90min", "Birmingham_120min" ], "iso_joined": "Manchester_120min,Birmingham_30min,Birmingham_60min,Birmingham_90min,Birmingham_120min" }, "geometry": { "type": "Point", "coordinates": [ -1.913710467291453, 52.523435610922277 ] } },
{ "type": "Feature", "properties": { "name": "Perry Park", "category": "parks", "area_m2": 1125299.8172907417, "category_cleaned": "parks", "iso_ids": [ "Manchester_120min", "Birmingham_30min", "Birmingham_60min", "Birmingham_90min", "Birmingham_120min" ], "iso_joined": "Manchester_120min,Birmingham_30min,Birmingham_60min,Birmingham_90min,Birmingham_120min" }, "geometry": { "type": "Point", "coordinates": [ -1.903461864142489, 52.530051522573849 ] } },
{ "type": "Feature", "properties": { "name": "Philips Park", "category": "parks", "area_m2": 1710066.7061052762, "category_cleaned": "parks", "iso_ids": [ "Manchester_30min", "Manchester_60min", "Manchester_90min", "Manchester_120min", "Leeds_120min", "Sheffield_120min" ], "iso_joined": "Manchester_30min,Manchester_60min,Manchester_90min,Manchester_120min,Leeds_120min,Sheffield_120min" }, "geometry": { "type": "Point", "coordinates": [ -2.303378773091756, 53.533372130351637 ] } },
{ "type": "Feature", "properties": { "name": "Phoenix Park", "category": "parks", "area_m2": 1167712.761220807, "category_cleaned": "parks", "iso_ids": [ "Birmingham_120min", "Sheffield_90min", "Sheffield_120min" ], "iso_joined": "Birmingham_120min,Sheffield_90min,Sheffield_120min" }, "geometry": { "type": "Point", "coordinates": [ -1.207769585301445, 52.992198111344869 ] } },
{ "type": "Feature", "properties": { "name": "Pollok Country Park", "category": "protected_areas", "area_m2": 15430554.700201705, "category_cleaned": "protected_areas", "iso_ids": [ "Edinburgh_120min", "Glasgow_30min", "Glasgow_60min", "Glasgow_90min", "Glasgow_120min" ], "iso_joined": "Edinburgh_120min,Glasgow_30min,Glasgow_60min,Glasgow_90min,Glasgow_120min" }, "geometry": { "type": "Point", "coordinates": [ -4.317456796329115, 55.826955261049896 ] } },
{ "type": "Feature", "properties": { "name": "Pontcysyllte Aqueduct and Canal WHS", "category": "protected_areas", "area_m2": 2883216.5174802886, "category_cleaned": "protected_areas", "iso_ids": [ "Birmingham_120min" ], "iso_joined": "Birmingham_120min" }, "geometry": { "type": "Point", "coordinates": [ -3.097940498887949, 52.956153572579566 ] } },
{ "type": "Feature", "properties": { "name": "Pontefract Park", "category": "parks", "area_m2": 2116933.914028686, "category_cleaned": "parks", "iso_ids": [ "Manchester_120min", "Leeds_30min", "Leeds_60min", "Leeds_90min", "Leeds_120min", "Sheffield_90min", "Sheffield_120min" ], "iso_joined": "Manchester_120min,Leeds_30min,Leeds_60min,Leeds_90min,Leeds_120min,Sheffield_90min,Sheffield_120min" }, "geometry": { "type": "Point", "coordinates": [ -1.332514289400463, 53.701046542574161 ] } },
{ "type": "Feature", "properties": { "name": "Pool Hollies", "category": "wood", "area_m2": 2928730.8970257598, "category_cleaned": "wood", "iso_ids": [ "Birmingham_30min", "Birmingham_60min", "Birmingham_90min", "Birmingham_120min" ], "iso_joined": "Birmingham_30min,Birmingham_60min,Birmingham_90min,Birmingham_120min" }, "geometry": { "type": "Point", "coordinates": [ -1.85150606534852, 52.583541309165469 ] } },
{ "type": "Feature", "properties": { "name": "Portbury Wharf Nature Reserve", "category": "nature_reserves", "area_m2": 1236193.9807963516, "category_cleaned": "nature_reserves", "iso_ids": [ "Bristol_30min", "Bristol_60min", "Bristol_90min", "Bristol_120min" ], "iso_joined": "Bristol_30min,Bristol_60min,Bristol_90min,Bristol_120min" }, "geometry": { "type": "Point", "coordinates": [ -2.744280756992862, 51.486595051461315 ] } },
{ "type": "Feature", "properties": { "name": "Portholme", "category": "protected_areas", "area_m2": 2400009.0068205209, "category_cleaned": "protected_areas", "iso_ids": [ "London_90min", "London_120min" ], "iso_joined": "London_90min,London_120min" }, "geometry": { "type": "Point", "coordinates": [ -0.186093909884326, 52.321134198353626 ] } },
{ "type": "Feature", "properties": { "name": "Portobello Beach", "category": "beaches", "area_m2": 1291987.4086480527, "category_cleaned": "beaches", "iso_ids": [ "Edinburgh_30min", "Edinburgh_60min", "Edinburgh_90min", "Edinburgh_120min", "Glasgow_90min", "Glasgow_120min" ], "iso_joined": "Edinburgh_30min,Edinburgh_60min,Edinburgh_90min,Edinburgh_120min,Glasgow_90min,Glasgow_120min" }, "geometry": { "type": "Point", "coordinates": [ -3.10936130060781, 55.955562132299356 ] } },
{ "type": "Feature", "properties": { "name": "Potteric Carr Nature Reserve", "category": "nature_reserves", "area_m2": 5242286.279090927, "category_cleaned": "nature_reserves", "iso_ids": [ "Sheffield_30min", "Sheffield_60min", "Sheffield_90min", "Sheffield_120min" ], "iso_joined": "Sheffield_30min,Sheffield_60min,Sheffield_90min,Sheffield_120min" }, "geometry": { "type": "Point", "coordinates": [ -1.098884006051811, 53.493951772280866 ] } },
{ "type": "Feature", "properties": { "name": "Preston Park", "category": "parks", "area_m2": 1244801.3023335529, "category_cleaned": "parks", "iso_ids": [ "Leeds_120min" ], "iso_joined": "Leeds_120min" }, "geometry": { "type": "Point", "coordinates": [ -1.338259534829303, 54.535090741330762 ] } },
{ "type": "Feature", "properties": { "name": "Prior's Wood", "category": "nature_reserves", "area_m2": 1638542.2737999179, "category_cleaned": "nature_reserves", "iso_ids": [ "Bristol_30min", "Bristol_60min", "Bristol_90min", "Bristol_120min" ], "iso_joined": "Bristol_30min,Bristol_60min,Bristol_90min,Bristol_120min" }, "geometry": { "type": "Point", "coordinates": [ -2.734083753527389, 51.465899766355427 ] } },
{ "type": "Feature", "properties": { "name": "Priory Woods & Sandwell Valley Local Nature Reserve/ Black Country Geosite", "category": "nature_reserves", "area_m2": 2399356.6154177911, "category_cleaned": "nature_reserves", "iso_ids": [ "Manchester_120min", "Birmingham_30min", "Birmingham_60min", "Birmingham_90min", "Birmingham_120min" ], "iso_joined": "Manchester_120min,Birmingham_30min,Birmingham_60min,Birmingham_90min,Birmingham_120min" }, "geometry": { "type": "Point", "coordinates": [ -1.965557298337226, 52.523585639438224 ] } },
{ "type": "Feature", "properties": { "name": "Pugneys Country Park", "category": "parks", "area_m2": 2458084.9608671083, "category_cleaned": "parks", "iso_ids": [ "Manchester_120min", "Leeds_30min", "Leeds_60min", "Leeds_90min", "Leeds_120min", "Sheffield_60min", "Sheffield_90min", "Sheffield_120min" ], "iso_joined": "Manchester_120min,Leeds_30min,Leeds_60min,Leeds_90min,Leeds_120min,Sheffield_60min,Sheffield_90min,Sheffield_120min" }, "geometry": { "type": "Point", "coordinates": [ -1.50434567174907, 53.657565610426985 ] } },
{ "type": "Feature", "properties": { "name": "Pype Hayes Park", "category": "parks", "area_m2": 1115184.1635155752, "category_cleaned": "parks", "iso_ids": [ "Manchester_120min", "Birmingham_30min", "Birmingham_60min", "Birmingham_90min", "Birmingham_120min" ], "iso_joined": "Manchester_120min,Birmingham_30min,Birmingham_60min,Birmingham_90min,Birmingham_120min" }, "geometry": { "type": "Point", "coordinates": [ -1.808287181252882, 52.527704970727655 ] } },
{ "type": "Feature", "properties": { "name": "Queen Elizabeth Olympic Park", "category": "parks", "area_m2": 2546293.3253302034, "category_cleaned": "parks", "iso_ids": [ "London_30min", "London_60min", "London_90min", "London_120min" ], "iso_joined": "London_30min,London_60min,London_90min,London_120min" }, "geometry": { "type": "Point", "coordinates": [ -0.015465932178525, 51.544999313109422 ] } },
{ "type": "Feature", "properties": { "name": "Queen's Park", "category": "parks", "area_m2": 1453666.7496246477, "category_cleaned": "parks", "iso_ids": [ "Edinburgh_90min", "Edinburgh_120min", "Glasgow_30min", "Glasgow_60min", "Glasgow_90min", "Glasgow_120min" ], "iso_joined": "Edinburgh_90min,Edinburgh_120min,Glasgow_30min,Glasgow_60min,Glasgow_90min,Glasgow_120min" }, "geometry": { "type": "Point", "coordinates": [ -4.27043066135251, 55.831337813408247 ] } },
{ "type": "Feature", "properties": { "name": "RHS Garden Bridgewater", "category": "gardens", "area_m2": 1851629.1003111871, "category_cleaned": "gardens", "iso_ids": [ "Manchester_30min", "Manchester_60min", "Manchester_90min", "Manchester_120min", "Leeds_120min" ], "iso_joined": "Manchester_30min,Manchester_60min,Manchester_90min,Manchester_120min,Leeds_120min" }, "geometry": { "type": "Point", "coordinates": [ -2.395763148704574, 53.500024667440343 ] } },
{ "type": "Feature", "properties": { "name": "RSPB Adwick Washland", "category": "nature_reserves", "area_m2": 2010669.6123544259, "category_cleaned": "nature_reserves", "iso_ids": [ "Manchester_120min", "Leeds_120min", "Sheffield_60min", "Sheffield_90min", "Sheffield_120min" ], "iso_joined": "Manchester_120min,Leeds_120min,Sheffield_60min,Sheffield_90min,Sheffield_120min" }, "geometry": { "type": "Point", "coordinates": [ -1.295049772842084, 53.518081256025532 ] } },
{ "type": "Feature", "properties": { "name": "RSPB Fairburn Ings", "category": "nature_reserves", "area_m2": 9740921.1325985175, "category_cleaned": "nature_reserves", "iso_ids": [ "Manchester_120min", "Leeds_30min", "Leeds_60min", "Leeds_90min", "Leeds_120min", "Sheffield_90min", "Sheffield_120min" ], "iso_joined": "Manchester_120min,Leeds_30min,Leeds_60min,Leeds_90min,Leeds_120min,Sheffield_90min,Sheffield_120min" }, "geometry": { "type": "Point", "coordinates": [ -1.325507773698118, 53.740687971472006 ] } },
{ "type": "Feature", "properties": { "name": "RSPB Middleton Lakes", "category": "nature_reserves", "area_m2": 3115128.8258848432, "category_cleaned": "nature_reserves", "iso_ids": [ "Birmingham_30min", "Birmingham_60min", "Birmingham_90min", "Birmingham_120min", "Sheffield_120min" ], "iso_joined": "Birmingham_30min,Birmingham_60min,Birmingham_90min,Birmingham_120min,Sheffield_120min" }, "geometry": { "type": "Point", "coordinates": [ -1.704287567336842, 52.589703108413858 ] } },
{ "type": "Feature", "properties": { "name": "RSPB St. Aidan's", "category": "nature_reserves", "area_m2": 9560803.4033706672, "category_cleaned": "nature_reserves", "iso_ids": [ "Manchester_120min", "Leeds_30min", "Leeds_60min", "Leeds_90min", "Leeds_120min", "Sheffield_90min", "Sheffield_120min" ], "iso_joined": "Manchester_120min,Leeds_30min,Leeds_60min,Leeds_90min,Leeds_120min,Sheffield_90min,Sheffield_120min" }, "geometry": { "type": "Point", "coordinates": [ -1.407363545762784, 53.75085766546146 ] } },
{ "type": "Feature", "properties": { "name": "RSPB The Lodge nature reserve", "category": "nature_reserves", "area_m2": 3449824.4334656615, "category_cleaned": "nature_reserves", "iso_ids": [ "London_90min", "London_120min" ], "iso_joined": "London_90min,London_120min" }, "geometry": { "type": "Point", "coordinates": [ -0.263478928425399, 52.118729419981499 ] } },
{ "type": "Feature", "properties": { "name": "Radcliffe Ees", "category": "parks", "area_m2": 1167929.9664762309, "category_cleaned": "parks", "iso_ids": [ "Manchester_30min", "Manchester_60min", "Manchester_90min", "Manchester_120min", "Leeds_120min", "Sheffield_120min" ], "iso_joined": "Manchester_30min,Manchester_60min,Manchester_90min,Manchester_120min,Leeds_120min,Sheffield_120min" }, "geometry": { "type": "Point", "coordinates": [ -2.307843274076089, 53.560551814724363 ] } },
{ "type": "Feature", "properties": { "name": "Rainham Marshes", "category": "wetlands", "area_m2": 11464308.517207623, "category_cleaned": "wetlands", "iso_ids": [ "London_60min", "London_90min", "London_120min" ], "iso_joined": "London_60min,London_90min,London_120min" }, "geometry": { "type": "Point", "coordinates": [ 0.204930631604163, 51.500869119230813 ] } },
{ "type": "Feature", "properties": { "name": "Ranscombe Farm Nature Reserve", "category": "nature_reserves", "area_m2": 7145962.2396226181, "category_cleaned": "nature_reserves", "iso_ids": [ "London_90min", "London_120min" ], "iso_joined": "London_90min,London_120min" }, "geometry": { "type": "Point", "coordinates": [ 0.450299014470133, 51.384753333194155 ] } },
{ "type": "Feature", "properties": { "name": "Reddish Vale Country Park", "category": "protected_areas", "area_m2": 1623687.6315876415, "category_cleaned": "protected_areas", "iso_ids": [ "Manchester_30min", "Manchester_60min", "Manchester_90min", "Manchester_120min", "Birmingham_120min", "Leeds_120min", "Sheffield_90min", "Sheffield_120min" ], "iso_joined": "Manchester_30min,Manchester_60min,Manchester_90min,Manchester_120min,Birmingham_120min,Leeds_120min,Sheffield_90min,Sheffield_120min" }, "geometry": { "type": "Point", "coordinates": [ -2.137557029364302, 53.437128416890218 ] } },
{ "type": "Feature", "properties": { "name": "Renishaw Park", "category": "parks", "area_m2": 3508682.7810869976, "category_cleaned": "parks", "iso_ids": [ "Manchester_120min", "Sheffield_30min", "Sheffield_60min", "Sheffield_90min", "Sheffield_120min" ], "iso_joined": "Manchester_120min,Sheffield_30min,Sheffield_60min,Sheffield_90min,Sheffield_120min" }, "geometry": { "type": "Point", "coordinates": [ -1.345795064671832, 53.300391349092855 ] } },
{ "type": "Feature", "properties": { "name": "Richmond Park", "category": "parks", "area_m2": 22115916.869396348, "category_cleaned": "parks", "iso_ids": [ "London_60min", "London_90min", "London_120min" ], "iso_joined": "London_60min,London_90min,London_120min" }, "geometry": { "type": "Point", "coordinates": [ -0.276588050481532, 51.441855717528249 ] } },
{ "type": "Feature", "properties": { "name": "Rickmansworth Aquadrome Local Nature Reserve", "category": "parks", "area_m2": 1135211.5477907672, "category_cleaned": "parks", "iso_ids": [ "London_60min", "London_90min", "London_120min" ], "iso_joined": "London_60min,London_90min,London_120min" }, "geometry": { "type": "Point", "coordinates": [ -0.478041796000806, 51.634194843921854 ] } },
{ "type": "Feature", "properties": { "name": "Ridham Marshes", "category": "wetlands", "area_m2": 1018280.1051921757, "category_cleaned": "wetlands", "iso_ids": [ "London_120min" ], "iso_joined": "London_120min" }, "geometry": { "type": "Point", "coordinates": [ 0.749129146722185, 51.38440906610829 ] } },
{ "type": "Feature", "properties": { "name": "Ringhay Wood", "category": "wood", "area_m2": 1971210.6768589159, "category_cleaned": "wood", "iso_ids": [ "Leeds_30min", "Leeds_60min", "Leeds_90min", "Leeds_120min", "Sheffield_120min" ], "iso_joined": "Leeds_30min,Leeds_60min,Leeds_90min,Leeds_120min,Sheffield_120min" }, "geometry": { "type": "Point", "coordinates": [ -1.313477949472319, 53.80900937002599 ] } },
{ "type": "Feature", "properties": { "name": "Robroyston Park", "category": "parks", "area_m2": 1623386.1719620721, "category_cleaned": "parks", "iso_ids": [ "Edinburgh_90min", "Edinburgh_120min", "Glasgow_30min", "Glasgow_60min", "Glasgow_90min", "Glasgow_120min" ], "iso_joined": "Edinburgh_90min,Edinburgh_120min,Glasgow_30min,Glasgow_60min,Glasgow_90min,Glasgow_120min" }, "geometry": { "type": "Point", "coordinates": [ -4.196245825000129, 55.888219465938313 ] } },
{ "type": "Feature", "properties": { "name": "Robroyston Park Local Nature Reserve", "category": "nature_reserves", "area_m2": 1625216.7177466932, "category_cleaned": "nature_reserves", "iso_ids": [ "Edinburgh_90min", "Edinburgh_120min", "Glasgow_30min", "Glasgow_60min", "Glasgow_90min", "Glasgow_120min" ], "iso_joined": "Edinburgh_90min,Edinburgh_120min,Glasgow_30min,Glasgow_60min,Glasgow_90min,Glasgow_120min" }, "geometry": { "type": "Point", "coordinates": [ -4.196237299789849, 55.88821036874387 ] } },
{ "type": "Feature", "properties": { "name": "Roding Valley Park", "category": "parks", "area_m2": 1478627.6733221943, "category_cleaned": "parks", "iso_ids": [ "London_60min", "London_90min", "London_120min" ], "iso_joined": "London_60min,London_90min,London_120min" }, "geometry": { "type": "Point", "coordinates": [ 0.039504554970538, 51.586093797111147 ] } },
{ "type": "Feature", "properties": { "name": "Rother Valley Country Park", "category": "parks", "area_m2": 8457868.0238942131, "category_cleaned": "parks", "iso_ids": [ "Manchester_120min", "Leeds_120min", "Sheffield_30min", "Sheffield_60min", "Sheffield_90min", "Sheffield_120min" ], "iso_joined": "Manchester_120min,Leeds_120min,Sheffield_30min,Sheffield_60min,Sheffield_90min,Sheffield_120min" }, "geometry": { "type": "Point", "coordinates": [ -1.316220856185225, 53.337843353676334 ] } },
{ "type": "Feature", "properties": { "name": "Rothwell Country Park", "category": "parks", "area_m2": 1446255.1573797173, "category_cleaned": "parks", "iso_ids": [ "Manchester_120min", "Leeds_30min", "Leeds_60min", "Leeds_90min", "Leeds_120min", "Sheffield_90min", "Sheffield_120min" ], "iso_joined": "Manchester_120min,Leeds_30min,Leeds_60min,Leeds_90min,Leeds_120min,Sheffield_90min,Sheffield_120min" }, "geometry": { "type": "Point", "coordinates": [ -1.466591314229912, 53.762115846229172 ] } },
{ "type": "Feature", "properties": { "name": "Rough Wood Chase", "category": "protected_areas", "area_m2": 1756443.7381873666, "category_cleaned": "protected_areas", "iso_ids": [ "Birmingham_30min", "Birmingham_60min", "Birmingham_90min", "Birmingham_120min" ], "iso_joined": "Birmingham_30min,Birmingham_60min,Birmingham_90min,Birmingham_120min" }, "geometry": { "type": "Point", "coordinates": [ -2.024304200812789, 52.603328062411308 ] } },
{ "type": "Feature", "properties": { "name": "Rouken Glen Park", "category": "parks", "area_m2": 1936525.5259827352, "category_cleaned": "parks", "iso_ids": [ "Edinburgh_120min", "Glasgow_30min", "Glasgow_60min", "Glasgow_90min", "Glasgow_120min" ], "iso_joined": "Edinburgh_120min,Glasgow_30min,Glasgow_60min,Glasgow_90min,Glasgow_120min" }, "geometry": { "type": "Point", "coordinates": [ -4.316234933172259, 55.795238121407884 ] } },
{ "type": "Feature", "properties": { "name": "Roundhay Park", "category": "parks", "area_m2": 1740323.4653717505, "category_cleaned": "parks", "iso_ids": [ "Leeds_30min", "Leeds_60min", "Leeds_90min", "Leeds_120min" ], "iso_joined": "Leeds_30min,Leeds_60min,Leeds_90min,Leeds_120min" }, "geometry": { "type": "Point", "coordinates": [ -1.497132274388768, 53.839229836558481 ] } },
{ "type": "Feature", "properties": { "name": "Rowberrow Warren", "category": "wood", "area_m2": 4053297.2999897972, "category_cleaned": "wood", "iso_ids": [ "Bristol_30min", "Bristol_60min", "Bristol_90min", "Bristol_120min" ], "iso_joined": "Bristol_30min,Bristol_60min,Bristol_90min,Bristol_120min" }, "geometry": { "type": "Point", "coordinates": [ -2.774422705051178, 51.318104084288507 ] } },
{ "type": "Feature", "properties": { "name": "Royal Botanic Gardens, Kew", "category": "gardens", "area_m2": 3326967.6300166994, "category_cleaned": "gardens", "iso_ids": [ "London_60min", "London_90min", "London_120min" ], "iso_joined": "London_60min,London_90min,London_120min" }, "geometry": { "type": "Point", "coordinates": [ -0.296922954972827, 51.477489369867328 ] } },
{ "type": "Feature", "properties": { "name": "Royal Botanic Gardens, Kew", "category": "protected_areas", "area_m2": 3513142.2982998602, "category_cleaned": "protected_areas", "iso_ids": [ "London_60min", "London_90min", "London_120min" ], "iso_joined": "London_60min,London_90min,London_120min" }, "geometry": { "type": "Point", "coordinates": [ -0.296915596211934, 51.477603743989413 ] } },
{ "type": "Feature", "properties": { "name": "Rye Meads", "category": "protected_areas", "area_m2": 1610627.743740713, "category_cleaned": "protected_areas", "iso_ids": [ "London_60min", "London_90min", "London_120min" ], "iso_joined": "London_60min,London_90min,London_120min" }, "geometry": { "type": "Point", "coordinates": [ 0.009406838588331, 51.773776763555752 ] } },
{ "type": "Feature", "properties": { "name": "SRWT Blacka Moor", "category": "nature_reserves", "area_m2": 5225236.2381959558, "category_cleaned": "nature_reserves", "iso_ids": [ "Sheffield_30min", "Sheffield_60min", "Sheffield_90min", "Sheffield_120min" ], "iso_joined": "Sheffield_30min,Sheffield_60min,Sheffield_90min,Sheffield_120min" }, "geometry": { "type": "Point", "coordinates": [ -1.571210738562443, 53.319441132940916 ] } },
{ "type": "Feature", "properties": { "name": "Saltwells National Nature Reserve Black Country Geosite", "category": "nature_reserves", "area_m2": 2720216.234153267, "category_cleaned": "nature_reserves", "iso_ids": [ "Manchester_120min", "Birmingham_30min", "Birmingham_60min", "Birmingham_90min", "Birmingham_120min" ], "iso_joined": "Manchester_120min,Birmingham_30min,Birmingham_60min,Birmingham_90min,Birmingham_120min" }, "geometry": { "type": "Point", "coordinates": [ -2.097272612879282, 52.485450564488779 ] } },
{ "type": "Feature", "properties": { "name": "Sanderstead to Whyteleafe Countryside Area", "category": "nature_reserves", "area_m2": 2447603.2088905089, "category_cleaned": "nature_reserves", "iso_ids": [ "London_60min", "London_90min", "London_120min" ], "iso_joined": "London_60min,London_90min,London_120min" }, "geometry": { "type": "Point", "coordinates": [ -0.078241763034162, 51.319780420050016 ] } },
{ "type": "Feature", "properties": { "name": "Sandwell Valley Country Park", "category": "parks", "area_m2": 2218017.9309942368, "category_cleaned": "parks", "iso_ids": [ "Manchester_120min", "Birmingham_30min", "Birmingham_60min", "Birmingham_90min", "Birmingham_120min" ], "iso_joined": "Manchester_120min,Birmingham_30min,Birmingham_60min,Birmingham_90min,Birmingham_120min" }, "geometry": { "type": "Point", "coordinates": [ -1.959058912368277, 52.529271179274154 ] } },
{ "type": "Feature", "properties": { "name": "Sandwich & Pegwell Bay NNR", "category": "nature_reserves", "area_m2": 11426783.631567385, "category_cleaned": "nature_reserves", "iso_ids": [ "London_120min" ], "iso_joined": "London_120min" }, "geometry": { "type": "Point", "coordinates": [ 1.37249317388282, 51.316982525048957 ] } },
{ "type": "Feature", "properties": { "name": "Sankey Valley Park", "category": "parks", "area_m2": 2798200.7730173105, "category_cleaned": "parks", "iso_ids": [ "Manchester_60min", "Manchester_90min", "Manchester_120min", "Leeds_120min" ], "iso_joined": "Manchester_60min,Manchester_90min,Manchester_120min,Leeds_120min" }, "geometry": { "type": "Point", "coordinates": [ -2.653807864160063, 53.446536031363785 ] } },
{ "type": "Feature", "properties": { "name": "Saw Wood", "category": "forest_landuse", "area_m2": 1849955.5430326636, "category_cleaned": "forests", "iso_ids": [ "Leeds_30min", "Leeds_60min", "Leeds_90min", "Leeds_120min" ], "iso_joined": "Leeds_30min,Leeds_60min,Leeds_90min,Leeds_120min" }, "geometry": { "type": "Point", "coordinates": [ -1.414885972345608, 53.84817003398058 ] } },
{ "type": "Feature", "properties": { "name": "Scholes Coppice and Keppel's Field LNR", "category": "nature_reserves", "area_m2": 1417880.7634658976, "category_cleaned": "nature_reserves", "iso_ids": [ "Manchester_120min", "Leeds_120min", "Sheffield_30min", "Sheffield_60min", "Sheffield_90min", "Sheffield_120min" ], "iso_joined": "Manchester_120min,Leeds_120min,Sheffield_30min,Sheffield_60min,Sheffield_90min,Sheffield_120min" }, "geometry": { "type": "Point", "coordinates": [ -1.410125586690318, 53.450162104374087 ] } },
{ "type": "Feature", "properties": { "name": "Seckar Woods", "category": "forest_landuse", "area_m2": 1133966.9844087986, "category_cleaned": "forests", "iso_ids": [ "Leeds_30min", "Leeds_60min", "Leeds_90min", "Leeds_120min" ], "iso_joined": "Leeds_30min,Leeds_60min,Leeds_90min,Leeds_120min" }, "geometry": { "type": "Point", "coordinates": [ -1.507727660354971, 53.623954229232837 ] } },
{ "type": "Feature", "properties": { "name": "Senneleys Park", "category": "parks", "area_m2": 1041956.8060189168, "category_cleaned": "parks", "iso_ids": [ "Birmingham_30min", "Birmingham_60min", "Birmingham_90min", "Birmingham_120min" ], "iso_joined": "Birmingham_30min,Birmingham_60min,Birmingham_90min,Birmingham_120min" }, "geometry": { "type": "Point", "coordinates": [ -1.985477925420114, 52.437162445260363 ] } },
{ "type": "Feature", "properties": { "name": "Sevenoaks Wildlife Reserve", "category": "nature_reserves", "area_m2": 1820522.5828485601, "category_cleaned": "nature_reserves", "iso_ids": [ "London_60min", "London_90min", "London_120min" ], "iso_joined": "London_60min,London_90min,London_120min" }, "geometry": { "type": "Point", "coordinates": [ 0.181676903967628, 51.290981328402012 ] } },
{ "type": "Feature", "properties": { "name": "Sheepwash Park Local Nature Reserve", "category": "nature_reserves", "area_m2": 1087891.5853880348, "category_cleaned": "nature_reserves", "iso_ids": [ "Manchester_120min", "Birmingham_30min", "Birmingham_60min", "Birmingham_90min", "Birmingham_120min" ], "iso_joined": "Manchester_120min,Birmingham_30min,Birmingham_60min,Birmingham_90min,Birmingham_120min" }, "geometry": { "type": "Point", "coordinates": [ -2.036526936843984, 52.523289580722683 ] } },
{ "type": "Feature", "properties": { "name": "Sheepwash Park Local Nature Reserve", "category": "parks", "area_m2": 1087891.6361003974, "category_cleaned": "parks", "iso_ids": [ "Manchester_120min", "Birmingham_30min", "Birmingham_60min", "Birmingham_90min", "Birmingham_120min" ], "iso_joined": "Manchester_120min,Birmingham_30min,Birmingham_60min,Birmingham_90min,Birmingham_120min" }, "geometry": { "type": "Point", "coordinates": [ -2.036526937079706, 52.523289580671339 ] } },
{ "type": "Feature", "properties": { "name": "Sheldon Country Park", "category": "parks", "area_m2": 1929936.953389467, "category_cleaned": "parks", "iso_ids": [ "London_120min", "Birmingham_30min", "Birmingham_60min", "Birmingham_90min", "Birmingham_120min" ], "iso_joined": "London_120min,Birmingham_30min,Birmingham_60min,Birmingham_90min,Birmingham_120min" }, "geometry": { "type": "Point", "coordinates": [ -1.770184557067027, 52.461994417923428 ] } },
{ "type": "Feature", "properties": { "name": "Sherdley Park", "category": "parks", "area_m2": 1095808.0171764954, "category_cleaned": "parks", "iso_ids": [ "Manchester_60min", "Manchester_90min", "Manchester_120min" ], "iso_joined": "Manchester_60min,Manchester_90min,Manchester_120min" }, "geometry": { "type": "Point", "coordinates": [ -2.72941779233558, 53.431528731434263 ] } },
{ "type": "Feature", "properties": { "name": "Sherrardspark Wood", "category": "wood", "area_m2": 2267633.2902563149, "category_cleaned": "wood", "iso_ids": [ "London_60min", "London_90min", "London_120min" ], "iso_joined": "London_60min,London_90min,London_120min" }, "geometry": { "type": "Point", "coordinates": [ -0.216962443472981, 51.810512042553881 ] } },
{ "type": "Feature", "properties": { "name": "Shipley Glen", "category": "forest_landuse", "area_m2": 1322515.8659210177, "category_cleaned": "forests", "iso_ids": [ "Manchester_120min", "Leeds_60min", "Leeds_90min", "Leeds_120min", "Sheffield_120min" ], "iso_joined": "Manchester_120min,Leeds_60min,Leeds_90min,Leeds_120min,Sheffield_120min" }, "geometry": { "type": "Point", "coordinates": [ -1.799402210501888, 53.847687527095836 ] } },
{ "type": "Feature", "properties": { "name": "Shire Brook Valley", "category": "nature_reserves", "area_m2": 2410449.8011864545, "category_cleaned": "nature_reserves", "iso_ids": [ "Manchester_120min", "Leeds_90min", "Leeds_120min", "Sheffield_30min", "Sheffield_60min", "Sheffield_90min", "Sheffield_120min" ], "iso_joined": "Manchester_120min,Leeds_90min,Leeds_120min,Sheffield_30min,Sheffield_60min,Sheffield_90min,Sheffield_120min" }, "geometry": { "type": "Point", "coordinates": [ -1.379121158610732, 53.352484604163344 ] } },
{ "type": "Feature", "properties": { "name": "Shutterflat Moor", "category": "heaths", "area_m2": 2418168.6672265325, "category_cleaned": "heaths", "iso_ids": [ "Glasgow_30min", "Glasgow_60min", "Glasgow_90min", "Glasgow_120min" ], "iso_joined": "Glasgow_30min,Glasgow_60min,Glasgow_90min,Glasgow_120min" }, "geometry": { "type": "Point", "coordinates": [ -4.557235846455175, 55.762188586257622 ] } },
{ "type": "Feature", "properties": { "name": "Sirhowy Valley Country Park", "category": "parks", "area_m2": 8156780.1377823744, "category_cleaned": "parks", "iso_ids": [ "Bristol_90min", "Bristol_120min" ], "iso_joined": "Bristol_90min,Bristol_120min" }, "geometry": { "type": "Point", "coordinates": [ -3.163333309264995, 51.614546407514311 ] } },
{ "type": "Feature", "properties": { "name": "Six Acre Wood", "category": "wood", "area_m2": 1078783.9476635256, "category_cleaned": "wood", "iso_ids": [ "Edinburgh_90min", "Edinburgh_120min", "Glasgow_90min", "Glasgow_120min" ], "iso_joined": "Edinburgh_90min,Edinburgh_120min,Glasgow_90min,Glasgow_120min" }, "geometry": { "type": "Point", "coordinates": [ -3.973276853967389, 56.162824894289585 ] } },
{ "type": "Feature", "properties": { "name": "Skiff Wood", "category": "wood", "area_m2": 1301373.1213534668, "category_cleaned": "wood", "iso_ids": [ "Glasgow_30min", "Glasgow_60min", "Glasgow_90min", "Glasgow_120min" ], "iso_joined": "Glasgow_30min,Glasgow_60min,Glasgow_90min,Glasgow_120min" }, "geometry": { "type": "Point", "coordinates": [ -4.544131142789987, 55.804176475798528 ] } },
{ "type": "Feature", "properties": { "name": "Snarkhurst Wood", "category": "wood", "area_m2": 1025248.7094409277, "category_cleaned": "wood", "iso_ids": [ "London_90min", "London_120min" ], "iso_joined": "London_90min,London_120min" }, "geometry": { "type": "Point", "coordinates": [ 0.615661192786175, 51.270020009838674 ] } },
{ "type": "Feature", "properties": { "name": "South Annsmuir Wood", "category": "wood", "area_m2": 1319650.5714839443, "category_cleaned": "wood", "iso_ids": [ "Edinburgh_120min", "Glasgow_120min" ], "iso_joined": "Edinburgh_120min,Glasgow_120min" }, "geometry": { "type": "Point", "coordinates": [ -3.115671310836207, 56.283254807607818 ] } },
{ "type": "Feature", "properties": { "name": "South Beach", "category": "beaches", "area_m2": 1047664.8497754619, "category_cleaned": "beaches", "iso_ids": [ "Glasgow_90min", "Glasgow_120min" ], "iso_joined": "Glasgow_90min,Glasgow_120min" }, "geometry": { "type": "Point", "coordinates": [ -4.801861527639852, 55.637266856496467 ] } },
{ "type": "Feature", "properties": { "name": "South Downs National Park", "category": "protected_areas", "area_m2": 4156723047.6262798, "category_cleaned": "protected_areas", "iso_ids": [ ], "iso_joined": null }, "geometry": { "type": "Point", "coordinates": [ -0.666042153372875, 50.951165504589149 ] } },
{ "type": "Feature", "properties": { "name": "South Haugh", "category": "parks", "area_m2": 1173390.0552622934, "category_cleaned": "parks", "iso_ids": [ "Edinburgh_120min", "Glasgow_30min", "Glasgow_60min", "Glasgow_90min", "Glasgow_120min" ], "iso_joined": "Edinburgh_120min,Glasgow_30min,Glasgow_60min,Glasgow_90min,Glasgow_120min" }, "geometry": { "type": "Point", "coordinates": [ -4.021665725597383, 55.774482154971075 ] } },
{ "type": "Feature", "properties": { "name": "South Norwood Country Park", "category": "parks", "area_m2": 1404306.851637871, "category_cleaned": "parks", "iso_ids": [ "London_60min", "London_90min", "London_120min" ], "iso_joined": "London_60min,London_90min,London_120min" }, "geometry": { "type": "Point", "coordinates": [ -0.056943984012623, 51.396886178910513 ] } },
{ "type": "Feature", "properties": { "name": "South Park", "category": "parks", "area_m2": 1116975.0108412858, "category_cleaned": "parks", "iso_ids": [ "Leeds_90min", "Leeds_120min", "Sheffield_120min" ], "iso_joined": "Leeds_90min,Leeds_120min,Sheffield_120min" }, "geometry": { "type": "Point", "coordinates": [ -1.558953927257433, 54.514564389454144 ] } },
{ "type": "Feature", "properties": { "name": "Southend Beach", "category": "beaches", "area_m2": 1081908.8911572578, "category_cleaned": "beaches", "iso_ids": [ "London_120min" ], "iso_joined": "London_120min" }, "geometry": { "type": "Point", "coordinates": [ 0.741142146642571, 51.528707660103812 ] } },
{ "type": "Feature", "properties": { "name": "Southend Flat", "category": "wetlands", "area_m2": 22061601.937516484, "category_cleaned": "wetlands", "iso_ids": [ "London_120min" ], "iso_joined": "London_120min" }, "geometry": { "type": "Point", "coordinates": [ 0.741632136799332, 51.521185012085468 ] } },
{ "type": "Feature", "properties": { "name": "Springfield Park", "category": "parks", "area_m2": 1661495.8126935447, "category_cleaned": "parks", "iso_ids": [ "Manchester_30min", "Manchester_60min", "Manchester_90min", "Manchester_120min", "Leeds_90min", "Leeds_120min", "Sheffield_120min" ], "iso_joined": "Manchester_30min,Manchester_60min,Manchester_90min,Manchester_120min,Leeds_90min,Leeds_120min,Sheffield_120min" }, "geometry": { "type": "Point", "coordinates": [ -2.192815554053276, 53.60567704526165 ] } },
{ "type": "Feature", "properties": { "name": "St Pierre's Great Woods", "category": "wood", "area_m2": 2986455.5810744739, "category_cleaned": "wood", "iso_ids": [ "Bristol_30min", "Bristol_60min", "Bristol_90min", "Bristol_120min" ], "iso_joined": "Bristol_30min,Bristol_60min,Bristol_90min,Bristol_120min" }, "geometry": { "type": "Point", "coordinates": [ -2.722457742480151, 51.630001964980984 ] } },
{ "type": "Feature", "properties": { "name": "Stadt Moers Park: Tushingham", "category": "parks", "area_m2": 1004928.6009006916, "category_cleaned": "parks", "iso_ids": [ "Manchester_90min", "Manchester_120min" ], "iso_joined": "Manchester_90min,Manchester_120min" }, "geometry": { "type": "Point", "coordinates": [ -2.809317865215895, 53.409693716439222 ] } },
{ "type": "Feature", "properties": { "name": "Stainborough Park", "category": "parks", "area_m2": 5653635.3442931809, "category_cleaned": "parks", "iso_ids": [ "Manchester_120min", "Leeds_30min", "Leeds_60min", "Leeds_90min", "Leeds_120min", "Sheffield_30min", "Sheffield_60min", "Sheffield_90min", "Sheffield_120min" ], "iso_joined": "Manchester_120min,Leeds_30min,Leeds_60min,Leeds_90min,Leeds_120min,Sheffield_30min,Sheffield_60min,Sheffield_90min,Sheffield_120min" }, "geometry": { "type": "Point", "coordinates": [ -1.511479027122267, 53.52173137679187 ] } },
{ "type": "Feature", "properties": { "name": "Stanmer Park", "category": "parks", "area_m2": 1523537.6256483661, "category_cleaned": "parks", "iso_ids": [ "London_120min" ], "iso_joined": "London_120min" }, "geometry": { "type": "Point", "coordinates": [ -0.096650898892405, 50.866594872337949 ] } },
{ "type": "Feature", "properties": { "name": "Stanton Park", "category": "wood", "area_m2": 1494862.591562341, "category_cleaned": "wood", "iso_ids": [ "Bristol_30min", "Bristol_60min", "Bristol_90min", "Bristol_120min" ], "iso_joined": "Bristol_30min,Bristol_60min,Bristol_90min,Bristol_120min" }, "geometry": { "type": "Point", "coordinates": [ -2.152960437304952, 51.517029221534884 ] } },
{ "type": "Feature", "properties": { "name": "Stockwood Open Space", "category": "nature_reserves", "area_m2": 1809338.3930650712, "category_cleaned": "nature_reserves", "iso_ids": [ "Birmingham_120min", "Bristol_30min", "Bristol_60min", "Bristol_90min", "Bristol_120min" ], "iso_joined": "Birmingham_120min,Bristol_30min,Bristol_60min,Bristol_90min,Bristol_120min" }, "geometry": { "type": "Point", "coordinates": [ -2.539323334710337, 51.420367893345777 ] } },
{ "type": "Feature", "properties": { "name": "Stoke Park Estate", "category": "parks", "area_m2": 3496267.8373924382, "category_cleaned": "parks", "iso_ids": [ "Birmingham_90min", "Birmingham_120min", "Bristol_30min", "Bristol_60min", "Bristol_90min", "Bristol_120min" ], "iso_joined": "Birmingham_90min,Birmingham_120min,Bristol_30min,Bristol_60min,Bristol_90min,Bristol_120min" }, "geometry": { "type": "Point", "coordinates": [ -2.55482261576269, 51.489426980980859 ] } },
{ "type": "Feature", "properties": { "name": "Strathclyde Country Park", "category": "parks", "area_m2": 14216741.607050451, "category_cleaned": "parks", "iso_ids": [ "Edinburgh_120min", "Glasgow_30min", "Glasgow_60min", "Glasgow_90min", "Glasgow_120min" ], "iso_joined": "Edinburgh_120min,Glasgow_30min,Glasgow_60min,Glasgow_90min,Glasgow_120min" }, "geometry": { "type": "Point", "coordinates": [ -4.027883602617729, 55.797009321862681 ] } },
{ "type": "Feature", "properties": { "name": "Strawberry Lee Plantation", "category": "wood", "area_m2": 2023365.1296944085, "category_cleaned": "wood", "iso_ids": [ "Manchester_120min", "Leeds_120min", "Sheffield_30min", "Sheffield_60min", "Sheffield_90min", "Sheffield_120min" ], "iso_joined": "Manchester_120min,Leeds_120min,Sheffield_30min,Sheffield_60min,Sheffield_90min,Sheffield_120min" }, "geometry": { "type": "Point", "coordinates": [ -1.568981838648805, 53.323387778515333 ] } },
{ "type": "Feature", "properties": { "name": "Stretford Meadows", "category": "scrub", "area_m2": 1271097.9853625877, "category_cleaned": "scrub", "iso_ids": [ "Manchester_30min", "Manchester_60min", "Manchester_90min", "Manchester_120min", "Leeds_120min", "Sheffield_90min", "Sheffield_120min" ], "iso_joined": "Manchester_30min,Manchester_60min,Manchester_90min,Manchester_120min,Leeds_120min,Sheffield_90min,Sheffield_120min" }, "geometry": { "type": "Point", "coordinates": [ -2.325576097330611, 53.442020640091428 ] } },
{ "type": "Feature", "properties": { "name": "Surrey Hills National Landscape", "category": "protected_areas", "area_m2": 1074775703.5519905, "category_cleaned": "protected_areas", "iso_ids": [ ], "iso_joined": null }, "geometry": { "type": "Point", "coordinates": [ -0.499889455477134, 51.19370250737574 ] } },
{ "type": "Feature", "properties": { "name": "Sutton Park", "category": "parks", "area_m2": 24697867.309324801, "category_cleaned": "parks", "iso_ids": [ "Manchester_120min", "Birmingham_30min", "Birmingham_60min", "Birmingham_90min", "Birmingham_120min" ], "iso_joined": "Manchester_120min,Birmingham_30min,Birmingham_60min,Birmingham_90min,Birmingham_120min" }, "geometry": { "type": "Point", "coordinates": [ -1.856364632715345, 52.570919944941657 ] } },
{ "type": "Feature", "properties": { "name": "Sutton Park National Nature Reserve", "category": "nature_reserves", "area_m2": 24704713.60572717, "category_cleaned": "nature_reserves", "iso_ids": [ "Manchester_120min", "Birmingham_30min", "Birmingham_60min", "Birmingham_90min", "Birmingham_120min" ], "iso_joined": "Manchester_120min,Birmingham_30min,Birmingham_60min,Birmingham_90min,Birmingham_120min" }, "geometry": { "type": "Point", "coordinates": [ -1.856361585384806, 52.570915856116699 ] } },
{ "type": "Feature", "properties": { "name": "Swangrove", "category": "wood", "area_m2": 3734837.0853235573, "category_cleaned": "wood", "iso_ids": [ "Bristol_30min", "Bristol_60min", "Bristol_90min", "Bristol_120min" ], "iso_joined": "Bristol_30min,Bristol_60min,Bristol_90min,Bristol_120min" }, "geometry": { "type": "Point", "coordinates": [ -2.288035243255029, 51.574373838434255 ] } },
{ "type": "Feature", "properties": { "name": "Swinley Park", "category": "forest_landuse", "area_m2": 6845148.9015256325, "category_cleaned": "forests", "iso_ids": [ "London_90min", "London_120min" ], "iso_joined": "London_90min,London_120min" }, "geometry": { "type": "Point", "coordinates": [ -0.716679830686064, 51.396540033438257 ] } },
{ "type": "Feature", "properties": { "name": "Syon Park", "category": "gardens", "area_m2": 1947303.0137622165, "category_cleaned": "gardens", "iso_ids": [ "London_60min", "London_90min", "London_120min" ], "iso_joined": "London_60min,London_90min,London_120min" }, "geometry": { "type": "Point", "coordinates": [ -0.314018886089669, 51.476853509631091 ] } },
{ "type": "Feature", "properties": { "name": "Tatton Park", "category": "parks", "area_m2": 12721120.893009491, "category_cleaned": "parks", "iso_ids": [ "Manchester_60min", "Manchester_90min", "Manchester_120min", "Sheffield_120min" ], "iso_joined": "Manchester_60min,Manchester_90min,Manchester_120min,Sheffield_120min" }, "geometry": { "type": "Point", "coordinates": [ -2.376394432503881, 53.326509300465325 ] } },
{ "type": "Feature", "properties": { "name": "Temple Newsam Estate", "category": "parks", "area_m2": 13630338.991670655, "category_cleaned": "parks", "iso_ids": [ "Manchester_120min", "Leeds_30min", "Leeds_60min", "Leeds_90min", "Leeds_120min", "Sheffield_90min", "Sheffield_120min" ], "iso_joined": "Manchester_120min,Leeds_30min,Leeds_60min,Leeds_90min,Leeds_120min,Sheffield_90min,Sheffield_120min" }, "geometry": { "type": "Point", "coordinates": [ -1.455727779628051, 53.783816008112829 ] } },
{ "type": "Feature", "properties": { "name": "The Chase Local Nature Reserve", "category": "nature_reserves", "area_m2": 1335215.3979431351, "category_cleaned": "nature_reserves", "iso_ids": [ "London_60min", "London_90min", "London_120min" ], "iso_joined": "London_60min,London_90min,London_120min" }, "geometry": { "type": "Point", "coordinates": [ 0.184764269731215, 51.553109882548213 ] } },
{ "type": "Feature", "properties": { "name": "The Conygar", "category": "wood", "area_m2": 1339999.1739804526, "category_cleaned": "wood", "iso_ids": [ "Bristol_30min", "Bristol_60min", "Bristol_90min", "Bristol_120min" ], "iso_joined": "Bristol_30min,Bristol_60min,Bristol_90min,Bristol_120min" }, "geometry": { "type": "Point", "coordinates": [ -2.709316923339562, 51.411791367140552 ] } },
{ "type": "Feature", "properties": { "name": "The Cotswolds National Landscape", "category": "protected_areas", "area_m2": 5330705459.6766319, "category_cleaned": "protected_areas", "iso_ids": [ ], "iso_joined": null }, "geometry": { "type": "Point", "coordinates": [ -1.956929072529942, 51.790832857120215 ] } },
{ "type": "Feature", "properties": { "name": "The Deer Park", "category": "parks", "area_m2": 1036998.7834045526, "category_cleaned": "parks", "iso_ids": [ "Edinburgh_90min", "Edinburgh_120min", "Glasgow_120min" ], "iso_joined": "Edinburgh_90min,Edinburgh_120min,Glasgow_120min" }, "geometry": { "type": "Point", "coordinates": [ -2.497441948126895, 55.994664441809086 ] } },
{ "type": "Feature", "properties": { "name": "The Forest", "category": "wood", "area_m2": 2527966.0439282036, "category_cleaned": "wood", "iso_ids": [ "London_90min", "London_120min" ], "iso_joined": "London_90min,London_120min" }, "geometry": { "type": "Point", "coordinates": [ 0.759671434286054, 51.152527478491933 ] } },
{ "type": "Feature", "properties": { "name": "The Leasowes", "category": "parks", "area_m2": 1101468.2365242997, "category_cleaned": "parks", "iso_ids": [ "Manchester_120min", "Birmingham_30min", "Birmingham_60min", "Birmingham_90min", "Birmingham_120min" ], "iso_joined": "Manchester_120min,Birmingham_30min,Birmingham_60min,Birmingham_90min,Birmingham_120min" }, "geometry": { "type": "Point", "coordinates": [ -2.031976454090258, 52.453443286582932 ] } },
{ "type": "Feature", "properties": { "name": "The Leasowes Local Nature Reserve Black Country Geosite", "category": "nature_reserves", "area_m2": 1883380.5734173171, "category_cleaned": "nature_reserves", "iso_ids": [ "Manchester_120min", "Birmingham_30min", "Birmingham_60min", "Birmingham_90min", "Birmingham_120min" ], "iso_joined": "Manchester_120min,Birmingham_30min,Birmingham_60min,Birmingham_90min,Birmingham_120min" }, "geometry": { "type": "Point", "coordinates": [ -2.032092224946546, 52.454188511587411 ] } },
{ "type": "Feature", "properties": { "name": "The Old Park Wood", "category": "wood", "area_m2": 1294027.9723227306, "category_cleaned": "wood", "iso_ids": [ "Leeds_30min", "Leeds_60min", "Sheffield_30min", "Sheffield_60min", "Sheffield_90min", "Sheffield_120min" ], "iso_joined": "Leeds_30min,Leeds_60min,Sheffield_30min,Sheffield_60min,Sheffield_90min,Sheffield_120min" }, "geometry": { "type": "Point", "coordinates": [ -1.496098134733078, 53.509427099921005 ] } },
{ "type": "Feature", "properties": { "name": "The Park Conservation Area", "category": "protected_areas", "area_m2": 1592115.0807628394, "category_cleaned": "protected_areas", "iso_ids": [ "Birmingham_90min", "Birmingham_120min", "Sheffield_90min", "Sheffield_120min" ], "iso_joined": "Birmingham_90min,Birmingham_120min,Sheffield_90min,Sheffield_120min" }, "geometry": { "type": "Point", "coordinates": [ -1.162782953271651, 52.951310080361935 ] } },
{ "type": "Feature", "properties": { "name": "The Regent's Park", "category": "parks", "area_m2": 2983563.0981735112, "category_cleaned": "parks", "iso_ids": [ "London_30min", "London_60min", "London_90min", "London_120min" ], "iso_joined": "London_30min,London_60min,London_90min,London_120min" }, "geometry": { "type": "Point", "coordinates": [ -0.154131932498994, 51.529938882071733 ] } },
{ "type": "Feature", "properties": { "name": "The Rookery", "category": "wood", "area_m2": 1013208.0338313425, "category_cleaned": "wood", "iso_ids": [ "Manchester_90min", "Manchester_120min" ], "iso_joined": "Manchester_90min,Manchester_120min" }, "geometry": { "type": "Point", "coordinates": [ -2.706291648951899, 53.589655310651239 ] } },
{ "type": "Feature", "properties": { "name": "The Warren", "category": "forest_landuse", "area_m2": 2137468.2917496874, "category_cleaned": "forests", "iso_ids": [ "Bristol_90min", "Bristol_120min" ], "iso_joined": "Bristol_90min,Bristol_120min" }, "geometry": { "type": "Point", "coordinates": [ -3.206715723339811, 51.564170142237053 ] } },
{ "type": "Feature", "properties": { "name": "Therfield Heath", "category": "nature_reserves", "area_m2": 3833990.3272253806, "category_cleaned": "nature_reserves", "iso_ids": [ "London_60min", "London_90min", "London_120min" ], "iso_joined": "London_60min,London_90min,London_120min" }, "geometry": { "type": "Point", "coordinates": [ -0.05013976104981, 52.042817600131997 ] } },
{ "type": "Feature", "properties": { "name": "Thetford Forest", "category": "forest_landuse", "area_m2": 78060998.427072629, "category_cleaned": "forests", "iso_ids": [ ], "iso_joined": null }, "geometry": { "type": "Point", "coordinates": [ 0.68690013039856, 52.468305477846336 ] } },
{ "type": "Feature", "properties": { "name": "Thorncliffe Wood", "category": "wood", "area_m2": 1722144.1159471185, "category_cleaned": "wood", "iso_ids": [ "Manchester_120min", "Leeds_30min", "Leeds_60min", "Leeds_90min", "Leeds_120min", "Sheffield_30min", "Sheffield_60min", "Sheffield_90min", "Sheffield_120min" ], "iso_joined": "Manchester_120min,Leeds_30min,Leeds_60min,Leeds_90min,Leeds_120min,Sheffield_30min,Sheffield_60min,Sheffield_90min,Sheffield_120min" }, "geometry": { "type": "Point", "coordinates": [ -1.48083854205698, 53.479495389857213 ] } },
{ "type": "Feature", "properties": { "name": "Thornes Park", "category": "parks", "area_m2": 1756761.302300534, "category_cleaned": "parks", "iso_ids": [ "Manchester_120min", "Leeds_30min", "Leeds_60min", "Leeds_90min", "Leeds_120min", "Sheffield_60min", "Sheffield_90min", "Sheffield_120min" ], "iso_joined": "Manchester_120min,Leeds_30min,Leeds_60min,Leeds_90min,Leeds_120min,Sheffield_60min,Sheffield_90min,Sheffield_120min" }, "geometry": { "type": "Point", "coordinates": [ -1.510470995595443, 53.673252772210461 ] } },
{ "type": "Feature", "properties": { "name": "Thorpe Meadows", "category": "parks", "area_m2": 2685204.8308004723, "category_cleaned": "parks", "iso_ids": [ "London_90min", "London_120min", "Leeds_120min", "Sheffield_120min" ], "iso_joined": "London_90min,London_120min,Leeds_120min,Sheffield_120min" }, "geometry": { "type": "Point", "coordinates": [ -0.269169204492015, 52.566973009495314 ] } },
{ "type": "Feature", "properties": { "name": "Three Brooks Nature Reserve", "category": "nature_reserves", "area_m2": 1199149.2769177281, "category_cleaned": "nature_reserves", "iso_ids": [ "Birmingham_90min", "Birmingham_120min", "Bristol_30min", "Bristol_60min", "Bristol_90min", "Bristol_120min" ], "iso_joined": "Birmingham_90min,Birmingham_120min,Bristol_30min,Bristol_60min,Bristol_90min,Bristol_120min" }, "geometry": { "type": "Point", "coordinates": [ -2.542924598337133, 51.534447091462482 ] } },
{ "type": "Feature", "properties": { "name": "Tollcross Park", "category": "parks", "area_m2": 1158998.9836504462, "category_cleaned": "parks", "iso_ids": [ "Edinburgh_90min", "Edinburgh_120min", "Glasgow_30min", "Glasgow_60min", "Glasgow_90min", "Glasgow_120min" ], "iso_joined": "Edinburgh_90min,Edinburgh_120min,Glasgow_30min,Glasgow_60min,Glasgow_90min,Glasgow_120min" }, "geometry": { "type": "Point", "coordinates": [ -4.180206027012936, 55.847786888763117 ] } },
{ "type": "Feature", "properties": { "name": "Tooting Bec Common", "category": "parks", "area_m2": 2175541.1952303844, "category_cleaned": "parks", "iso_ids": [ "London_30min", "London_60min", "London_90min", "London_120min" ], "iso_joined": "London_30min,London_60min,London_90min,London_120min" }, "geometry": { "type": "Point", "coordinates": [ -0.143663033818565, 51.433877623076633 ] } },
{ "type": "Feature", "properties": { "name": "Tottenham Marshes", "category": "parks", "area_m2": 1160500.3385084323, "category_cleaned": "parks", "iso_ids": [ "London_30min", "London_60min", "London_90min", "London_120min" ], "iso_joined": "London_30min,London_60min,London_90min,London_120min" }, "geometry": { "type": "Point", "coordinates": [ -0.048373947227487, 51.599467880082983 ] } },
{ "type": "Feature", "properties": { "name": "Town Park", "category": "parks", "area_m2": 1563764.9370397571, "category_cleaned": "parks", "iso_ids": [ "Manchester_90min", "Manchester_120min" ], "iso_joined": "Manchester_90min,Manchester_120min" }, "geometry": { "type": "Point", "coordinates": [ -2.68108448127176, 53.327954579939245 ] } },
{ "type": "Feature", "properties": { "name": "Trent Park", "category": "parks", "area_m2": 5180578.6671824884, "category_cleaned": "parks", "iso_ids": [ "London_30min", "London_60min", "London_90min", "London_120min" ], "iso_joined": "London_30min,London_60min,London_90min,London_120min" }, "geometry": { "type": "Point", "coordinates": [ -0.139102418128205, 51.659290186190532 ] } },
{ "type": "Feature", "properties": { "name": "Tyntesfield", "category": "parks", "area_m2": 5581110.7084157756, "category_cleaned": "parks", "iso_ids": [ "Bristol_30min", "Bristol_60min", "Bristol_90min", "Bristol_120min" ], "iso_joined": "Bristol_30min,Bristol_60min,Bristol_90min,Bristol_120min" }, "geometry": { "type": "Point", "coordinates": [ -2.707755063770784, 51.437342240721563 ] } },
{ "type": "Feature", "properties": { "name": "Tyntesfield Plantation", "category": "wood", "area_m2": 2007755.4239704688, "category_cleaned": "wood", "iso_ids": [ "Bristol_30min", "Bristol_60min", "Bristol_90min", "Bristol_120min" ], "iso_joined": "Bristol_30min,Bristol_60min,Bristol_90min,Bristol_120min" }, "geometry": { "type": "Point", "coordinates": [ -2.702532450886432, 51.437237419918183 ] } },
{ "type": "Feature", "properties": { "name": "University of Nottingham", "category": "parks", "area_m2": 3233563.6873062323, "category_cleaned": "parks", "iso_ids": [ "Birmingham_120min", "Sheffield_90min", "Sheffield_120min" ], "iso_joined": "Birmingham_120min,Sheffield_90min,Sheffield_120min" }, "geometry": { "type": "Point", "coordinates": [ -1.198781117861339, 52.939416358241317 ] } },
{ "type": "Feature", "properties": { "name": "Uplawmoor Wood", "category": "wood", "area_m2": 1140600.9776435266, "category_cleaned": "wood", "iso_ids": [ "Glasgow_30min", "Glasgow_60min", "Glasgow_90min", "Glasgow_120min" ], "iso_joined": "Glasgow_30min,Glasgow_60min,Glasgow_90min,Glasgow_120min" }, "geometry": { "type": "Point", "coordinates": [ -4.487941397871354, 55.770075385591056 ] } },
{ "type": "Feature", "properties": { "name": "Upper Dearne Woodlands", "category": "wood", "area_m2": 1242862.1929398482, "category_cleaned": "wood", "iso_ids": [ "Manchester_120min", "Leeds_120min", "Sheffield_120min" ], "iso_joined": "Manchester_120min,Leeds_120min,Sheffield_120min" }, "geometry": { "type": "Point", "coordinates": [ -1.675459792726884, 53.569734492908303 ] } },
{ "type": "Feature", "properties": { "name": "Valentines Park", "category": "parks", "area_m2": 1326621.9783473539, "category_cleaned": "parks", "iso_ids": [ "London_60min", "London_90min", "London_120min" ], "iso_joined": "London_60min,London_90min,London_120min" }, "geometry": { "type": "Point", "coordinates": [ 0.070271439931918, 51.569439909296399 ] } },
{ "type": "Feature", "properties": { "name": "Verulamium Park", "category": "parks", "area_m2": 1586426.0371678437, "category_cleaned": "parks", "iso_ids": [ "London_60min", "London_90min", "London_120min" ], "iso_joined": "London_60min,London_90min,London_120min" }, "geometry": { "type": "Point", "coordinates": [ -0.353351679928065, 51.749111415143979 ] } },
{ "type": "Feature", "properties": { "name": "Victoria Park", "category": "parks", "area_m2": 2240897.0159540409, "category_cleaned": "parks", "iso_ids": [ "London_30min", "London_60min", "London_90min", "London_120min" ], "iso_joined": "London_30min,London_60min,London_90min,London_120min" }, "geometry": { "type": "Point", "coordinates": [ -0.037931240582976, 51.537939848628625 ] } },
{ "type": "Feature", "properties": { "name": "Walthamstow Wetlands", "category": "nature_reserves", "area_m2": 5223401.9407985527, "category_cleaned": "nature_reserves", "iso_ids": [ "London_30min", "London_60min", "London_90min", "London_120min" ], "iso_joined": "London_30min,London_60min,London_90min,London_120min" }, "geometry": { "type": "Point", "coordinates": [ -0.050604477764999, 51.585510549317171 ] } },
{ "type": "Feature", "properties": { "name": "Wandsworth Common", "category": "parks", "area_m2": 1871081.9417309223, "category_cleaned": "parks", "iso_ids": [ "London_30min", "London_60min", "London_90min", "London_120min" ], "iso_joined": "London_30min,London_60min,London_90min,London_120min" }, "geometry": { "type": "Point", "coordinates": [ -0.17062831193471, 51.450838298055849 ] } },
{ "type": "Feature", "properties": { "name": "Wanstead Flats", "category": "parks", "area_m2": 1109574.4893499352, "category_cleaned": "parks", "iso_ids": [ "London_30min", "London_60min", "London_90min", "London_120min" ], "iso_joined": "London_30min,London_60min,London_90min,London_120min" }, "geometry": { "type": "Point", "coordinates": [ 0.018522658436105, 51.564298147422384 ] } },
{ "type": "Feature", "properties": { "name": "Wanstead Park", "category": "parks", "area_m2": 2182753.5044533429, "category_cleaned": "parks", "iso_ids": [ "London_60min", "London_90min", "London_120min" ], "iso_joined": "London_60min,London_90min,London_120min" }, "geometry": { "type": "Point", "coordinates": [ 0.042222685113924, 51.567697047202898 ] } },
{ "type": "Feature", "properties": { "name": "War Memorial Park", "category": "parks", "area_m2": 1337852.8064221533, "category_cleaned": "parks", "iso_ids": [ "London_120min", "Manchester_120min", "Birmingham_60min", "Birmingham_90min", "Birmingham_120min" ], "iso_joined": "London_120min,Manchester_120min,Birmingham_60min,Birmingham_90min,Birmingham_120min" }, "geometry": { "type": "Point", "coordinates": [ -1.522759133099968, 52.391862432611411 ] } },
{ "type": "Feature", "properties": { "name": "Warren Wood", "category": "wood", "area_m2": 1239187.2163742983, "category_cleaned": "wood", "iso_ids": [ "London_90min", "London_120min" ], "iso_joined": "London_90min,London_120min" }, "geometry": { "type": "Point", "coordinates": [ 0.640315832182413, 51.255249512645804 ] } },
{ "type": "Feature", "properties": { "name": "Wat Tyler Country Park", "category": "parks", "area_m2": 1292999.7186869245, "category_cleaned": "parks", "iso_ids": [ "London_90min", "London_120min" ], "iso_joined": "London_90min,London_120min" }, "geometry": { "type": "Point", "coordinates": [ 0.50289600262198, 51.548868123870001 ] } },
{ "type": "Feature", "properties": { "name": "Waterdale", "category": "parks", "area_m2": 1149539.8849357155, "category_cleaned": "parks", "iso_ids": [ "Manchester_30min", "Manchester_60min", "Manchester_90min", "Manchester_120min", "Leeds_120min", "Sheffield_120min" ], "iso_joined": "Manchester_30min,Manchester_60min,Manchester_90min,Manchester_120min,Leeds_120min,Sheffield_120min" }, "geometry": { "type": "Point", "coordinates": [ -2.310172143783364, 53.528516293927673 ] } },
{ "type": "Feature", "properties": { "name": "Waverley Lakes", "category": "parks", "area_m2": 2372063.8028601324, "category_cleaned": "parks", "iso_ids": [ "Manchester_120min", "Leeds_120min", "Sheffield_30min", "Sheffield_60min", "Sheffield_90min", "Sheffield_120min" ], "iso_joined": "Manchester_120min,Leeds_120min,Sheffield_30min,Sheffield_60min,Sheffield_90min,Sheffield_120min" }, "geometry": { "type": "Point", "coordinates": [ -1.360885925035661, 53.375160942290265 ] } },
{ "type": "Feature", "properties": { "name": "Wavertree Playground", "category": "parks", "area_m2": 1167410.9173866122, "category_cleaned": "parks", "iso_ids": [ "Manchester_90min", "Manchester_120min" ], "iso_joined": "Manchester_90min,Manchester_120min" }, "geometry": { "type": "Point", "coordinates": [ -2.922429592442103, 53.394738830607515 ] } },
{ "type": "Feature", "properties": { "name": "Wentworth Park", "category": "parks", "area_m2": 2915515.1732808584, "category_cleaned": "parks", "iso_ids": [ "Sheffield_30min", "Sheffield_60min", "Sheffield_90min", "Sheffield_120min" ], "iso_joined": "Sheffield_30min,Sheffield_60min,Sheffield_90min,Sheffield_120min" }, "geometry": { "type": "Point", "coordinates": [ -1.397511173520386, 53.472611887737372 ] } },
{ "type": "Feature", "properties": { "name": "West Park", "category": "parks", "area_m2": 1309260.4133074181, "category_cleaned": "parks", "iso_ids": [ "Birmingham_120min", "Leeds_120min", "Sheffield_120min" ], "iso_joined": "Birmingham_120min,Leeds_120min,Sheffield_120min" }, "geometry": { "type": "Point", "coordinates": [ -1.283888083577498, 52.895558877588051 ] } },
{ "type": "Feature", "properties": { "name": "Weston Big Wood", "category": "nature_reserves", "area_m2": 1250873.3644827402, "category_cleaned": "nature_reserves", "iso_ids": [ "Bristol_30min", "Bristol_60min", "Bristol_90min", "Bristol_120min" ], "iso_joined": "Bristol_30min,Bristol_60min,Bristol_90min,Bristol_120min" }, "geometry": { "type": "Point", "coordinates": [ -2.784469989878708, 51.471556145203806 ] } },
{ "type": "Feature", "properties": { "name": "Wharncliffe Woods", "category": "wood", "area_m2": 15575497.975591267, "category_cleaned": "wood", "iso_ids": [ "Sheffield_30min", "Sheffield_60min", "Sheffield_90min", "Sheffield_120min" ], "iso_joined": "Sheffield_30min,Sheffield_60min,Sheffield_90min,Sheffield_120min" }, "geometry": { "type": "Point", "coordinates": [ -1.5415949459497, 53.458308327594693 ] } },
{ "type": "Feature", "properties": { "name": "Whirlow Brook", "category": "wood", "area_m2": 1288679.5383839996, "category_cleaned": "wood", "iso_ids": [ "Manchester_90min", "Manchester_120min", "Leeds_90min", "Leeds_120min", "Sheffield_30min", "Sheffield_60min", "Sheffield_90min", "Sheffield_120min" ], "iso_joined": "Manchester_90min,Manchester_120min,Leeds_90min,Leeds_120min,Sheffield_30min,Sheffield_60min,Sheffield_90min,Sheffield_120min" }, "geometry": { "type": "Point", "coordinates": [ -1.54357654187864, 53.344174929835404 ] } },
{ "type": "Feature", "properties": { "name": "Whitacre Heath", "category": "nature_reserves", "area_m2": 1006588.845035778, "category_cleaned": "nature_reserves", "iso_ids": [ "Birmingham_30min", "Birmingham_60min", "Birmingham_90min", "Birmingham_120min" ], "iso_joined": "Birmingham_30min,Birmingham_60min,Birmingham_90min,Birmingham_120min" }, "geometry": { "type": "Point", "coordinates": [ -1.694317371899987, 52.532391036468603 ] } },
{ "type": "Feature", "properties": { "name": "Whitelee Forest", "category": "forest_landuse", "area_m2": 23862656.28481067, "category_cleaned": "forests", "iso_ids": [ "Glasgow_30min", "Glasgow_60min", "Glasgow_90min", "Glasgow_120min" ], "iso_joined": "Glasgow_30min,Glasgow_60min,Glasgow_90min,Glasgow_120min" }, "geometry": { "type": "Point", "coordinates": [ -4.324075083654588, 55.661657565786577 ] } },
{ "type": "Feature", "properties": { "name": "Whitmoor Common", "category": "nature_reserves", "area_m2": 6246823.221342572, "category_cleaned": "nature_reserves", "iso_ids": [ "London_90min", "London_120min" ], "iso_joined": "London_90min,London_120min" }, "geometry": { "type": "Point", "coordinates": [ -0.586763250052276, 51.275398313567344 ] } },
{ "type": "Feature", "properties": { "name": "Whitmore Bog", "category": "forest_landuse", "area_m2": 1149872.0117972468, "category_cleaned": "forests", "iso_ids": [ "London_90min", "London_120min" ], "iso_joined": "London_90min,London_120min" }, "geometry": { "type": "Point", "coordinates": [ -0.713910015967467, 51.408814884455943 ] } },
{ "type": "Feature", "properties": { "name": "Wilderness Plantation", "category": "wood", "area_m2": 1564307.802163129, "category_cleaned": "wood", "iso_ids": [ "Edinburgh_90min", "Edinburgh_120min", "Glasgow_30min", "Glasgow_60min", "Glasgow_90min", "Glasgow_120min" ], "iso_joined": "Edinburgh_90min,Edinburgh_120min,Glasgow_30min,Glasgow_60min,Glasgow_90min,Glasgow_120min" }, "geometry": { "type": "Point", "coordinates": [ -4.245906340611353, 55.918881993084653 ] } },
{ "type": "Feature", "properties": { "name": "Windsor Great Park", "category": "protected_areas", "area_m2": 66005538.316867732, "category_cleaned": "protected_areas", "iso_ids": [ ], "iso_joined": null }, "geometry": { "type": "Point", "coordinates": [ -0.624356889363159, 51.439697197889451 ] } },
{ "type": "Feature", "properties": { "name": "Winnall Moors", "category": "nature_reserves", "area_m2": 1613789.2317850157, "category_cleaned": "nature_reserves", "iso_ids": [ "London_120min" ], "iso_joined": "London_120min" }, "geometry": { "type": "Point", "coordinates": [ -1.302417672965154, 51.074369877118677 ] } },
{ "type": "Feature", "properties": { "name": "Witton Country Park", "category": "parks", "area_m2": 4662969.1320025781, "category_cleaned": "parks", "iso_ids": [ "Manchester_90min", "Manchester_120min" ], "iso_joined": "Manchester_90min,Manchester_120min" }, "geometry": { "type": "Point", "coordinates": [ -2.519710837031368, 53.743809369842445 ] } },
{ "type": "Feature", "properties": { "name": "Wivenhoe Park", "category": "parks", "area_m2": 2838339.808699864, "category_cleaned": "parks", "iso_ids": [ "London_90min", "London_120min" ], "iso_joined": "London_90min,London_120min" }, "geometry": { "type": "Point", "coordinates": [ 0.945746204428168, 51.877352838780823 ] } },
{ "type": "Feature", "properties": { "name": "Wombwell Wood", "category": "forest_landuse", "area_m2": 1739890.0827742743, "category_cleaned": "forests", "iso_ids": [ "Manchester_120min", "Leeds_90min", "Leeds_120min", "Sheffield_30min", "Sheffield_60min", "Sheffield_90min", "Sheffield_120min" ], "iso_joined": "Manchester_120min,Leeds_90min,Leeds_120min,Sheffield_30min,Sheffield_60min,Sheffield_90min,Sheffield_120min" }, "geometry": { "type": "Point", "coordinates": [ -1.427997182359201, 53.517654268906135 ] } },
{ "type": "Feature", "properties": { "name": "Woodbank Memorial Park", "category": "parks", "area_m2": 1588674.1384049563, "category_cleaned": "parks", "iso_ids": [ "Manchester_30min", "Manchester_60min", "Manchester_90min", "Manchester_120min", "Birmingham_120min", "Leeds_120min", "Sheffield_60min", "Sheffield_90min", "Sheffield_120min" ], "iso_joined": "Manchester_30min,Manchester_60min,Manchester_90min,Manchester_120min,Birmingham_120min,Leeds_120min,Sheffield_60min,Sheffield_90min,Sheffield_120min" }, "geometry": { "type": "Point", "coordinates": [ -2.13165746752715, 53.410159590251773 ] } },
{ "type": "Feature", "properties": { "name": "Woodgate Valley Country Park", "category": "parks", "area_m2": 4004399.8964305148, "category_cleaned": "parks", "iso_ids": [ "Birmingham_30min", "Birmingham_60min", "Birmingham_90min", "Birmingham_120min" ], "iso_joined": "Birmingham_30min,Birmingham_60min,Birmingham_90min,Birmingham_120min" }, "geometry": { "type": "Point", "coordinates": [ -1.996456062097923, 52.447998683910193 ] } },
{ "type": "Feature", "properties": { "name": "Woolley Wood LNR", "category": "protected_areas", "area_m2": 1007689.847846942, "category_cleaned": "protected_areas", "iso_ids": [ "Manchester_90min", "Manchester_120min", "Birmingham_120min", "Leeds_90min", "Leeds_120min", "Sheffield_30min", "Sheffield_60min", "Sheffield_90min", "Sheffield_120min" ], "iso_joined": "Manchester_90min,Manchester_120min,Birmingham_120min,Leeds_90min,Leeds_120min,Sheffield_30min,Sheffield_60min,Sheffield_90min,Sheffield_120min" }, "geometry": { "type": "Point", "coordinates": [ -1.428426950295593, 53.429683313224565 ] } },
{ "type": "Feature", "properties": { "name": "Woolston Eyes Nature Reserve No. 1 Bed", "category": "nature_reserves", "area_m2": 2217785.2898236532, "category_cleaned": "nature_reserves", "iso_ids": [ "Manchester_30min", "Manchester_60min", "Manchester_90min", "Manchester_120min", "Sheffield_120min" ], "iso_joined": "Manchester_30min,Manchester_60min,Manchester_90min,Manchester_120min,Sheffield_120min" }, "geometry": { "type": "Point", "coordinates": [ -2.495668938531179, 53.395113035214138 ] } },
{ "type": "Feature", "properties": { "name": "Woolston Eyes Nature Reserve No. 2 Bed", "category": "nature_reserves", "area_m2": 1970908.88738242, "category_cleaned": "nature_reserves", "iso_ids": [ "Manchester_30min", "Manchester_60min", "Manchester_90min", "Manchester_120min", "Sheffield_120min" ], "iso_joined": "Manchester_30min,Manchester_60min,Manchester_90min,Manchester_120min,Sheffield_120min" }, "geometry": { "type": "Point", "coordinates": [ -2.515528447877746, 53.391557390644124 ] } },
{ "type": "Feature", "properties": { "name": "Wormwood Scrubs", "category": "parks", "area_m2": 1747658.0679476862, "category_cleaned": "parks", "iso_ids": [ "London_30min", "London_60min", "London_90min", "London_120min" ], "iso_joined": "London_30min,London_60min,London_90min,London_120min" }, "geometry": { "type": "Point", "coordinates": [ -0.239937300162683, 51.521473636360234 ] } },
{ "type": "Feature", "properties": { "name": "Worsbrough Country Park", "category": "parks", "area_m2": 1810469.679962408, "category_cleaned": "parks", "iso_ids": [ "Manchester_120min", "Leeds_30min", "Leeds_60min", "Leeds_90min", "Leeds_120min", "Sheffield_30min", "Sheffield_60min", "Sheffield_90min", "Sheffield_120min" ], "iso_joined": "Manchester_120min,Leeds_30min,Leeds_60min,Leeds_90min,Leeds_120min,Sheffield_30min,Sheffield_60min,Sheffield_90min,Sheffield_120min" }, "geometry": { "type": "Point", "coordinates": [ -1.475823805940808, 53.525489786928645 ] } },
{ "type": "Feature", "properties": { "name": "Wrenthorpe Park & Alverthorpe Meadows", "category": "parks", "area_m2": 1264735.7579820154, "category_cleaned": "parks", "iso_ids": [ "Manchester_120min", "Leeds_30min", "Leeds_60min", "Leeds_90min", "Leeds_120min", "Sheffield_60min", "Sheffield_90min", "Sheffield_120min" ], "iso_joined": "Manchester_120min,Leeds_30min,Leeds_60min,Leeds_90min,Leeds_120min,Sheffield_60min,Sheffield_90min,Sheffield_120min" }, "geometry": { "type": "Point", "coordinates": [ -1.52082763349223, 53.692452736390379 ] } },
{ "type": "Feature", "properties": { "name": "Wye Valley National Landscape", "category": "protected_areas", "area_m2": 856449307.57894719, "category_cleaned": "protected_areas", "iso_ids": [ ], "iso_joined": null }, "geometry": { "type": "Point", "coordinates": [ -2.655706793402515, 51.833332739928359 ] } },
{ "type": "Feature", "properties": { "name": "Wyndcliff Wood", "category": "wood", "area_m2": 2278290.3921009498, "category_cleaned": "wood", "iso_ids": [ "Bristol_30min", "Bristol_60min", "Bristol_90min", "Bristol_120min" ], "iso_joined": "Bristol_30min,Bristol_60min,Bristol_90min,Bristol_120min" }, "geometry": { "type": "Point", "coordinates": [ -2.680632152165388, 51.679151355371886 ] } },
{ "type": "Feature", "properties": { "name": "Wythenshawe Park", "category": "parks", "area_m2": 3011459.3293306548, "category_cleaned": "parks", "iso_ids": [ "Manchester_30min", "Manchester_60min", "Manchester_90min", "Manchester_120min", "Leeds_120min", "Sheffield_120min" ], "iso_joined": "Manchester_30min,Manchester_60min,Manchester_90min,Manchester_120min,Leeds_120min,Sheffield_120min" }, "geometry": { "type": "Point", "coordinates": [ -2.279734223888869, 53.40419587727591 ] } },
{ "type": "Feature", "properties": { "name": "YWT Stirley", "category": "nature_reserves", "area_m2": 2562048.29414684, "category_cleaned": "nature_reserves", "iso_ids": [ "Manchester_90min", "Manchester_120min", "Leeds_30min", "Leeds_60min", "Leeds_90min", "Leeds_120min", "Sheffield_120min" ], "iso_joined": "Manchester_90min,Manchester_120min,Leeds_30min,Leeds_60min,Leeds_90min,Leeds_120min,Sheffield_120min" }, "geometry": { "type": "Point", "coordinates": [ -1.779959078693717, 53.622667327195295 ] } },
{ "type": "Feature", "properties": { "name": "Yarrow Valley Country Park", "category": "parks", "area_m2": 2330893.3659894494, "category_cleaned": "parks", "iso_ids": [ "Manchester_60min", "Manchester_90min", "Manchester_120min" ], "iso_joined": "Manchester_60min,Manchester_90min,Manchester_120min" }, "geometry": { "type": "Point", "coordinates": [ -2.657154543810617, 53.647658621308693 ] } },
{ "type": "Feature", "properties": { "name": "Yate Common", "category": "parks", "area_m2": 1295578.9987798601, "category_cleaned": "parks", "iso_ids": [ "Birmingham_120min", "Bristol_30min", "Bristol_60min", "Bristol_90min", "Bristol_120min" ], "iso_joined": "Birmingham_120min,Bristol_30min,Bristol_60min,Bristol_90min,Bristol_120min" }, "geometry": { "type": "Point", "coordinates": [ -2.431315566527302, 51.53532633441592 ] } },
{ "type": "Feature", "properties": { "name": "Yorkshire Dales National Park", "category": "protected_areas", "area_m2": 6398027506.0346746, "category_cleaned": "protected_areas", "iso_ids": [ ], "iso_joined": null }, "geometry": { "type": "Point", "coordinates": [ -2.221592125505857, 54.260712590477247 ] } },
{ "type": "Feature", "properties": { "name": "Yorkshire Sculpture Park", "category": "nature_reserves", "area_m2": 1077100.9048576297, "category_cleaned": "nature_reserves", "iso_ids": [ "Leeds_30min", "Leeds_60min", "Leeds_90min", "Leeds_120min", "Sheffield_60min" ], "iso_joined": "Leeds_30min,Leeds_60min,Leeds_90min,Leeds_120min,Sheffield_60min" }, "geometry": { "type": "Point", "coordinates": [ -1.564423013818742, 53.611283688231921 ] } }
]
}
